# Stylized modular ninja / fan-made Naruto-inspired blockout
mtllib NarutoPalette.mtl
o Pants_000
usemtl Orange
v -0.175000 0.910000 0.000000
v -0.175000 0.910000 -0.145000
v -0.175000 0.520000 -0.145000
v -0.175000 0.520000 0.000000
v -0.102500 0.910000 -0.125574
v -0.102500 0.520000 -0.125574
v -0.049426 0.910000 -0.072500
v -0.049426 0.520000 -0.072500
v -0.030000 0.910000 -0.000000
v -0.030000 0.520000 -0.000000
v -0.049426 0.910000 0.072500
v -0.049426 0.520000 0.072500
v -0.102500 0.910000 0.125574
v -0.102500 0.520000 0.125574
v -0.175000 0.910000 0.145000
v -0.175000 0.520000 0.145000
v -0.247500 0.910000 0.125574
v -0.247500 0.520000 0.125574
v -0.300574 0.910000 0.072500
v -0.300574 0.520000 0.072500
v -0.320000 0.910000 0.000000
v -0.320000 0.520000 0.000000
v -0.300574 0.910000 -0.072500
v -0.300574 0.520000 -0.072500
v -0.247500 0.910000 -0.125574
v -0.247500 0.520000 -0.125574
f 2 1 5
f 2 5 3
f 3 5 6
f 3 6 4
f 5 1 7
f 5 7 6
f 6 7 8
f 6 8 4
f 7 1 9
f 7 9 8
f 8 9 10
f 8 10 4
f 9 1 11
f 9 11 10
f 10 11 12
f 10 12 4
f 11 1 13
f 11 13 12
f 12 13 14
f 12 14 4
f 13 1 15
f 13 15 14
f 14 15 16
f 14 16 4
f 15 1 17
f 15 17 16
f 16 17 18
f 16 18 4
f 17 1 19
f 17 19 18
f 18 19 20
f 18 20 4
f 19 1 21
f 19 21 20
f 20 21 22
f 20 22 4
f 21 1 23
f 21 23 22
f 22 23 24
f 22 24 4
f 23 1 25
f 23 25 24
f 24 25 26
f 24 26 4
f 25 1 2
f 25 2 26
f 26 2 3
f 26 3 4
o Pants_001
usemtl Orange
v -0.175000 0.570000 0.000000
v -0.173634 0.568634 -0.111983
v -0.173634 0.158634 -0.106983
v -0.175000 0.160000 0.005000
v -0.117821 0.568826 -0.096298
v -0.117821 0.158826 -0.091298
v -0.077329 0.569332 -0.054809
v -0.077329 0.159332 -0.049809
v -0.063008 0.570017 0.001366
v -0.063008 0.160017 0.006366
v -0.078695 0.570697 0.057174
v -0.078695 0.160697 0.062174
v -0.120187 0.571191 0.097663
v -0.120187 0.161191 0.102663
v -0.176366 0.571366 0.111983
v -0.176366 0.161366 0.116983
v -0.232179 0.571174 0.096298
v -0.232179 0.161174 0.101298
v -0.272671 0.570668 0.054809
v -0.272671 0.160668 0.059809
v -0.286992 0.569983 -0.001366
v -0.286992 0.159983 0.003634
v -0.271305 0.569303 -0.057174
v -0.271305 0.159303 -0.052174
v -0.229813 0.568809 -0.097663
v -0.229813 0.158809 -0.092663
f 28 27 31
f 28 31 29
f 29 31 32
f 29 32 30
f 31 27 33
f 31 33 32
f 32 33 34
f 32 34 30
f 33 27 35
f 33 35 34
f 34 35 36
f 34 36 30
f 35 27 37
f 35 37 36
f 36 37 38
f 36 38 30
f 37 27 39
f 37 39 38
f 38 39 40
f 38 40 30
f 39 27 41
f 39 41 40
f 40 41 42
f 40 42 30
f 41 27 43
f 41 43 42
f 42 43 44
f 42 44 30
f 43 27 45
f 43 45 44
f 44 45 46
f 44 46 30
f 45 27 47
f 45 47 46
f 46 47 48
f 46 48 30
f 47 27 49
f 47 49 48
f 48 49 50
f 48 50 30
f 49 27 51
f 49 51 50
f 50 51 52
f 50 52 30
f 51 27 28
f 51 28 52
f 52 28 29
f 52 29 30
o Pants_002
usemtl OrangeLight
v -0.175000 0.220000 0.000000
v -0.175000 0.220000 -0.116000
v -0.175000 0.160000 -0.116000
v -0.175000 0.160000 0.000000
v -0.117000 0.220000 -0.100459
v -0.117000 0.160000 -0.100459
v -0.074541 0.220000 -0.058000
v -0.074541 0.160000 -0.058000
v -0.059000 0.220000 -0.000000
v -0.059000 0.160000 -0.000000
v -0.074541 0.220000 0.058000
v -0.074541 0.160000 0.058000
v -0.117000 0.220000 0.100459
v -0.117000 0.160000 0.100459
v -0.175000 0.220000 0.116000
v -0.175000 0.160000 0.116000
v -0.233000 0.220000 0.100459
v -0.233000 0.160000 0.100459
v -0.275459 0.220000 0.058000
v -0.275459 0.160000 0.058000
v -0.291000 0.220000 0.000000
v -0.291000 0.160000 0.000000
v -0.275459 0.220000 -0.058000
v -0.275459 0.160000 -0.058000
v -0.233000 0.220000 -0.100459
v -0.233000 0.160000 -0.100459
f 54 53 57
f 54 57 55
f 55 57 58
f 55 58 56
f 57 53 59
f 57 59 58
f 58 59 60
f 58 60 56
f 59 53 61
f 59 61 60
f 60 61 62
f 60 62 56
f 61 53 63
f 61 63 62
f 62 63 64
f 62 64 56
f 63 53 65
f 63 65 64
f 64 65 66
f 64 66 56
f 65 53 67
f 65 67 66
f 66 67 68
f 66 68 56
f 67 53 69
f 67 69 68
f 68 69 70
f 68 70 56
f 69 53 71
f 69 71 70
f 70 71 72
f 70 72 56
f 71 53 73
f 71 73 72
f 72 73 74
f 72 74 56
f 73 53 75
f 73 75 74
f 74 75 76
f 74 76 56
f 75 53 77
f 75 77 76
f 76 77 78
f 76 78 56
f 77 53 54
f 77 54 78
f 78 54 55
f 78 55 56
o Pants_003
usemtl Orange
v 0.175000 0.910000 0.000000
v 0.175000 0.910000 -0.145000
v 0.175000 0.520000 -0.145000
v 0.175000 0.520000 0.000000
v 0.247500 0.910000 -0.125574
v 0.247500 0.520000 -0.125574
v 0.300574 0.910000 -0.072500
v 0.300574 0.520000 -0.072500
v 0.320000 0.910000 -0.000000
v 0.320000 0.520000 -0.000000
v 0.300574 0.910000 0.072500
v 0.300574 0.520000 0.072500
v 0.247500 0.910000 0.125574
v 0.247500 0.520000 0.125574
v 0.175000 0.910000 0.145000
v 0.175000 0.520000 0.145000
v 0.102500 0.910000 0.125574
v 0.102500 0.520000 0.125574
v 0.049426 0.910000 0.072500
v 0.049426 0.520000 0.072500
v 0.030000 0.910000 0.000000
v 0.030000 0.520000 0.000000
v 0.049426 0.910000 -0.072500
v 0.049426 0.520000 -0.072500
v 0.102500 0.910000 -0.125574
v 0.102500 0.520000 -0.125574
f 80 79 83
f 80 83 81
f 81 83 84
f 81 84 82
f 83 79 85
f 83 85 84
f 84 85 86
f 84 86 82
f 85 79 87
f 85 87 86
f 86 87 88
f 86 88 82
f 87 79 89
f 87 89 88
f 88 89 90
f 88 90 82
f 89 79 91
f 89 91 90
f 90 91 92
f 90 92 82
f 91 79 93
f 91 93 92
f 92 93 94
f 92 94 82
f 93 79 95
f 93 95 94
f 94 95 96
f 94 96 82
f 95 79 97
f 95 97 96
f 96 97 98
f 96 98 82
f 97 79 99
f 97 99 98
f 98 99 100
f 98 100 82
f 99 79 101
f 99 101 100
f 100 101 102
f 100 102 82
f 101 79 103
f 101 103 102
f 102 103 104
f 102 104 82
f 103 79 80
f 103 80 104
f 104 80 81
f 104 81 82
o Pants_004
usemtl Orange
v 0.175000 0.570000 0.000000
v 0.176366 0.568634 -0.111983
v 0.176366 0.158634 -0.106983
v 0.175000 0.160000 0.005000
v 0.232179 0.568826 -0.096298
v 0.232179 0.158826 -0.091298
v 0.272671 0.569332 -0.054809
v 0.272671 0.159332 -0.049809
v 0.286992 0.570017 0.001366
v 0.286992 0.160017 0.006366
v 0.271305 0.570697 0.057174
v 0.271305 0.160697 0.062174
v 0.229813 0.571191 0.097663
v 0.229813 0.161191 0.102663
v 0.173634 0.571366 0.111983
v 0.173634 0.161366 0.116983
v 0.117821 0.571174 0.096298
v 0.117821 0.161174 0.101298
v 0.077329 0.570668 0.054809
v 0.077329 0.160668 0.059809
v 0.063008 0.569983 -0.001366
v 0.063008 0.159983 0.003634
v 0.078695 0.569303 -0.057174
v 0.078695 0.159303 -0.052174
v 0.120187 0.568809 -0.097663
v 0.120187 0.158809 -0.092663
f 106 105 109
f 106 109 107
f 107 109 110
f 107 110 108
f 109 105 111
f 109 111 110
f 110 111 112
f 110 112 108
f 111 105 113
f 111 113 112
f 112 113 114
f 112 114 108
f 113 105 115
f 113 115 114
f 114 115 116
f 114 116 108
f 115 105 117
f 115 117 116
f 116 117 118
f 116 118 108
f 117 105 119
f 117 119 118
f 118 119 120
f 118 120 108
f 119 105 121
f 119 121 120
f 120 121 122
f 120 122 108
f 121 105 123
f 121 123 122
f 122 123 124
f 122 124 108
f 123 105 125
f 123 125 124
f 124 125 126
f 124 126 108
f 125 105 127
f 125 127 126
f 126 127 128
f 126 128 108
f 127 105 129
f 127 129 128
f 128 129 130
f 128 130 108
f 129 105 106
f 129 106 130
f 130 106 107
f 130 107 108
o Pants_005
usemtl OrangeLight
v 0.175000 0.220000 0.000000
v 0.175000 0.220000 -0.116000
v 0.175000 0.160000 -0.116000
v 0.175000 0.160000 0.000000
v 0.233000 0.220000 -0.100459
v 0.233000 0.160000 -0.100459
v 0.275459 0.220000 -0.058000
v 0.275459 0.160000 -0.058000
v 0.291000 0.220000 -0.000000
v 0.291000 0.160000 -0.000000
v 0.275459 0.220000 0.058000
v 0.275459 0.160000 0.058000
v 0.233000 0.220000 0.100459
v 0.233000 0.160000 0.100459
v 0.175000 0.220000 0.116000
v 0.175000 0.160000 0.116000
v 0.117000 0.220000 0.100459
v 0.117000 0.160000 0.100459
v 0.074541 0.220000 0.058000
v 0.074541 0.160000 0.058000
v 0.059000 0.220000 0.000000
v 0.059000 0.160000 0.000000
v 0.074541 0.220000 -0.058000
v 0.074541 0.160000 -0.058000
v 0.117000 0.220000 -0.100459
v 0.117000 0.160000 -0.100459
f 132 131 135
f 132 135 133
f 133 135 136
f 133 136 134
f 135 131 137
f 135 137 136
f 136 137 138
f 136 138 134
f 137 131 139
f 137 139 138
f 138 139 140
f 138 140 134
f 139 131 141
f 139 141 140
f 140 141 142
f 140 142 134
f 141 131 143
f 141 143 142
f 142 143 144
f 142 144 134
f 143 131 145
f 143 145 144
f 144 145 146
f 144 146 134
f 145 131 147
f 145 147 146
f 146 147 148
f 146 148 134
f 147 131 149
f 147 149 148
f 148 149 150
f 148 150 134
f 149 131 151
f 149 151 150
f 150 151 152
f 150 152 134
f 151 131 153
f 151 153 152
f 152 153 154
f 152 154 134
f 153 131 155
f 153 155 154
f 154 155 156
f 154 156 134
f 155 131 132
f 155 132 156
f 156 132 133
f 156 133 134
o Pants_006
usemtl Orange
v -0.144576 1.088637 0.000000
v 0.144576 1.088637 0.000000
v -0.144576 0.731363 0.000000
v 0.144576 0.731363 0.000000
v 0.000000 0.799596 0.136104
v 0.000000 1.020404 0.136104
v 0.000000 0.799596 -0.136104
v 0.000000 1.020404 -0.136104
v 0.233929 0.910000 -0.084117
v 0.233929 0.910000 0.084117
v -0.233929 0.910000 -0.084117
v -0.233929 0.910000 0.084117
v 0.000000 1.120000 0.000000
v 0.000000 0.700000 0.000000
v -0.084980 0.740106 0.080000
v 0.084980 0.740106 0.080000
v -0.084980 1.079894 0.080000
v 0.084980 1.079894 0.080000
v 0.000000 0.910000 0.160000
v -0.084980 0.740106 -0.080000
v 0.084980 0.740106 -0.080000
v -0.084980 1.079894 -0.080000
v 0.084980 1.079894 -0.080000
v 0.000000 0.910000 -0.160000
v 0.222480 1.015000 -0.049443
v 0.222480 0.805000 -0.049443
v 0.137500 0.845106 -0.129443
v 0.137500 0.974894 -0.129443
v 0.222480 1.015000 0.049443
v 0.222480 0.805000 0.049443
v 0.137500 0.845106 0.129443
v 0.137500 0.974894 0.129443
v 0.275000 0.910000 0.000000
v -0.222480 1.015000 -0.049443
v -0.222480 0.805000 -0.049443
v -0.137500 0.845106 -0.129443
v -0.137500 0.974894 -0.129443
v -0.222480 1.015000 0.049443
v -0.222480 0.805000 0.049443
v -0.137500 0.845106 0.129443
v -0.137500 0.974894 0.129443
v -0.275000 0.910000 0.000000
v -0.075148 1.112007 0.000000
v 0.075148 1.112007 0.000000
v -0.075148 0.707993 0.000000
v 0.075148 0.707993 0.000000
v -0.119319 0.728840 0.041583
v -0.044171 0.764306 0.112327
v -0.044676 0.710278 0.042058
v 0.119319 0.728840 0.041583
v 0.044171 0.764306 0.112327
v 0.044676 0.710278 0.042058
v 0.000000 0.731363 0.084117
v -0.119319 1.091160 0.041583
v -0.044171 1.055694 0.112327
v -0.044676 1.109722 0.042058
v 0.119319 1.091160 0.041583
v 0.044171 1.055694 0.112327
v 0.044676 1.109722 0.042058
v 0.000000 1.088637 0.084117
v 0.000000 0.852614 0.153910
v 0.000000 0.967386 0.153910
v -0.119319 0.728840 -0.041583
v -0.044171 0.764306 -0.112327
v -0.044676 0.710278 -0.042058
v 0.119319 0.728840 -0.041583
v 0.044171 0.764306 -0.112327
v 0.044676 0.710278 -0.042058
v 0.000000 0.731363 -0.084117
v -0.119319 1.091160 -0.041583
v -0.044171 1.055694 -0.112327
v -0.044676 1.109722 -0.042058
v 0.119319 1.091160 -0.041583
v 0.044171 1.055694 -0.112327
v 0.044676 1.109722 -0.042058
v 0.000000 1.088637 -0.084117
v 0.000000 0.852614 -0.153910
v 0.000000 0.967386 -0.153910
v 0.190790 1.057430 -0.025700
v 0.237234 0.964577 -0.069422
v 0.161641 1.054520 -0.068052
v 0.190790 0.762570 -0.025700
v 0.237234 0.855423 -0.069422
v 0.161641 0.765480 -0.068052
v 0.071470 0.818883 -0.138027
v 0.193063 0.876269 -0.111005
v 0.116964 0.786565 -0.110111
v 0.072288 0.875883 -0.152169
v 0.189253 0.820682 -0.094046
v 0.071470 1.001117 -0.138027
v 0.193063 0.943731 -0.111005
v 0.116964 1.033435 -0.110111
v 0.072288 0.944117 -0.152169
v 0.189253 0.999318 -0.094046
v 0.144576 0.910000 -0.136104
v 0.190790 1.057430 0.025700
v 0.237234 0.964577 0.069422
v 0.161641 1.054520 0.068052
v 0.233929 1.020404 0.000000
v 0.190790 0.762570 0.025700
v 0.237234 0.855423 0.069422
v 0.161641 0.765480 0.068052
v 0.233929 0.799596 0.000000
v 0.071470 0.818883 0.138027
v 0.193063 0.876269 0.111005
v 0.116964 0.786565 0.110111
v 0.072288 0.875883 0.152169
v 0.189253 0.820682 0.094046
v 0.071470 1.001117 0.138027
v 0.193063 0.943731 0.111005
v 0.116964 1.033435 0.110111
v 0.072288 0.944117 0.152169
v 0.189253 0.999318 0.094046
v 0.144576 0.910000 0.136104
v 0.264533 0.910000 -0.043723
v 0.264533 0.910000 0.043723
v 0.261541 0.965202 -0.025994
v 0.261541 0.854798 -0.025994
v 0.261541 0.965202 0.025994
v 0.261541 0.854798 0.025994
v -0.190790 1.057430 -0.025700
v -0.237234 0.964577 -0.069422
v -0.161641 1.054520 -0.068052
v -0.190790 0.762570 -0.025700
v -0.237234 0.855423 -0.069422
v -0.161641 0.765480 -0.068052
v -0.071470 0.818883 -0.138027
v -0.193063 0.876269 -0.111005
v -0.116964 0.786565 -0.110111
v -0.072288 0.875883 -0.152169
v -0.189253 0.820682 -0.094046
v -0.071470 1.001117 -0.138027
v -0.193063 0.943731 -0.111005
v -0.116964 1.033435 -0.110111
v -0.072288 0.944117 -0.152169
v -0.189253 0.999318 -0.094046
v -0.144576 0.910000 -0.136104
v -0.190790 1.057430 0.025700
v -0.237234 0.964577 0.069422
v -0.161641 1.054520 0.068052
v -0.233929 1.020404 0.000000
v -0.190790 0.762570 0.025700
v -0.237234 0.855423 0.069422
v -0.161641 0.765480 0.068052
v -0.233929 0.799596 0.000000
v -0.071470 0.818883 0.138027
v -0.193063 0.876269 0.111005
v -0.116964 0.786565 0.110111
v -0.072288 0.875883 0.152169
v -0.189253 0.820682 0.094046
v -0.071470 1.001117 0.138027
v -0.193063 0.943731 0.111005
v -0.116964 1.033435 0.110111
v -0.072288 0.944117 0.152169
v -0.189253 0.999318 0.094046
v -0.144576 0.910000 0.136104
v -0.264533 0.910000 -0.043723
v -0.264533 0.910000 0.043723
v -0.261541 0.965202 -0.025994
v -0.261541 0.854798 -0.025994
v -0.261541 0.965202 0.025994
v -0.261541 0.854798 0.025994
f 157 294 210
f 294 194 296
f 210 296 173
f 294 296 210
f 194 295 311
f 295 168 308
f 311 308 197
f 295 308 311
f 173 309 211
f 309 197 307
f 211 307 162
f 309 307 211
f 194 311 296
f 311 197 309
f 296 309 173
f 311 309 296
f 157 210 199
f 210 173 212
f 199 212 169
f 210 212 199
f 173 211 216
f 211 162 214
f 216 214 174
f 211 214 216
f 169 215 200
f 215 174 213
f 200 213 158
f 215 213 200
f 173 216 212
f 216 174 215
f 212 215 169
f 216 215 212
f 157 199 226
f 199 169 228
f 226 228 178
f 199 228 226
f 169 200 231
f 200 158 229
f 231 229 179
f 200 229 231
f 178 232 227
f 232 179 230
f 227 230 164
f 232 230 227
f 169 231 228
f 231 179 232
f 228 232 178
f 231 232 228
f 157 226 277
f 226 178 279
f 277 279 190
f 226 279 277
f 178 227 290
f 227 164 288
f 290 288 193
f 227 288 290
f 190 292 278
f 292 193 289
f 278 289 167
f 292 289 278
f 178 290 279
f 290 193 292
f 279 292 190
f 290 292 279
f 157 277 294
f 277 190 297
f 294 297 194
f 277 297 294
f 190 278 315
f 278 167 313
f 315 313 198
f 278 313 315
f 194 317 295
f 317 198 314
f 295 314 168
f 317 314 295
f 190 315 297
f 315 198 317
f 297 317 194
f 315 317 297
f 158 213 252
f 213 174 254
f 252 254 185
f 213 254 252
f 174 214 267
f 214 162 265
f 267 265 188
f 214 265 267
f 185 269 253
f 269 188 266
f 253 266 166
f 269 266 253
f 174 267 254
f 267 188 269
f 254 269 185
f 267 269 254
f 162 307 218
f 307 197 310
f 218 310 175
f 307 310 218
f 197 308 312
f 308 168 303
f 312 303 196
f 308 303 312
f 175 305 217
f 305 196 302
f 217 302 161
f 305 302 217
f 197 312 310
f 312 196 305
f 310 305 175
f 312 305 310
f 168 314 299
f 314 198 318
f 299 318 195
f 314 318 299
f 198 313 316
f 313 167 281
f 316 281 191
f 313 281 316
f 195 301 298
f 301 191 280
f 298 280 159
f 301 280 298
f 198 316 318
f 316 191 301
f 318 301 195
f 316 301 318
f 167 289 284
f 289 193 293
f 284 293 192
f 289 293 284
f 193 288 291
f 288 164 234
f 291 234 180
f 288 234 291
f 192 286 283
f 286 180 233
f 283 233 163
f 286 233 283
f 193 291 293
f 291 180 286
f 293 286 192
f 291 286 293
f 164 230 246
f 230 179 248
f 246 248 184
f 230 248 246
f 179 229 237
f 229 158 235
f 237 235 181
f 229 235 237
f 184 250 247
f 250 181 236
f 247 236 165
f 250 236 247
f 179 237 248
f 237 181 250
f 248 250 184
f 237 250 248
f 160 256 206
f 256 186 258
f 206 258 172
f 256 258 206
f 186 257 264
f 257 166 261
f 264 261 187
f 257 261 264
f 172 262 207
f 262 187 260
f 207 260 161
f 262 260 207
f 186 264 258
f 264 187 262
f 258 262 172
f 264 262 258
f 160 206 202
f 206 172 208
f 202 208 170
f 206 208 202
f 172 207 209
f 207 161 204
f 209 204 171
f 207 204 209
f 170 205 201
f 205 171 203
f 201 203 159
f 205 203 201
f 172 209 208
f 209 171 205
f 208 205 170
f 209 205 208
f 160 202 222
f 202 170 224
f 222 224 177
f 202 224 222
f 170 201 221
f 201 159 219
f 221 219 176
f 201 219 221
f 177 225 223
f 225 176 220
f 223 220 163
f 225 220 223
f 170 221 224
f 221 176 225
f 224 225 177
f 221 225 224
f 160 222 238
f 222 177 240
f 238 240 182
f 222 240 238
f 177 223 243
f 223 163 241
f 243 241 183
f 223 241 243
f 182 245 239
f 245 183 242
f 239 242 165
f 245 242 239
f 177 243 240
f 243 183 245
f 240 245 182
f 243 245 240
f 160 238 256
f 238 182 259
f 256 259 186
f 238 259 256
f 182 239 274
f 239 165 271
f 274 271 189
f 239 271 274
f 186 276 257
f 276 189 272
f 257 272 166
f 276 272 257
f 182 274 259
f 274 189 276
f 259 276 186
f 274 276 259
f 161 260 217
f 260 187 263
f 217 263 175
f 260 263 217
f 187 261 270
f 261 166 266
f 270 266 188
f 261 266 270
f 175 268 218
f 268 188 265
f 218 265 162
f 268 265 218
f 187 270 263
f 270 188 268
f 263 268 175
f 270 268 263
f 159 203 298
f 203 171 300
f 298 300 195
f 203 300 298
f 171 204 304
f 204 161 302
f 304 302 196
f 204 302 304
f 195 306 299
f 306 196 303
f 299 303 168
f 306 303 299
f 171 304 300
f 304 196 306
f 300 306 195
f 304 306 300
f 163 220 283
f 220 176 285
f 283 285 192
f 220 285 283
f 176 219 282
f 219 159 280
f 282 280 191
f 219 280 282
f 192 287 284
f 287 191 281
f 284 281 167
f 287 281 284
f 176 282 285
f 282 191 287
f 285 287 192
f 282 287 285
f 165 242 247
f 242 183 251
f 247 251 184
f 242 251 247
f 183 241 244
f 241 163 233
f 244 233 180
f 241 233 244
f 184 249 246
f 249 180 234
f 246 234 164
f 249 234 246
f 183 244 251
f 244 180 249
f 251 249 184
f 244 249 251
f 166 272 253
f 272 189 275
f 253 275 185
f 272 275 253
f 189 271 273
f 271 165 236
f 273 236 181
f 271 236 273
f 185 255 252
f 255 181 235
f 252 235 158
f 255 235 252
f 189 273 275
f 273 181 255
f 275 255 185
f 273 255 275
o Pants_007
usemtl Navy
v -0.260000 1.006500 -0.145000
v -0.260000 1.006500 0.145000
v -0.260000 1.073500 -0.145000
v -0.260000 1.073500 0.145000
v 0.260000 1.006500 -0.145000
v 0.260000 1.006500 0.145000
v 0.260000 1.073500 -0.145000
v 0.260000 1.073500 0.145000
f 320 322 319
f 323 320 319
f 319 322 321
f 321 323 319
f 320 326 322
f 324 320 323
f 324 326 320
f 322 326 321
f 325 323 321
f 321 326 325
f 325 324 323
f 326 324 325
o Pants_008
usemtl Metal
v -0.020500 1.015500 -0.160500
v -0.020500 1.015500 -0.143500
v -0.020500 1.064500 -0.160500
v -0.020500 1.064500 -0.143500
v 0.044500 1.015500 -0.160500
v 0.044500 1.015500 -0.143500
v 0.044500 1.064500 -0.160500
v 0.044500 1.064500 -0.143500
f 328 330 327
f 331 328 327
f 327 330 329
f 329 331 327
f 328 334 330
f 332 328 331
f 332 334 328
f 330 334 329
f 333 331 329
f 329 334 333
f 333 332 331
f 334 332 333
o Pants_009
usemtl Bandage
v -0.291000 0.677500 -0.154000
v -0.291000 0.677500 -0.136000
v -0.291000 0.702500 -0.154000
v -0.291000 0.702500 -0.136000
v -0.059000 0.677500 -0.154000
v -0.059000 0.677500 -0.136000
v -0.059000 0.702500 -0.154000
v -0.059000 0.702500 -0.136000
f 336 338 335
f 339 336 335
f 335 338 337
f 337 339 335
f 336 342 338
f 340 336 339
f 340 342 336
f 338 342 337
f 341 339 337
f 337 342 341
f 341 340 339
f 342 340 341
o Pants_010
usemtl Bandage
v -0.291000 0.713500 -0.154000
v -0.291000 0.713500 -0.136000
v -0.291000 0.738500 -0.154000
v -0.291000 0.738500 -0.136000
v -0.059000 0.713500 -0.154000
v -0.059000 0.713500 -0.136000
v -0.059000 0.738500 -0.154000
v -0.059000 0.738500 -0.136000
f 344 346 343
f 347 344 343
f 343 346 345
f 345 347 343
f 344 350 346
f 348 344 347
f 348 350 344
f 346 350 345
f 349 347 345
f 345 350 349
f 349 348 347
f 350 348 349
o Pants_011
usemtl Bandage
v -0.291000 0.749500 -0.154000
v -0.291000 0.749500 -0.136000
v -0.291000 0.774500 -0.154000
v -0.291000 0.774500 -0.136000
v -0.059000 0.749500 -0.154000
v -0.059000 0.749500 -0.136000
v -0.059000 0.774500 -0.154000
v -0.059000 0.774500 -0.136000
f 352 354 351
f 355 352 351
f 351 354 353
f 353 355 351
f 352 358 354
f 356 352 355
f 356 358 352
f 354 358 353
f 357 355 353
f 353 358 357
f 357 356 355
f 358 356 357
o Sandals_000
usemtl Navy
v -0.175000 0.170000 0.000000
v -0.175000 0.170000 -0.095000
v -0.175000 0.055000 -0.095000
v -0.175000 0.055000 0.000000
v -0.127500 0.170000 -0.082272
v -0.127500 0.055000 -0.082272
v -0.092728 0.170000 -0.047500
v -0.092728 0.055000 -0.047500
v -0.080000 0.170000 -0.000000
v -0.080000 0.055000 -0.000000
v -0.092728 0.170000 0.047500
v -0.092728 0.055000 0.047500
v -0.127500 0.170000 0.082272
v -0.127500 0.055000 0.082272
v -0.175000 0.170000 0.095000
v -0.175000 0.055000 0.095000
v -0.222500 0.170000 0.082272
v -0.222500 0.055000 0.082272
v -0.257272 0.170000 0.047500
v -0.257272 0.055000 0.047500
v -0.270000 0.170000 0.000000
v -0.270000 0.055000 0.000000
v -0.257272 0.170000 -0.047500
v -0.257272 0.055000 -0.047500
v -0.222500 0.170000 -0.082272
v -0.222500 0.055000 -0.082272
f 360 359 363
f 360 363 361
f 361 363 364
f 361 364 362
f 363 359 365
f 363 365 364
f 364 365 366
f 364 366 362
f 365 359 367
f 365 367 366
f 366 367 368
f 366 368 362
f 367 359 369
f 367 369 368
f 368 369 370
f 368 370 362
f 369 359 371
f 369 371 370
f 370 371 372
f 370 372 362
f 371 359 373
f 371 373 372
f 372 373 374
f 372 374 362
f 373 359 375
f 373 375 374
f 374 375 376
f 374 376 362
f 375 359 377
f 375 377 376
f 376 377 378
f 376 378 362
f 377 359 379
f 377 379 378
f 378 379 380
f 378 380 362
f 379 359 381
f 379 381 380
f 380 381 382
f 380 382 362
f 381 359 383
f 381 383 382
f 382 383 384
f 382 384 362
f 383 359 360
f 383 360 384
f 384 360 361
f 384 361 362
o Sandals_001
usemtl Navy
v -0.235985 0.101338 -0.095000
v -0.114015 0.101338 -0.095000
v -0.235985 0.002662 -0.095000
v -0.114015 0.002662 -0.095000
v -0.175000 0.021508 0.066624
v -0.175000 0.082492 0.066624
v -0.175000 0.021508 -0.256624
v -0.175000 0.082492 -0.256624
v -0.076325 0.052000 -0.194889
v -0.076325 0.052000 0.004889
v -0.273675 0.052000 -0.194889
v -0.273675 0.052000 0.004889
v -0.175000 0.110000 -0.095000
v -0.175000 -0.006000 -0.095000
v -0.210846 0.005077 0.000000
v -0.139154 0.005077 0.000000
v -0.210846 0.098923 0.000000
v -0.139154 0.098923 0.000000
v -0.175000 0.052000 0.095000
v -0.210846 0.005077 -0.190000
v -0.139154 0.005077 -0.190000
v -0.210846 0.098923 -0.190000
v -0.139154 0.098923 -0.190000
v -0.175000 0.052000 -0.285000
v -0.081154 0.081000 -0.153713
v -0.081154 0.023000 -0.153713
v -0.117000 0.034077 -0.248713
v -0.117000 0.069923 -0.248713
v -0.081154 0.081000 -0.036287
v -0.081154 0.023000 -0.036287
v -0.117000 0.034077 0.058713
v -0.117000 0.069923 0.058713
v -0.059000 0.052000 -0.095000
v -0.268846 0.081000 -0.153713
v -0.268846 0.023000 -0.153713
v -0.233000 0.034077 -0.248713
v -0.233000 0.069923 -0.248713
v -0.268846 0.081000 -0.036287
v -0.268846 0.023000 -0.036287
v -0.233000 0.034077 0.058713
v -0.233000 0.069923 0.058713
v -0.291000 0.052000 -0.095000
v -0.206699 0.107792 -0.095000
v -0.143301 0.107792 -0.095000
v -0.206699 -0.003792 -0.095000
v -0.143301 -0.003792 -0.095000
v -0.225331 0.001965 -0.045621
v -0.193632 0.011761 0.038389
v -0.193845 -0.003161 -0.045056
v -0.124669 0.001965 -0.045621
v -0.156368 0.011761 0.038389
v -0.156155 -0.003161 -0.045056
v -0.175000 0.002662 0.004889
v -0.225331 0.102035 -0.045621
v -0.193632 0.092239 0.038389
v -0.193845 0.107161 -0.045056
v -0.124669 0.102035 -0.045621
v -0.156368 0.092239 0.038389
v -0.156155 0.107161 -0.045056
v -0.175000 0.101338 0.004889
v -0.175000 0.036151 0.087768
v -0.175000 0.067849 0.087768
v -0.225331 0.001965 -0.144379
v -0.193632 0.011761 -0.228389
v -0.193845 -0.003161 -0.144944
v -0.124669 0.001965 -0.144379
v -0.156368 0.011761 -0.228389
v -0.156155 -0.003161 -0.144944
v -0.175000 0.002662 -0.194889
v -0.225331 0.102035 -0.144379
v -0.193632 0.092239 -0.228389
v -0.193845 0.107161 -0.144944
v -0.124669 0.102035 -0.144379
v -0.156368 0.092239 -0.228389
v -0.156155 0.107161 -0.144944
v -0.175000 0.101338 -0.194889
v -0.175000 0.036151 -0.277768
v -0.175000 0.067849 -0.277768
v -0.094521 0.092719 -0.125518
v -0.074930 0.067074 -0.177439
v -0.106817 0.091915 -0.175812
v -0.094521 0.011281 -0.125518
v -0.074930 0.036926 -0.177439
v -0.106817 0.012085 -0.175812
v -0.144853 0.026834 -0.258907
v -0.093563 0.042684 -0.226818
v -0.125662 0.017908 -0.225756
v -0.144508 0.042577 -0.275701
v -0.095170 0.027331 -0.206679
v -0.144853 0.077166 -0.258907
v -0.093563 0.061316 -0.226818
v -0.125662 0.086092 -0.225756
v -0.144508 0.061423 -0.275701
v -0.095170 0.076669 -0.206679
v -0.114015 0.052000 -0.256624
v -0.094521 0.092719 -0.064482
v -0.074930 0.067074 -0.012561
v -0.106817 0.091915 -0.014188
v -0.076325 0.082492 -0.095000
v -0.094521 0.011281 -0.064482
v -0.074930 0.036926 -0.012561
v -0.106817 0.012085 -0.014188
v -0.076325 0.021508 -0.095000
v -0.144853 0.026834 0.068907
v -0.093563 0.042684 0.036818
v -0.125662 0.017908 0.035756
v -0.144508 0.042577 0.085701
v -0.095170 0.027331 0.016679
v -0.144853 0.077166 0.068907
v -0.093563 0.061316 0.036818
v -0.125662 0.086092 0.035756
v -0.144508 0.061423 0.085701
v -0.095170 0.076669 0.016679
v -0.114015 0.052000 0.066624
v -0.063415 0.052000 -0.146921
v -0.063415 0.052000 -0.043079
v -0.064677 0.067246 -0.125867
v -0.064677 0.036754 -0.125867
v -0.064677 0.067246 -0.064133
v -0.064677 0.036754 -0.064133
v -0.255479 0.092719 -0.125518
v -0.275070 0.067074 -0.177439
v -0.243183 0.091915 -0.175812
v -0.255479 0.011281 -0.125518
v -0.275070 0.036926 -0.177439
v -0.243183 0.012085 -0.175812
v -0.205147 0.026834 -0.258907
v -0.256437 0.042684 -0.226818
v -0.224338 0.017908 -0.225756
v -0.205492 0.042577 -0.275701
v -0.254830 0.027331 -0.206679
v -0.205147 0.077166 -0.258907
v -0.256437 0.061316 -0.226818
v -0.224338 0.086092 -0.225756
v -0.205492 0.061423 -0.275701
v -0.254830 0.076669 -0.206679
v -0.235985 0.052000 -0.256624
v -0.255479 0.092719 -0.064482
v -0.275070 0.067074 -0.012561
v -0.243183 0.091915 -0.014188
v -0.273675 0.082492 -0.095000
v -0.255479 0.011281 -0.064482
v -0.275070 0.036926 -0.012561
v -0.243183 0.012085 -0.014188
v -0.273675 0.021508 -0.095000
v -0.205147 0.026834 0.068907
v -0.256437 0.042684 0.036818
v -0.224338 0.017908 0.035756
v -0.205492 0.042577 0.085701
v -0.254830 0.027331 0.016679
v -0.205147 0.077166 0.068907
v -0.256437 0.061316 0.036818
v -0.224338 0.086092 0.035756
v -0.205492 0.061423 0.085701
v -0.254830 0.076669 0.016679
v -0.235985 0.052000 0.066624
v -0.286585 0.052000 -0.146921
v -0.286585 0.052000 -0.043079
v -0.285323 0.067246 -0.125867
v -0.285323 0.036754 -0.125867
v -0.285323 0.067246 -0.064133
v -0.285323 0.036754 -0.064133
f 385 522 438
f 522 422 524
f 438 524 401
f 522 524 438
f 422 523 539
f 523 396 536
f 539 536 425
f 523 536 539
f 401 537 439
f 537 425 535
f 439 535 390
f 537 535 439
f 422 539 524
f 539 425 537
f 524 537 401
f 539 537 524
f 385 438 427
f 438 401 440
f 427 440 397
f 438 440 427
f 401 439 444
f 439 390 442
f 444 442 402
f 439 442 444
f 397 443 428
f 443 402 441
f 428 441 386
f 443 441 428
f 401 444 440
f 444 402 443
f 440 443 397
f 444 443 440
f 385 427 454
f 427 397 456
f 454 456 406
f 427 456 454
f 397 428 459
f 428 386 457
f 459 457 407
f 428 457 459
f 406 460 455
f 460 407 458
f 455 458 392
f 460 458 455
f 397 459 456
f 459 407 460
f 456 460 406
f 459 460 456
f 385 454 505
f 454 406 507
f 505 507 418
f 454 507 505
f 406 455 518
f 455 392 516
f 518 516 421
f 455 516 518
f 418 520 506
f 520 421 517
f 506 517 395
f 520 517 506
f 406 518 507
f 518 421 520
f 507 520 418
f 518 520 507
f 385 505 522
f 505 418 525
f 522 525 422
f 505 525 522
f 418 506 543
f 506 395 541
f 543 541 426
f 506 541 543
f 422 545 523
f 545 426 542
f 523 542 396
f 545 542 523
f 418 543 525
f 543 426 545
f 525 545 422
f 543 545 525
f 386 441 480
f 441 402 482
f 480 482 413
f 441 482 480
f 402 442 495
f 442 390 493
f 495 493 416
f 442 493 495
f 413 497 481
f 497 416 494
f 481 494 394
f 497 494 481
f 402 495 482
f 495 416 497
f 482 497 413
f 495 497 482
f 390 535 446
f 535 425 538
f 446 538 403
f 535 538 446
f 425 536 540
f 536 396 531
f 540 531 424
f 536 531 540
f 403 533 445
f 533 424 530
f 445 530 389
f 533 530 445
f 425 540 538
f 540 424 533
f 538 533 403
f 540 533 538
f 396 542 527
f 542 426 546
f 527 546 423
f 542 546 527
f 426 541 544
f 541 395 509
f 544 509 419
f 541 509 544
f 423 529 526
f 529 419 508
f 526 508 387
f 529 508 526
f 426 544 546
f 544 419 529
f 546 529 423
f 544 529 546
f 395 517 512
f 517 421 521
f 512 521 420
f 517 521 512
f 421 516 519
f 516 392 462
f 519 462 408
f 516 462 519
f 420 514 511
f 514 408 461
f 511 461 391
f 514 461 511
f 421 519 521
f 519 408 514
f 521 514 420
f 519 514 521
f 392 458 474
f 458 407 476
f 474 476 412
f 458 476 474
f 407 457 465
f 457 386 463
f 465 463 409
f 457 463 465
f 412 478 475
f 478 409 464
f 475 464 393
f 478 464 475
f 407 465 476
f 465 409 478
f 476 478 412
f 465 478 476
f 388 484 434
f 484 414 486
f 434 486 400
f 484 486 434
f 414 485 492
f 485 394 489
f 492 489 415
f 485 489 492
f 400 490 435
f 490 415 488
f 435 488 389
f 490 488 435
f 414 492 486
f 492 415 490
f 486 490 400
f 492 490 486
f 388 434 430
f 434 400 436
f 430 436 398
f 434 436 430
f 400 435 437
f 435 389 432
f 437 432 399
f 435 432 437
f 398 433 429
f 433 399 431
f 429 431 387
f 433 431 429
f 400 437 436
f 437 399 433
f 436 433 398
f 437 433 436
f 388 430 450
f 430 398 452
f 450 452 405
f 430 452 450
f 398 429 449
f 429 387 447
f 449 447 404
f 429 447 449
f 405 453 451
f 453 404 448
f 451 448 391
f 453 448 451
f 398 449 452
f 449 404 453
f 452 453 405
f 449 453 452
f 388 450 466
f 450 405 468
f 466 468 410
f 450 468 466
f 405 451 471
f 451 391 469
f 471 469 411
f 451 469 471
f 410 473 467
f 473 411 470
f 467 470 393
f 473 470 467
f 405 471 468
f 471 411 473
f 468 473 410
f 471 473 468
f 388 466 484
f 466 410 487
f 484 487 414
f 466 487 484
f 410 467 502
f 467 393 499
f 502 499 417
f 467 499 502
f 414 504 485
f 504 417 500
f 485 500 394
f 504 500 485
f 410 502 487
f 502 417 504
f 487 504 414
f 502 504 487
f 389 488 445
f 488 415 491
f 445 491 403
f 488 491 445
f 415 489 498
f 489 394 494
f 498 494 416
f 489 494 498
f 403 496 446
f 496 416 493
f 446 493 390
f 496 493 446
f 415 498 491
f 498 416 496
f 491 496 403
f 498 496 491
f 387 431 526
f 431 399 528
f 526 528 423
f 431 528 526
f 399 432 532
f 432 389 530
f 532 530 424
f 432 530 532
f 423 534 527
f 534 424 531
f 527 531 396
f 534 531 527
f 399 532 528
f 532 424 534
f 528 534 423
f 532 534 528
f 391 448 511
f 448 404 513
f 511 513 420
f 448 513 511
f 404 447 510
f 447 387 508
f 510 508 419
f 447 508 510
f 420 515 512
f 515 419 509
f 512 509 395
f 515 509 512
f 404 510 513
f 510 419 515
f 513 515 420
f 510 515 513
f 393 470 475
f 470 411 479
f 475 479 412
f 470 479 475
f 411 469 472
f 469 391 461
f 472 461 408
f 469 461 472
f 412 477 474
f 477 408 462
f 474 462 392
f 477 462 474
f 411 472 479
f 472 408 477
f 479 477 412
f 472 477 479
f 394 500 481
f 500 417 503
f 481 503 413
f 500 503 481
f 417 499 501
f 499 393 464
f 501 464 409
f 499 464 501
f 413 483 480
f 483 409 463
f 480 463 386
f 483 463 480
f 417 501 503
f 501 409 483
f 503 483 413
f 501 483 503
o Sandals_002
usemtl Skin
v -0.219161 0.077117 -0.228000
v -0.130839 0.077117 -0.228000
v -0.219161 0.032883 -0.228000
v -0.130839 0.032883 -0.228000
v -0.175000 0.041331 -0.171857
v -0.175000 0.068669 -0.171857
v -0.175000 0.041331 -0.284143
v -0.175000 0.068669 -0.284143
v -0.103545 0.055000 -0.262698
v -0.103545 0.055000 -0.193302
v -0.246455 0.055000 -0.262698
v -0.246455 0.055000 -0.193302
v -0.175000 0.081000 -0.228000
v -0.175000 0.029000 -0.228000
v -0.200957 0.033966 -0.195000
v -0.149043 0.033966 -0.195000
v -0.200957 0.076034 -0.195000
v -0.149043 0.076034 -0.195000
v -0.175000 0.055000 -0.162000
v -0.200957 0.033966 -0.261000
v -0.149043 0.033966 -0.261000
v -0.200957 0.076034 -0.261000
v -0.149043 0.076034 -0.261000
v -0.175000 0.055000 -0.294000
v -0.107043 0.068000 -0.248395
v -0.107043 0.042000 -0.248395
v -0.133000 0.046966 -0.281395
v -0.133000 0.063034 -0.281395
v -0.107043 0.068000 -0.207605
v -0.107043 0.042000 -0.207605
v -0.133000 0.046966 -0.174605
v -0.133000 0.063034 -0.174605
v -0.091000 0.055000 -0.228000
v -0.242957 0.068000 -0.248395
v -0.242957 0.042000 -0.248395
v -0.217000 0.046966 -0.281395
v -0.217000 0.063034 -0.281395
v -0.242957 0.068000 -0.207605
v -0.242957 0.042000 -0.207605
v -0.217000 0.046966 -0.174605
v -0.217000 0.063034 -0.174605
v -0.259000 0.055000 -0.228000
v -0.197954 0.080010 -0.228000
v -0.152046 0.080010 -0.228000
v -0.197954 0.029990 -0.228000
v -0.152046 0.029990 -0.228000
v -0.211447 0.032571 -0.210847
v -0.188492 0.036962 -0.181665
v -0.188647 0.030273 -0.210651
v -0.138553 0.032571 -0.210847
v -0.161508 0.036962 -0.181665
v -0.161353 0.030273 -0.210651
v -0.175000 0.032883 -0.193302
v -0.211447 0.077429 -0.210847
v -0.188492 0.073038 -0.181665
v -0.188647 0.079727 -0.210651
v -0.138553 0.077429 -0.210847
v -0.161508 0.073038 -0.181665
v -0.161353 0.079727 -0.210651
v -0.175000 0.077117 -0.193302
v -0.175000 0.047895 -0.164512
v -0.175000 0.062105 -0.164512
v -0.211447 0.032571 -0.245153
v -0.188492 0.036962 -0.274335
v -0.188647 0.030273 -0.245349
v -0.138553 0.032571 -0.245153
v -0.161508 0.036962 -0.274335
v -0.161353 0.030273 -0.245349
v -0.175000 0.032883 -0.262698
v -0.211447 0.077429 -0.245153
v -0.188492 0.073038 -0.274335
v -0.188647 0.079727 -0.245349
v -0.138553 0.077429 -0.245153
v -0.161508 0.073038 -0.274335
v -0.161353 0.079727 -0.245349
v -0.175000 0.077117 -0.262698
v -0.175000 0.047895 -0.291488
v -0.175000 0.062105 -0.291488
v -0.116722 0.073253 -0.238601
v -0.102536 0.061757 -0.256637
v -0.125626 0.072893 -0.256071
v -0.116722 0.036747 -0.238601
v -0.102536 0.048243 -0.256637
v -0.125626 0.037107 -0.256071
v -0.153169 0.043719 -0.284936
v -0.116028 0.050824 -0.273790
v -0.139273 0.039718 -0.273421
v -0.152919 0.050776 -0.290770
v -0.117192 0.043942 -0.266794
v -0.153169 0.066281 -0.284936
v -0.116028 0.059176 -0.273790
v -0.139273 0.070282 -0.273421
v -0.152919 0.059224 -0.290770
v -0.117192 0.066058 -0.266794
v -0.130839 0.055000 -0.284143
v -0.116722 0.073253 -0.217399
v -0.102536 0.061757 -0.199363
v -0.125626 0.072893 -0.199929
v -0.103545 0.068669 -0.228000
v -0.116722 0.036747 -0.217399
v -0.102536 0.048243 -0.199363
v -0.125626 0.037107 -0.199929
v -0.103545 0.041331 -0.228000
v -0.153169 0.043719 -0.171064
v -0.116028 0.050824 -0.182210
v -0.139273 0.039718 -0.182579
v -0.152919 0.050776 -0.165230
v -0.117192 0.043942 -0.189206
v -0.153169 0.066281 -0.171064
v -0.116028 0.059176 -0.182210
v -0.139273 0.070282 -0.182579
v -0.152919 0.059224 -0.165230
v -0.117192 0.066058 -0.189206
v -0.130839 0.055000 -0.171857
v -0.094197 0.055000 -0.246036
v -0.094197 0.055000 -0.209964
v -0.095111 0.061835 -0.238722
v -0.095111 0.048165 -0.238722
v -0.095111 0.061835 -0.217278
v -0.095111 0.048165 -0.217278
v -0.233278 0.073253 -0.238601
v -0.247464 0.061757 -0.256637
v -0.224374 0.072893 -0.256071
v -0.233278 0.036747 -0.238601
v -0.247464 0.048243 -0.256637
v -0.224374 0.037107 -0.256071
v -0.196831 0.043719 -0.284936
v -0.233972 0.050824 -0.273790
v -0.210727 0.039718 -0.273421
v -0.197081 0.050776 -0.290770
v -0.232808 0.043942 -0.266794
v -0.196831 0.066281 -0.284936
v -0.233972 0.059176 -0.273790
v -0.210727 0.070282 -0.273421
v -0.197081 0.059224 -0.290770
v -0.232808 0.066058 -0.266794
v -0.219161 0.055000 -0.284143
v -0.233278 0.073253 -0.217399
v -0.247464 0.061757 -0.199363
v -0.224374 0.072893 -0.199929
v -0.246455 0.068669 -0.228000
v -0.233278 0.036747 -0.217399
v -0.247464 0.048243 -0.199363
v -0.224374 0.037107 -0.199929
v -0.246455 0.041331 -0.228000
v -0.196831 0.043719 -0.171064
v -0.233972 0.050824 -0.182210
v -0.210727 0.039718 -0.182579
v -0.197081 0.050776 -0.165230
v -0.232808 0.043942 -0.189206
v -0.196831 0.066281 -0.171064
v -0.233972 0.059176 -0.182210
v -0.210727 0.070282 -0.182579
v -0.197081 0.059224 -0.165230
v -0.232808 0.066058 -0.189206
v -0.219161 0.055000 -0.171857
v -0.255803 0.055000 -0.246036
v -0.255803 0.055000 -0.209964
v -0.254889 0.061835 -0.238722
v -0.254889 0.048165 -0.238722
v -0.254889 0.061835 -0.217278
v -0.254889 0.048165 -0.217278
f 547 684 600
f 684 584 686
f 600 686 563
f 684 686 600
f 584 685 701
f 685 558 698
f 701 698 587
f 685 698 701
f 563 699 601
f 699 587 697
f 601 697 552
f 699 697 601
f 584 701 686
f 701 587 699
f 686 699 563
f 701 699 686
f 547 600 589
f 600 563 602
f 589 602 559
f 600 602 589
f 563 601 606
f 601 552 604
f 606 604 564
f 601 604 606
f 559 605 590
f 605 564 603
f 590 603 548
f 605 603 590
f 563 606 602
f 606 564 605
f 602 605 559
f 606 605 602
f 547 589 616
f 589 559 618
f 616 618 568
f 589 618 616
f 559 590 621
f 590 548 619
f 621 619 569
f 590 619 621
f 568 622 617
f 622 569 620
f 617 620 554
f 622 620 617
f 559 621 618
f 621 569 622
f 618 622 568
f 621 622 618
f 547 616 667
f 616 568 669
f 667 669 580
f 616 669 667
f 568 617 680
f 617 554 678
f 680 678 583
f 617 678 680
f 580 682 668
f 682 583 679
f 668 679 557
f 682 679 668
f 568 680 669
f 680 583 682
f 669 682 580
f 680 682 669
f 547 667 684
f 667 580 687
f 684 687 584
f 667 687 684
f 580 668 705
f 668 557 703
f 705 703 588
f 668 703 705
f 584 707 685
f 707 588 704
f 685 704 558
f 707 704 685
f 580 705 687
f 705 588 707
f 687 707 584
f 705 707 687
f 548 603 642
f 603 564 644
f 642 644 575
f 603 644 642
f 564 604 657
f 604 552 655
f 657 655 578
f 604 655 657
f 575 659 643
f 659 578 656
f 643 656 556
f 659 656 643
f 564 657 644
f 657 578 659
f 644 659 575
f 657 659 644
f 552 697 608
f 697 587 700
f 608 700 565
f 697 700 608
f 587 698 702
f 698 558 693
f 702 693 586
f 698 693 702
f 565 695 607
f 695 586 692
f 607 692 551
f 695 692 607
f 587 702 700
f 702 586 695
f 700 695 565
f 702 695 700
f 558 704 689
f 704 588 708
f 689 708 585
f 704 708 689
f 588 703 706
f 703 557 671
f 706 671 581
f 703 671 706
f 585 691 688
f 691 581 670
f 688 670 549
f 691 670 688
f 588 706 708
f 706 581 691
f 708 691 585
f 706 691 708
f 557 679 674
f 679 583 683
f 674 683 582
f 679 683 674
f 583 678 681
f 678 554 624
f 681 624 570
f 678 624 681
f 582 676 673
f 676 570 623
f 673 623 553
f 676 623 673
f 583 681 683
f 681 570 676
f 683 676 582
f 681 676 683
f 554 620 636
f 620 569 638
f 636 638 574
f 620 638 636
f 569 619 627
f 619 548 625
f 627 625 571
f 619 625 627
f 574 640 637
f 640 571 626
f 637 626 555
f 640 626 637
f 569 627 638
f 627 571 640
f 638 640 574
f 627 640 638
f 550 646 596
f 646 576 648
f 596 648 562
f 646 648 596
f 576 647 654
f 647 556 651
f 654 651 577
f 647 651 654
f 562 652 597
f 652 577 650
f 597 650 551
f 652 650 597
f 576 654 648
f 654 577 652
f 648 652 562
f 654 652 648
f 550 596 592
f 596 562 598
f 592 598 560
f 596 598 592
f 562 597 599
f 597 551 594
f 599 594 561
f 597 594 599
f 560 595 591
f 595 561 593
f 591 593 549
f 595 593 591
f 562 599 598
f 599 561 595
f 598 595 560
f 599 595 598
f 550 592 612
f 592 560 614
f 612 614 567
f 592 614 612
f 560 591 611
f 591 549 609
f 611 609 566
f 591 609 611
f 567 615 613
f 615 566 610
f 613 610 553
f 615 610 613
f 560 611 614
f 611 566 615
f 614 615 567
f 611 615 614
f 550 612 628
f 612 567 630
f 628 630 572
f 612 630 628
f 567 613 633
f 613 553 631
f 633 631 573
f 613 631 633
f 572 635 629
f 635 573 632
f 629 632 555
f 635 632 629
f 567 633 630
f 633 573 635
f 630 635 572
f 633 635 630
f 550 628 646
f 628 572 649
f 646 649 576
f 628 649 646
f 572 629 664
f 629 555 661
f 664 661 579
f 629 661 664
f 576 666 647
f 666 579 662
f 647 662 556
f 666 662 647
f 572 664 649
f 664 579 666
f 649 666 576
f 664 666 649
f 551 650 607
f 650 577 653
f 607 653 565
f 650 653 607
f 577 651 660
f 651 556 656
f 660 656 578
f 651 656 660
f 565 658 608
f 658 578 655
f 608 655 552
f 658 655 608
f 577 660 653
f 660 578 658
f 653 658 565
f 660 658 653
f 549 593 688
f 593 561 690
f 688 690 585
f 593 690 688
f 561 594 694
f 594 551 692
f 694 692 586
f 594 692 694
f 585 696 689
f 696 586 693
f 689 693 558
f 696 693 689
f 561 694 690
f 694 586 696
f 690 696 585
f 694 696 690
f 553 610 673
f 610 566 675
f 673 675 582
f 610 675 673
f 566 609 672
f 609 549 670
f 672 670 581
f 609 670 672
f 582 677 674
f 677 581 671
f 674 671 557
f 677 671 674
f 566 672 675
f 672 581 677
f 675 677 582
f 672 677 675
f 555 632 637
f 632 573 641
f 637 641 574
f 632 641 637
f 573 631 634
f 631 553 623
f 634 623 570
f 631 623 634
f 574 639 636
f 639 570 624
f 636 624 554
f 639 624 636
f 573 634 641
f 634 570 639
f 641 639 574
f 634 639 641
f 556 662 643
f 662 579 665
f 643 665 575
f 662 665 643
f 579 661 663
f 661 555 626
f 663 626 571
f 661 626 663
f 575 645 642
f 645 571 625
f 642 625 548
f 645 625 642
f 579 663 665
f 663 571 645
f 665 645 575
f 663 645 665
o Sandals_003
usemtl Blue
v -0.175000 0.055000 -0.140000
v -0.140713 0.077206 -0.158875
v -0.140713 0.162206 -0.058875
v -0.175000 0.140000 -0.040000
v -0.159878 0.087293 -0.167449
v -0.159878 0.172293 -0.067449
v -0.183096 0.088728 -0.168669
v -0.183096 0.173728 -0.068669
v -0.204144 0.081125 -0.162206
v -0.204144 0.166125 -0.062206
v -0.217383 0.066522 -0.149793
v -0.217383 0.151522 -0.049793
v -0.219266 0.048831 -0.134757
v -0.219266 0.133831 -0.034757
v -0.209287 0.032794 -0.121125
v -0.209287 0.117794 -0.021125
v -0.190122 0.022707 -0.112551
v -0.190122 0.107707 -0.012551
v -0.166904 0.021272 -0.111331
v -0.166904 0.106272 -0.011331
v -0.145856 0.028875 -0.117794
v -0.145856 0.113875 -0.017794
v -0.132617 0.043478 -0.130207
v -0.132617 0.128478 -0.030207
v -0.130734 0.061169 -0.145243
v -0.130734 0.146169 -0.045243
f 710 709 713
f 710 713 711
f 711 713 714
f 711 714 712
f 713 709 715
f 713 715 714
f 714 715 716
f 714 716 712
f 715 709 717
f 715 717 716
f 716 717 718
f 716 718 712
f 717 709 719
f 717 719 718
f 718 719 720
f 718 720 712
f 719 709 721
f 719 721 720
f 720 721 722
f 720 722 712
f 721 709 723
f 721 723 722
f 722 723 724
f 722 724 712
f 723 709 725
f 723 725 724
f 724 725 726
f 724 726 712
f 725 709 727
f 725 727 726
f 726 727 728
f 726 728 712
f 727 709 729
f 727 729 728
f 728 729 730
f 728 730 712
f 729 709 731
f 729 731 730
f 730 731 732
f 730 732 712
f 731 709 733
f 731 733 732
f 732 733 734
f 732 734 712
f 733 709 710
f 733 710 734
f 734 710 711
f 734 711 712
o Sandals_004
usemtl Navy
v 0.175000 0.170000 0.000000
v 0.175000 0.170000 -0.095000
v 0.175000 0.055000 -0.095000
v 0.175000 0.055000 0.000000
v 0.222500 0.170000 -0.082272
v 0.222500 0.055000 -0.082272
v 0.257272 0.170000 -0.047500
v 0.257272 0.055000 -0.047500
v 0.270000 0.170000 -0.000000
v 0.270000 0.055000 -0.000000
v 0.257272 0.170000 0.047500
v 0.257272 0.055000 0.047500
v 0.222500 0.170000 0.082272
v 0.222500 0.055000 0.082272
v 0.175000 0.170000 0.095000
v 0.175000 0.055000 0.095000
v 0.127500 0.170000 0.082272
v 0.127500 0.055000 0.082272
v 0.092728 0.170000 0.047500
v 0.092728 0.055000 0.047500
v 0.080000 0.170000 0.000000
v 0.080000 0.055000 0.000000
v 0.092728 0.170000 -0.047500
v 0.092728 0.055000 -0.047500
v 0.127500 0.170000 -0.082272
v 0.127500 0.055000 -0.082272
f 736 735 739
f 736 739 737
f 737 739 740
f 737 740 738
f 739 735 741
f 739 741 740
f 740 741 742
f 740 742 738
f 741 735 743
f 741 743 742
f 742 743 744
f 742 744 738
f 743 735 745
f 743 745 744
f 744 745 746
f 744 746 738
f 745 735 747
f 745 747 746
f 746 747 748
f 746 748 738
f 747 735 749
f 747 749 748
f 748 749 750
f 748 750 738
f 749 735 751
f 749 751 750
f 750 751 752
f 750 752 738
f 751 735 753
f 751 753 752
f 752 753 754
f 752 754 738
f 753 735 755
f 753 755 754
f 754 755 756
f 754 756 738
f 755 735 757
f 755 757 756
f 756 757 758
f 756 758 738
f 757 735 759
f 757 759 758
f 758 759 760
f 758 760 738
f 759 735 736
f 759 736 760
f 760 736 737
f 760 737 738
o Sandals_005
usemtl Navy
v 0.114015 0.101338 -0.095000
v 0.235985 0.101338 -0.095000
v 0.114015 0.002662 -0.095000
v 0.235985 0.002662 -0.095000
v 0.175000 0.021508 0.066624
v 0.175000 0.082492 0.066624
v 0.175000 0.021508 -0.256624
v 0.175000 0.082492 -0.256624
v 0.273675 0.052000 -0.194889
v 0.273675 0.052000 0.004889
v 0.076325 0.052000 -0.194889
v 0.076325 0.052000 0.004889
v 0.175000 0.110000 -0.095000
v 0.175000 -0.006000 -0.095000
v 0.139154 0.005077 0.000000
v 0.210846 0.005077 0.000000
v 0.139154 0.098923 0.000000
v 0.210846 0.098923 0.000000
v 0.175000 0.052000 0.095000
v 0.139154 0.005077 -0.190000
v 0.210846 0.005077 -0.190000
v 0.139154 0.098923 -0.190000
v 0.210846 0.098923 -0.190000
v 0.175000 0.052000 -0.285000
v 0.268846 0.081000 -0.153713
v 0.268846 0.023000 -0.153713
v 0.233000 0.034077 -0.248713
v 0.233000 0.069923 -0.248713
v 0.268846 0.081000 -0.036287
v 0.268846 0.023000 -0.036287
v 0.233000 0.034077 0.058713
v 0.233000 0.069923 0.058713
v 0.291000 0.052000 -0.095000
v 0.081154 0.081000 -0.153713
v 0.081154 0.023000 -0.153713
v 0.117000 0.034077 -0.248713
v 0.117000 0.069923 -0.248713
v 0.081154 0.081000 -0.036287
v 0.081154 0.023000 -0.036287
v 0.117000 0.034077 0.058713
v 0.117000 0.069923 0.058713
v 0.059000 0.052000 -0.095000
v 0.143301 0.107792 -0.095000
v 0.206699 0.107792 -0.095000
v 0.143301 -0.003792 -0.095000
v 0.206699 -0.003792 -0.095000
v 0.124669 0.001965 -0.045621
v 0.156368 0.011761 0.038389
v 0.156155 -0.003161 -0.045056
v 0.225331 0.001965 -0.045621
v 0.193632 0.011761 0.038389
v 0.193845 -0.003161 -0.045056
v 0.175000 0.002662 0.004889
v 0.124669 0.102035 -0.045621
v 0.156368 0.092239 0.038389
v 0.156155 0.107161 -0.045056
v 0.225331 0.102035 -0.045621
v 0.193632 0.092239 0.038389
v 0.193845 0.107161 -0.045056
v 0.175000 0.101338 0.004889
v 0.175000 0.036151 0.087768
v 0.175000 0.067849 0.087768
v 0.124669 0.001965 -0.144379
v 0.156368 0.011761 -0.228389
v 0.156155 -0.003161 -0.144944
v 0.225331 0.001965 -0.144379
v 0.193632 0.011761 -0.228389
v 0.193845 -0.003161 -0.144944
v 0.175000 0.002662 -0.194889
v 0.124669 0.102035 -0.144379
v 0.156368 0.092239 -0.228389
v 0.156155 0.107161 -0.144944
v 0.225331 0.102035 -0.144379
v 0.193632 0.092239 -0.228389
v 0.193845 0.107161 -0.144944
v 0.175000 0.101338 -0.194889
v 0.175000 0.036151 -0.277768
v 0.175000 0.067849 -0.277768
v 0.255479 0.092719 -0.125518
v 0.275070 0.067074 -0.177439
v 0.243183 0.091915 -0.175812
v 0.255479 0.011281 -0.125518
v 0.275070 0.036926 -0.177439
v 0.243183 0.012085 -0.175812
v 0.205147 0.026834 -0.258907
v 0.256437 0.042684 -0.226818
v 0.224338 0.017908 -0.225756
v 0.205492 0.042577 -0.275701
v 0.254830 0.027331 -0.206679
v 0.205147 0.077166 -0.258907
v 0.256437 0.061316 -0.226818
v 0.224338 0.086092 -0.225756
v 0.205492 0.061423 -0.275701
v 0.254830 0.076669 -0.206679
v 0.235985 0.052000 -0.256624
v 0.255479 0.092719 -0.064482
v 0.275070 0.067074 -0.012561
v 0.243183 0.091915 -0.014188
v 0.273675 0.082492 -0.095000
v 0.255479 0.011281 -0.064482
v 0.275070 0.036926 -0.012561
v 0.243183 0.012085 -0.014188
v 0.273675 0.021508 -0.095000
v 0.205147 0.026834 0.068907
v 0.256437 0.042684 0.036818
v 0.224338 0.017908 0.035756
v 0.205492 0.042577 0.085701
v 0.254830 0.027331 0.016679
v 0.205147 0.077166 0.068907
v 0.256437 0.061316 0.036818
v 0.224338 0.086092 0.035756
v 0.205492 0.061423 0.085701
v 0.254830 0.076669 0.016679
v 0.235985 0.052000 0.066624
v 0.286585 0.052000 -0.146921
v 0.286585 0.052000 -0.043079
v 0.285323 0.067246 -0.125867
v 0.285323 0.036754 -0.125867
v 0.285323 0.067246 -0.064133
v 0.285323 0.036754 -0.064133
v 0.094521 0.092719 -0.125518
v 0.074930 0.067074 -0.177439
v 0.106817 0.091915 -0.175812
v 0.094521 0.011281 -0.125518
v 0.074930 0.036926 -0.177439
v 0.106817 0.012085 -0.175812
v 0.144853 0.026834 -0.258907
v 0.093563 0.042684 -0.226818
v 0.125662 0.017908 -0.225756
v 0.144508 0.042577 -0.275701
v 0.095170 0.027331 -0.206679
v 0.144853 0.077166 -0.258907
v 0.093563 0.061316 -0.226818
v 0.125662 0.086092 -0.225756
v 0.144508 0.061423 -0.275701
v 0.095170 0.076669 -0.206679
v 0.114015 0.052000 -0.256624
v 0.094521 0.092719 -0.064482
v 0.074930 0.067074 -0.012561
v 0.106817 0.091915 -0.014188
v 0.076325 0.082492 -0.095000
v 0.094521 0.011281 -0.064482
v 0.074930 0.036926 -0.012561
v 0.106817 0.012085 -0.014188
v 0.076325 0.021508 -0.095000
v 0.144853 0.026834 0.068907
v 0.093563 0.042684 0.036818
v 0.125662 0.017908 0.035756
v 0.144508 0.042577 0.085701
v 0.095170 0.027331 0.016679
v 0.144853 0.077166 0.068907
v 0.093563 0.061316 0.036818
v 0.125662 0.086092 0.035756
v 0.144508 0.061423 0.085701
v 0.095170 0.076669 0.016679
v 0.114015 0.052000 0.066624
v 0.063415 0.052000 -0.146921
v 0.063415 0.052000 -0.043079
v 0.064677 0.067246 -0.125867
v 0.064677 0.036754 -0.125867
v 0.064677 0.067246 -0.064133
v 0.064677 0.036754 -0.064133
f 761 898 814
f 898 798 900
f 814 900 777
f 898 900 814
f 798 899 915
f 899 772 912
f 915 912 801
f 899 912 915
f 777 913 815
f 913 801 911
f 815 911 766
f 913 911 815
f 798 915 900
f 915 801 913
f 900 913 777
f 915 913 900
f 761 814 803
f 814 777 816
f 803 816 773
f 814 816 803
f 777 815 820
f 815 766 818
f 820 818 778
f 815 818 820
f 773 819 804
f 819 778 817
f 804 817 762
f 819 817 804
f 777 820 816
f 820 778 819
f 816 819 773
f 820 819 816
f 761 803 830
f 803 773 832
f 830 832 782
f 803 832 830
f 773 804 835
f 804 762 833
f 835 833 783
f 804 833 835
f 782 836 831
f 836 783 834
f 831 834 768
f 836 834 831
f 773 835 832
f 835 783 836
f 832 836 782
f 835 836 832
f 761 830 881
f 830 782 883
f 881 883 794
f 830 883 881
f 782 831 894
f 831 768 892
f 894 892 797
f 831 892 894
f 794 896 882
f 896 797 893
f 882 893 771
f 896 893 882
f 782 894 883
f 894 797 896
f 883 896 794
f 894 896 883
f 761 881 898
f 881 794 901
f 898 901 798
f 881 901 898
f 794 882 919
f 882 771 917
f 919 917 802
f 882 917 919
f 798 921 899
f 921 802 918
f 899 918 772
f 921 918 899
f 794 919 901
f 919 802 921
f 901 921 798
f 919 921 901
f 762 817 856
f 817 778 858
f 856 858 789
f 817 858 856
f 778 818 871
f 818 766 869
f 871 869 792
f 818 869 871
f 789 873 857
f 873 792 870
f 857 870 770
f 873 870 857
f 778 871 858
f 871 792 873
f 858 873 789
f 871 873 858
f 766 911 822
f 911 801 914
f 822 914 779
f 911 914 822
f 801 912 916
f 912 772 907
f 916 907 800
f 912 907 916
f 779 909 821
f 909 800 906
f 821 906 765
f 909 906 821
f 801 916 914
f 916 800 909
f 914 909 779
f 916 909 914
f 772 918 903
f 918 802 922
f 903 922 799
f 918 922 903
f 802 917 920
f 917 771 885
f 920 885 795
f 917 885 920
f 799 905 902
f 905 795 884
f 902 884 763
f 905 884 902
f 802 920 922
f 920 795 905
f 922 905 799
f 920 905 922
f 771 893 888
f 893 797 897
f 888 897 796
f 893 897 888
f 797 892 895
f 892 768 838
f 895 838 784
f 892 838 895
f 796 890 887
f 890 784 837
f 887 837 767
f 890 837 887
f 797 895 897
f 895 784 890
f 897 890 796
f 895 890 897
f 768 834 850
f 834 783 852
f 850 852 788
f 834 852 850
f 783 833 841
f 833 762 839
f 841 839 785
f 833 839 841
f 788 854 851
f 854 785 840
f 851 840 769
f 854 840 851
f 783 841 852
f 841 785 854
f 852 854 788
f 841 854 852
f 764 860 810
f 860 790 862
f 810 862 776
f 860 862 810
f 790 861 868
f 861 770 865
f 868 865 791
f 861 865 868
f 776 866 811
f 866 791 864
f 811 864 765
f 866 864 811
f 790 868 862
f 868 791 866
f 862 866 776
f 868 866 862
f 764 810 806
f 810 776 812
f 806 812 774
f 810 812 806
f 776 811 813
f 811 765 808
f 813 808 775
f 811 808 813
f 774 809 805
f 809 775 807
f 805 807 763
f 809 807 805
f 776 813 812
f 813 775 809
f 812 809 774
f 813 809 812
f 764 806 826
f 806 774 828
f 826 828 781
f 806 828 826
f 774 805 825
f 805 763 823
f 825 823 780
f 805 823 825
f 781 829 827
f 829 780 824
f 827 824 767
f 829 824 827
f 774 825 828
f 825 780 829
f 828 829 781
f 825 829 828
f 764 826 842
f 826 781 844
f 842 844 786
f 826 844 842
f 781 827 847
f 827 767 845
f 847 845 787
f 827 845 847
f 786 849 843
f 849 787 846
f 843 846 769
f 849 846 843
f 781 847 844
f 847 787 849
f 844 849 786
f 847 849 844
f 764 842 860
f 842 786 863
f 860 863 790
f 842 863 860
f 786 843 878
f 843 769 875
f 878 875 793
f 843 875 878
f 790 880 861
f 880 793 876
f 861 876 770
f 880 876 861
f 786 878 863
f 878 793 880
f 863 880 790
f 878 880 863
f 765 864 821
f 864 791 867
f 821 867 779
f 864 867 821
f 791 865 874
f 865 770 870
f 874 870 792
f 865 870 874
f 779 872 822
f 872 792 869
f 822 869 766
f 872 869 822
f 791 874 867
f 874 792 872
f 867 872 779
f 874 872 867
f 763 807 902
f 807 775 904
f 902 904 799
f 807 904 902
f 775 808 908
f 808 765 906
f 908 906 800
f 808 906 908
f 799 910 903
f 910 800 907
f 903 907 772
f 910 907 903
f 775 908 904
f 908 800 910
f 904 910 799
f 908 910 904
f 767 824 887
f 824 780 889
f 887 889 796
f 824 889 887
f 780 823 886
f 823 763 884
f 886 884 795
f 823 884 886
f 796 891 888
f 891 795 885
f 888 885 771
f 891 885 888
f 780 886 889
f 886 795 891
f 889 891 796
f 886 891 889
f 769 846 851
f 846 787 855
f 851 855 788
f 846 855 851
f 787 845 848
f 845 767 837
f 848 837 784
f 845 837 848
f 788 853 850
f 853 784 838
f 850 838 768
f 853 838 850
f 787 848 855
f 848 784 853
f 855 853 788
f 848 853 855
f 770 876 857
f 876 793 879
f 857 879 789
f 876 879 857
f 793 875 877
f 875 769 840
f 877 840 785
f 875 840 877
f 789 859 856
f 859 785 839
f 856 839 762
f 859 839 856
f 793 877 879
f 877 785 859
f 879 859 789
f 877 859 879
o Sandals_006
usemtl Skin
v 0.130839 0.077117 -0.228000
v 0.219161 0.077117 -0.228000
v 0.130839 0.032883 -0.228000
v 0.219161 0.032883 -0.228000
v 0.175000 0.041331 -0.171857
v 0.175000 0.068669 -0.171857
v 0.175000 0.041331 -0.284143
v 0.175000 0.068669 -0.284143
v 0.246455 0.055000 -0.262698
v 0.246455 0.055000 -0.193302
v 0.103545 0.055000 -0.262698
v 0.103545 0.055000 -0.193302
v 0.175000 0.081000 -0.228000
v 0.175000 0.029000 -0.228000
v 0.149043 0.033966 -0.195000
v 0.200957 0.033966 -0.195000
v 0.149043 0.076034 -0.195000
v 0.200957 0.076034 -0.195000
v 0.175000 0.055000 -0.162000
v 0.149043 0.033966 -0.261000
v 0.200957 0.033966 -0.261000
v 0.149043 0.076034 -0.261000
v 0.200957 0.076034 -0.261000
v 0.175000 0.055000 -0.294000
v 0.242957 0.068000 -0.248395
v 0.242957 0.042000 -0.248395
v 0.217000 0.046966 -0.281395
v 0.217000 0.063034 -0.281395
v 0.242957 0.068000 -0.207605
v 0.242957 0.042000 -0.207605
v 0.217000 0.046966 -0.174605
v 0.217000 0.063034 -0.174605
v 0.259000 0.055000 -0.228000
v 0.107043 0.068000 -0.248395
v 0.107043 0.042000 -0.248395
v 0.133000 0.046966 -0.281395
v 0.133000 0.063034 -0.281395
v 0.107043 0.068000 -0.207605
v 0.107043 0.042000 -0.207605
v 0.133000 0.046966 -0.174605
v 0.133000 0.063034 -0.174605
v 0.091000 0.055000 -0.228000
v 0.152046 0.080010 -0.228000
v 0.197954 0.080010 -0.228000
v 0.152046 0.029990 -0.228000
v 0.197954 0.029990 -0.228000
v 0.138553 0.032571 -0.210847
v 0.161508 0.036962 -0.181665
v 0.161353 0.030273 -0.210651
v 0.211447 0.032571 -0.210847
v 0.188492 0.036962 -0.181665
v 0.188647 0.030273 -0.210651
v 0.175000 0.032883 -0.193302
v 0.138553 0.077429 -0.210847
v 0.161508 0.073038 -0.181665
v 0.161353 0.079727 -0.210651
v 0.211447 0.077429 -0.210847
v 0.188492 0.073038 -0.181665
v 0.188647 0.079727 -0.210651
v 0.175000 0.077117 -0.193302
v 0.175000 0.047895 -0.164512
v 0.175000 0.062105 -0.164512
v 0.138553 0.032571 -0.245153
v 0.161508 0.036962 -0.274335
v 0.161353 0.030273 -0.245349
v 0.211447 0.032571 -0.245153
v 0.188492 0.036962 -0.274335
v 0.188647 0.030273 -0.245349
v 0.175000 0.032883 -0.262698
v 0.138553 0.077429 -0.245153
v 0.161508 0.073038 -0.274335
v 0.161353 0.079727 -0.245349
v 0.211447 0.077429 -0.245153
v 0.188492 0.073038 -0.274335
v 0.188647 0.079727 -0.245349
v 0.175000 0.077117 -0.262698
v 0.175000 0.047895 -0.291488
v 0.175000 0.062105 -0.291488
v 0.233278 0.073253 -0.238601
v 0.247464 0.061757 -0.256637
v 0.224374 0.072893 -0.256071
v 0.233278 0.036747 -0.238601
v 0.247464 0.048243 -0.256637
v 0.224374 0.037107 -0.256071
v 0.196831 0.043719 -0.284936
v 0.233972 0.050824 -0.273790
v 0.210727 0.039718 -0.273421
v 0.197081 0.050776 -0.290770
v 0.232808 0.043942 -0.266794
v 0.196831 0.066281 -0.284936
v 0.233972 0.059176 -0.273790
v 0.210727 0.070282 -0.273421
v 0.197081 0.059224 -0.290770
v 0.232808 0.066058 -0.266794
v 0.219161 0.055000 -0.284143
v 0.233278 0.073253 -0.217399
v 0.247464 0.061757 -0.199363
v 0.224374 0.072893 -0.199929
v 0.246455 0.068669 -0.228000
v 0.233278 0.036747 -0.217399
v 0.247464 0.048243 -0.199363
v 0.224374 0.037107 -0.199929
v 0.246455 0.041331 -0.228000
v 0.196831 0.043719 -0.171064
v 0.233972 0.050824 -0.182210
v 0.210727 0.039718 -0.182579
v 0.197081 0.050776 -0.165230
v 0.232808 0.043942 -0.189206
v 0.196831 0.066281 -0.171064
v 0.233972 0.059176 -0.182210
v 0.210727 0.070282 -0.182579
v 0.197081 0.059224 -0.165230
v 0.232808 0.066058 -0.189206
v 0.219161 0.055000 -0.171857
v 0.255803 0.055000 -0.246036
v 0.255803 0.055000 -0.209964
v 0.254889 0.061835 -0.238722
v 0.254889 0.048165 -0.238722
v 0.254889 0.061835 -0.217278
v 0.254889 0.048165 -0.217278
v 0.116722 0.073253 -0.238601
v 0.102536 0.061757 -0.256637
v 0.125626 0.072893 -0.256071
v 0.116722 0.036747 -0.238601
v 0.102536 0.048243 -0.256637
v 0.125626 0.037107 -0.256071
v 0.153169 0.043719 -0.284936
v 0.116028 0.050824 -0.273790
v 0.139273 0.039718 -0.273421
v 0.152919 0.050776 -0.290770
v 0.117192 0.043942 -0.266794
v 0.153169 0.066281 -0.284936
v 0.116028 0.059176 -0.273790
v 0.139273 0.070282 -0.273421
v 0.152919 0.059224 -0.290770
v 0.117192 0.066058 -0.266794
v 0.130839 0.055000 -0.284143
v 0.116722 0.073253 -0.217399
v 0.102536 0.061757 -0.199363
v 0.125626 0.072893 -0.199929
v 0.103545 0.068669 -0.228000
v 0.116722 0.036747 -0.217399
v 0.102536 0.048243 -0.199363
v 0.125626 0.037107 -0.199929
v 0.103545 0.041331 -0.228000
v 0.153169 0.043719 -0.171064
v 0.116028 0.050824 -0.182210
v 0.139273 0.039718 -0.182579
v 0.152919 0.050776 -0.165230
v 0.117192 0.043942 -0.189206
v 0.153169 0.066281 -0.171064
v 0.116028 0.059176 -0.182210
v 0.139273 0.070282 -0.182579
v 0.152919 0.059224 -0.165230
v 0.117192 0.066058 -0.189206
v 0.130839 0.055000 -0.171857
v 0.094197 0.055000 -0.246036
v 0.094197 0.055000 -0.209964
v 0.095111 0.061835 -0.238722
v 0.095111 0.048165 -0.238722
v 0.095111 0.061835 -0.217278
v 0.095111 0.048165 -0.217278
f 923 1060 976
f 1060 960 1062
f 976 1062 939
f 1060 1062 976
f 960 1061 1077
f 1061 934 1074
f 1077 1074 963
f 1061 1074 1077
f 939 1075 977
f 1075 963 1073
f 977 1073 928
f 1075 1073 977
f 960 1077 1062
f 1077 963 1075
f 1062 1075 939
f 1077 1075 1062
f 923 976 965
f 976 939 978
f 965 978 935
f 976 978 965
f 939 977 982
f 977 928 980
f 982 980 940
f 977 980 982
f 935 981 966
f 981 940 979
f 966 979 924
f 981 979 966
f 939 982 978
f 982 940 981
f 978 981 935
f 982 981 978
f 923 965 992
f 965 935 994
f 992 994 944
f 965 994 992
f 935 966 997
f 966 924 995
f 997 995 945
f 966 995 997
f 944 998 993
f 998 945 996
f 993 996 930
f 998 996 993
f 935 997 994
f 997 945 998
f 994 998 944
f 997 998 994
f 923 992 1043
f 992 944 1045
f 1043 1045 956
f 992 1045 1043
f 944 993 1056
f 993 930 1054
f 1056 1054 959
f 993 1054 1056
f 956 1058 1044
f 1058 959 1055
f 1044 1055 933
f 1058 1055 1044
f 944 1056 1045
f 1056 959 1058
f 1045 1058 956
f 1056 1058 1045
f 923 1043 1060
f 1043 956 1063
f 1060 1063 960
f 1043 1063 1060
f 956 1044 1081
f 1044 933 1079
f 1081 1079 964
f 1044 1079 1081
f 960 1083 1061
f 1083 964 1080
f 1061 1080 934
f 1083 1080 1061
f 956 1081 1063
f 1081 964 1083
f 1063 1083 960
f 1081 1083 1063
f 924 979 1018
f 979 940 1020
f 1018 1020 951
f 979 1020 1018
f 940 980 1033
f 980 928 1031
f 1033 1031 954
f 980 1031 1033
f 951 1035 1019
f 1035 954 1032
f 1019 1032 932
f 1035 1032 1019
f 940 1033 1020
f 1033 954 1035
f 1020 1035 951
f 1033 1035 1020
f 928 1073 984
f 1073 963 1076
f 984 1076 941
f 1073 1076 984
f 963 1074 1078
f 1074 934 1069
f 1078 1069 962
f 1074 1069 1078
f 941 1071 983
f 1071 962 1068
f 983 1068 927
f 1071 1068 983
f 963 1078 1076
f 1078 962 1071
f 1076 1071 941
f 1078 1071 1076
f 934 1080 1065
f 1080 964 1084
f 1065 1084 961
f 1080 1084 1065
f 964 1079 1082
f 1079 933 1047
f 1082 1047 957
f 1079 1047 1082
f 961 1067 1064
f 1067 957 1046
f 1064 1046 925
f 1067 1046 1064
f 964 1082 1084
f 1082 957 1067
f 1084 1067 961
f 1082 1067 1084
f 933 1055 1050
f 1055 959 1059
f 1050 1059 958
f 1055 1059 1050
f 959 1054 1057
f 1054 930 1000
f 1057 1000 946
f 1054 1000 1057
f 958 1052 1049
f 1052 946 999
f 1049 999 929
f 1052 999 1049
f 959 1057 1059
f 1057 946 1052
f 1059 1052 958
f 1057 1052 1059
f 930 996 1012
f 996 945 1014
f 1012 1014 950
f 996 1014 1012
f 945 995 1003
f 995 924 1001
f 1003 1001 947
f 995 1001 1003
f 950 1016 1013
f 1016 947 1002
f 1013 1002 931
f 1016 1002 1013
f 945 1003 1014
f 1003 947 1016
f 1014 1016 950
f 1003 1016 1014
f 926 1022 972
f 1022 952 1024
f 972 1024 938
f 1022 1024 972
f 952 1023 1030
f 1023 932 1027
f 1030 1027 953
f 1023 1027 1030
f 938 1028 973
f 1028 953 1026
f 973 1026 927
f 1028 1026 973
f 952 1030 1024
f 1030 953 1028
f 1024 1028 938
f 1030 1028 1024
f 926 972 968
f 972 938 974
f 968 974 936
f 972 974 968
f 938 973 975
f 973 927 970
f 975 970 937
f 973 970 975
f 936 971 967
f 971 937 969
f 967 969 925
f 971 969 967
f 938 975 974
f 975 937 971
f 974 971 936
f 975 971 974
f 926 968 988
f 968 936 990
f 988 990 943
f 968 990 988
f 936 967 987
f 967 925 985
f 987 985 942
f 967 985 987
f 943 991 989
f 991 942 986
f 989 986 929
f 991 986 989
f 936 987 990
f 987 942 991
f 990 991 943
f 987 991 990
f 926 988 1004
f 988 943 1006
f 1004 1006 948
f 988 1006 1004
f 943 989 1009
f 989 929 1007
f 1009 1007 949
f 989 1007 1009
f 948 1011 1005
f 1011 949 1008
f 1005 1008 931
f 1011 1008 1005
f 943 1009 1006
f 1009 949 1011
f 1006 1011 948
f 1009 1011 1006
f 926 1004 1022
f 1004 948 1025
f 1022 1025 952
f 1004 1025 1022
f 948 1005 1040
f 1005 931 1037
f 1040 1037 955
f 1005 1037 1040
f 952 1042 1023
f 1042 955 1038
f 1023 1038 932
f 1042 1038 1023
f 948 1040 1025
f 1040 955 1042
f 1025 1042 952
f 1040 1042 1025
f 927 1026 983
f 1026 953 1029
f 983 1029 941
f 1026 1029 983
f 953 1027 1036
f 1027 932 1032
f 1036 1032 954
f 1027 1032 1036
f 941 1034 984
f 1034 954 1031
f 984 1031 928
f 1034 1031 984
f 953 1036 1029
f 1036 954 1034
f 1029 1034 941
f 1036 1034 1029
f 925 969 1064
f 969 937 1066
f 1064 1066 961
f 969 1066 1064
f 937 970 1070
f 970 927 1068
f 1070 1068 962
f 970 1068 1070
f 961 1072 1065
f 1072 962 1069
f 1065 1069 934
f 1072 1069 1065
f 937 1070 1066
f 1070 962 1072
f 1066 1072 961
f 1070 1072 1066
f 929 986 1049
f 986 942 1051
f 1049 1051 958
f 986 1051 1049
f 942 985 1048
f 985 925 1046
f 1048 1046 957
f 985 1046 1048
f 958 1053 1050
f 1053 957 1047
f 1050 1047 933
f 1053 1047 1050
f 942 1048 1051
f 1048 957 1053
f 1051 1053 958
f 1048 1053 1051
f 931 1008 1013
f 1008 949 1017
f 1013 1017 950
f 1008 1017 1013
f 949 1007 1010
f 1007 929 999
f 1010 999 946
f 1007 999 1010
f 950 1015 1012
f 1015 946 1000
f 1012 1000 930
f 1015 1000 1012
f 949 1010 1017
f 1010 946 1015
f 1017 1015 950
f 1010 1015 1017
f 932 1038 1019
f 1038 955 1041
f 1019 1041 951
f 1038 1041 1019
f 955 1037 1039
f 1037 931 1002
f 1039 1002 947
f 1037 1002 1039
f 951 1021 1018
f 1021 947 1001
f 1018 1001 924
f 1021 1001 1018
f 955 1039 1041
f 1039 947 1021
f 1041 1021 951
f 1039 1021 1041
o Sandals_007
usemtl Blue
v 0.175000 0.055000 -0.140000
v 0.209287 0.077206 -0.158875
v 0.209287 0.162206 -0.058875
v 0.175000 0.140000 -0.040000
v 0.190122 0.087293 -0.167449
v 0.190122 0.172293 -0.067449
v 0.166904 0.088728 -0.168669
v 0.166904 0.173728 -0.068669
v 0.145856 0.081125 -0.162206
v 0.145856 0.166125 -0.062206
v 0.132617 0.066522 -0.149793
v 0.132617 0.151522 -0.049793
v 0.130734 0.048831 -0.134757
v 0.130734 0.133831 -0.034757
v 0.140713 0.032794 -0.121125
v 0.140713 0.117794 -0.021125
v 0.159878 0.022707 -0.112551
v 0.159878 0.107707 -0.012551
v 0.183096 0.021272 -0.111331
v 0.183096 0.106272 -0.011331
v 0.204144 0.028875 -0.117794
v 0.204144 0.113875 -0.017794
v 0.217383 0.043478 -0.130207
v 0.217383 0.128478 -0.030207
v 0.219266 0.061169 -0.145243
v 0.219266 0.146169 -0.045243
f 1086 1085 1089
f 1086 1089 1087
f 1087 1089 1090
f 1087 1090 1088
f 1089 1085 1091
f 1089 1091 1090
f 1090 1091 1092
f 1090 1092 1088
f 1091 1085 1093
f 1091 1093 1092
f 1092 1093 1094
f 1092 1094 1088
f 1093 1085 1095
f 1093 1095 1094
f 1094 1095 1096
f 1094 1096 1088
f 1095 1085 1097
f 1095 1097 1096
f 1096 1097 1098
f 1096 1098 1088
f 1097 1085 1099
f 1097 1099 1098
f 1098 1099 1100
f 1098 1100 1088
f 1099 1085 1101
f 1099 1101 1100
f 1100 1101 1102
f 1100 1102 1088
f 1101 1085 1103
f 1101 1103 1102
f 1102 1103 1104
f 1102 1104 1088
f 1103 1085 1105
f 1103 1105 1104
f 1104 1105 1106
f 1104 1106 1088
f 1105 1085 1107
f 1105 1107 1106
f 1106 1107 1108
f 1106 1108 1088
f 1107 1085 1109
f 1107 1109 1108
f 1108 1109 1110
f 1108 1110 1088
f 1109 1085 1086
f 1109 1086 1110
f 1110 1086 1087
f 1110 1087 1088
o Accessories_000
usemtl Pouch
v 0.237500 0.627500 -0.015000
v 0.237500 0.627500 0.155000
v 0.237500 0.832500 -0.015000
v 0.237500 0.832500 0.155000
v 0.342500 0.627500 -0.015000
v 0.342500 0.627500 0.155000
v 0.342500 0.832500 -0.015000
v 0.342500 0.832500 0.155000
f 1112 1114 1111
f 1115 1112 1111
f 1111 1114 1113
f 1113 1115 1111
f 1112 1118 1114
f 1116 1112 1115
f 1116 1118 1112
f 1114 1118 1113
f 1117 1115 1113
f 1113 1118 1117
f 1117 1116 1115
f 1118 1116 1117
o Accessories_001
usemtl MetalDark
v 0.342000 0.725000 -0.037000
v 0.342000 0.725000 0.015000
v 0.342000 0.775000 -0.037000
v 0.342000 0.775000 0.015000
v 0.354000 0.725000 -0.037000
v 0.354000 0.725000 0.015000
v 0.354000 0.775000 -0.037000
v 0.354000 0.775000 0.015000
f 1120 1122 1119
f 1123 1120 1119
f 1119 1122 1121
f 1121 1123 1119
f 1120 1126 1122
f 1124 1120 1123
f 1124 1126 1120
f 1122 1126 1121
f 1125 1123 1121
f 1121 1126 1125
f 1125 1124 1123
f 1126 1124 1125
o Accessories_002
usemtl Navy
v -0.331500 0.595000 -0.020000
v -0.331500 0.595000 0.110000
v -0.331500 0.785000 -0.020000
v -0.331500 0.785000 0.110000
v -0.246500 0.595000 -0.020000
v -0.246500 0.595000 0.110000
v -0.246500 0.785000 -0.020000
v -0.246500 0.785000 0.110000
f 1128 1130 1127
f 1131 1128 1127
f 1127 1130 1129
f 1129 1131 1127
f 1128 1134 1130
f 1132 1128 1131
f 1132 1134 1128
f 1130 1134 1129
f 1133 1131 1129
f 1129 1134 1133
f 1133 1132 1131
f 1134 1132 1133
o Jacket_000
usemtl Orange
v -0.165605 1.641234 0.000000
v 0.165605 1.641234 0.000000
v -0.165605 1.028766 0.000000
v 0.165605 1.028766 0.000000
v 0.000000 1.145737 0.170130
v 0.000000 1.524263 0.170130
v 0.000000 1.145737 -0.170130
v 0.000000 1.524263 -0.170130
v 0.267955 1.335000 -0.105146
v 0.267955 1.335000 0.105146
v -0.267955 1.335000 -0.105146
v -0.267955 1.335000 0.105146
v 0.000000 1.695000 0.000000
v 0.000000 0.975000 0.000000
v -0.097340 1.043754 0.100000
v 0.097340 1.043754 0.100000
v -0.097340 1.626246 0.100000
v 0.097340 1.626246 0.100000
v 0.000000 1.335000 0.200000
v -0.097340 1.043754 -0.100000
v 0.097340 1.043754 -0.100000
v -0.097340 1.626246 -0.100000
v 0.097340 1.626246 -0.100000
v 0.000000 1.335000 -0.200000
v 0.254840 1.515000 -0.061803
v 0.254840 1.155000 -0.061803
v 0.157500 1.223754 -0.161803
v 0.157500 1.446246 -0.161803
v 0.254840 1.515000 0.061803
v 0.254840 1.155000 0.061803
v 0.157500 1.223754 0.161803
v 0.157500 1.446246 0.161803
v 0.315000 1.335000 0.000000
v -0.254840 1.515000 -0.061803
v -0.254840 1.155000 -0.061803
v -0.157500 1.223754 -0.161803
v -0.157500 1.446246 -0.161803
v -0.254840 1.515000 0.061803
v -0.254840 1.155000 0.061803
v -0.157500 1.223754 0.161803
v -0.157500 1.446246 0.161803
v -0.315000 1.335000 0.000000
v -0.086079 1.681298 0.000000
v 0.086079 1.681298 0.000000
v -0.086079 0.988702 0.000000
v 0.086079 0.988702 0.000000
v -0.136675 1.024439 0.051978
v -0.050596 1.085239 0.140409
v -0.051175 0.992620 0.052573
v 0.136675 1.024439 0.051978
v 0.050596 1.085239 0.140409
v 0.051175 0.992620 0.052573
v 0.000000 1.028766 0.105146
v -0.136675 1.645561 0.051978
v -0.050596 1.584761 0.140409
v -0.051175 1.677380 0.052573
v 0.136675 1.645561 0.051978
v 0.050596 1.584761 0.140409
v 0.051175 1.677380 0.052573
v 0.000000 1.641234 0.105146
v 0.000000 1.236624 0.192388
v 0.000000 1.433376 0.192388
v -0.136675 1.024439 -0.051978
v -0.050596 1.085239 -0.140409
v -0.051175 0.992620 -0.052573
v 0.136675 1.024439 -0.051978
v 0.050596 1.085239 -0.140409
v 0.051175 0.992620 -0.052573
v 0.000000 1.028766 -0.105146
v -0.136675 1.645561 -0.051978
v -0.050596 1.584761 -0.140409
v -0.051175 1.677380 -0.052573
v 0.136675 1.645561 -0.051978
v 0.050596 1.584761 -0.140409
v 0.051175 1.677380 -0.052573
v 0.000000 1.641234 -0.105146
v 0.000000 1.236624 -0.192388
v 0.000000 1.433376 -0.192388
v 0.218541 1.587737 -0.032124
v 0.271741 1.428561 -0.086778
v 0.185152 1.582749 -0.085065
v 0.218541 1.082263 -0.032124
v 0.271741 1.241439 -0.086778
v 0.185152 1.087251 -0.085065
v 0.081866 1.178800 -0.172534
v 0.221145 1.277176 -0.138756
v 0.133978 1.123397 -0.137638
v 0.082803 1.276514 -0.190211
v 0.216780 1.181883 -0.117557
v 0.081866 1.491200 -0.172534
v 0.221145 1.392824 -0.138756
v 0.133978 1.546603 -0.137638
v 0.082803 1.393486 -0.190211
v 0.216780 1.488117 -0.117557
v 0.165605 1.335000 -0.170130
v 0.218541 1.587737 0.032124
v 0.271741 1.428561 0.086778
v 0.185152 1.582749 0.085065
v 0.267955 1.524263 0.000000
v 0.218541 1.082263 0.032124
v 0.271741 1.241439 0.086778
v 0.185152 1.087251 0.085065
v 0.267955 1.145737 0.000000
v 0.081866 1.178800 0.172534
v 0.221145 1.277176 0.138756
v 0.133978 1.123397 0.137638
v 0.082803 1.276514 0.190211
v 0.216780 1.181883 0.117557
v 0.081866 1.491200 0.172534
v 0.221145 1.392824 0.138756
v 0.133978 1.546603 0.137638
v 0.082803 1.393486 0.190211
v 0.216780 1.488117 0.117557
v 0.165605 1.335000 0.170130
v 0.303011 1.335000 -0.054653
v 0.303011 1.335000 0.054653
v 0.299583 1.429632 -0.032492
v 0.299583 1.240368 -0.032492
v 0.299583 1.429632 0.032492
v 0.299583 1.240368 0.032492
v -0.218541 1.587737 -0.032124
v -0.271741 1.428561 -0.086778
v -0.185152 1.582749 -0.085065
v -0.218541 1.082263 -0.032124
v -0.271741 1.241439 -0.086778
v -0.185152 1.087251 -0.085065
v -0.081866 1.178800 -0.172534
v -0.221145 1.277176 -0.138756
v -0.133978 1.123397 -0.137638
v -0.082803 1.276514 -0.190211
v -0.216780 1.181883 -0.117557
v -0.081866 1.491200 -0.172534
v -0.221145 1.392824 -0.138756
v -0.133978 1.546603 -0.137638
v -0.082803 1.393486 -0.190211
v -0.216780 1.488117 -0.117557
v -0.165605 1.335000 -0.170130
v -0.218541 1.587737 0.032124
v -0.271741 1.428561 0.086778
v -0.185152 1.582749 0.085065
v -0.267955 1.524263 0.000000
v -0.218541 1.082263 0.032124
v -0.271741 1.241439 0.086778
v -0.185152 1.087251 0.085065
v -0.267955 1.145737 0.000000
v -0.081866 1.178800 0.172534
v -0.221145 1.277176 0.138756
v -0.133978 1.123397 0.137638
v -0.082803 1.276514 0.190211
v -0.216780 1.181883 0.117557
v -0.081866 1.491200 0.172534
v -0.221145 1.392824 0.138756
v -0.133978 1.546603 0.137638
v -0.082803 1.393486 0.190211
v -0.216780 1.488117 0.117557
v -0.165605 1.335000 0.170130
v -0.303011 1.335000 -0.054653
v -0.303011 1.335000 0.054653
v -0.299583 1.429632 -0.032492
v -0.299583 1.240368 -0.032492
v -0.299583 1.429632 0.032492
v -0.299583 1.240368 0.032492
f 1135 1272 1188
f 1272 1172 1274
f 1188 1274 1151
f 1272 1274 1188
f 1172 1273 1289
f 1273 1146 1286
f 1289 1286 1175
f 1273 1286 1289
f 1151 1287 1189
f 1287 1175 1285
f 1189 1285 1140
f 1287 1285 1189
f 1172 1289 1274
f 1289 1175 1287
f 1274 1287 1151
f 1289 1287 1274
f 1135 1188 1177
f 1188 1151 1190
f 1177 1190 1147
f 1188 1190 1177
f 1151 1189 1194
f 1189 1140 1192
f 1194 1192 1152
f 1189 1192 1194
f 1147 1193 1178
f 1193 1152 1191
f 1178 1191 1136
f 1193 1191 1178
f 1151 1194 1190
f 1194 1152 1193
f 1190 1193 1147
f 1194 1193 1190
f 1135 1177 1204
f 1177 1147 1206
f 1204 1206 1156
f 1177 1206 1204
f 1147 1178 1209
f 1178 1136 1207
f 1209 1207 1157
f 1178 1207 1209
f 1156 1210 1205
f 1210 1157 1208
f 1205 1208 1142
f 1210 1208 1205
f 1147 1209 1206
f 1209 1157 1210
f 1206 1210 1156
f 1209 1210 1206
f 1135 1204 1255
f 1204 1156 1257
f 1255 1257 1168
f 1204 1257 1255
f 1156 1205 1268
f 1205 1142 1266
f 1268 1266 1171
f 1205 1266 1268
f 1168 1270 1256
f 1270 1171 1267
f 1256 1267 1145
f 1270 1267 1256
f 1156 1268 1257
f 1268 1171 1270
f 1257 1270 1168
f 1268 1270 1257
f 1135 1255 1272
f 1255 1168 1275
f 1272 1275 1172
f 1255 1275 1272
f 1168 1256 1293
f 1256 1145 1291
f 1293 1291 1176
f 1256 1291 1293
f 1172 1295 1273
f 1295 1176 1292
f 1273 1292 1146
f 1295 1292 1273
f 1168 1293 1275
f 1293 1176 1295
f 1275 1295 1172
f 1293 1295 1275
f 1136 1191 1230
f 1191 1152 1232
f 1230 1232 1163
f 1191 1232 1230
f 1152 1192 1245
f 1192 1140 1243
f 1245 1243 1166
f 1192 1243 1245
f 1163 1247 1231
f 1247 1166 1244
f 1231 1244 1144
f 1247 1244 1231
f 1152 1245 1232
f 1245 1166 1247
f 1232 1247 1163
f 1245 1247 1232
f 1140 1285 1196
f 1285 1175 1288
f 1196 1288 1153
f 1285 1288 1196
f 1175 1286 1290
f 1286 1146 1281
f 1290 1281 1174
f 1286 1281 1290
f 1153 1283 1195
f 1283 1174 1280
f 1195 1280 1139
f 1283 1280 1195
f 1175 1290 1288
f 1290 1174 1283
f 1288 1283 1153
f 1290 1283 1288
f 1146 1292 1277
f 1292 1176 1296
f 1277 1296 1173
f 1292 1296 1277
f 1176 1291 1294
f 1291 1145 1259
f 1294 1259 1169
f 1291 1259 1294
f 1173 1279 1276
f 1279 1169 1258
f 1276 1258 1137
f 1279 1258 1276
f 1176 1294 1296
f 1294 1169 1279
f 1296 1279 1173
f 1294 1279 1296
f 1145 1267 1262
f 1267 1171 1271
f 1262 1271 1170
f 1267 1271 1262
f 1171 1266 1269
f 1266 1142 1212
f 1269 1212 1158
f 1266 1212 1269
f 1170 1264 1261
f 1264 1158 1211
f 1261 1211 1141
f 1264 1211 1261
f 1171 1269 1271
f 1269 1158 1264
f 1271 1264 1170
f 1269 1264 1271
f 1142 1208 1224
f 1208 1157 1226
f 1224 1226 1162
f 1208 1226 1224
f 1157 1207 1215
f 1207 1136 1213
f 1215 1213 1159
f 1207 1213 1215
f 1162 1228 1225
f 1228 1159 1214
f 1225 1214 1143
f 1228 1214 1225
f 1157 1215 1226
f 1215 1159 1228
f 1226 1228 1162
f 1215 1228 1226
f 1138 1234 1184
f 1234 1164 1236
f 1184 1236 1150
f 1234 1236 1184
f 1164 1235 1242
f 1235 1144 1239
f 1242 1239 1165
f 1235 1239 1242
f 1150 1240 1185
f 1240 1165 1238
f 1185 1238 1139
f 1240 1238 1185
f 1164 1242 1236
f 1242 1165 1240
f 1236 1240 1150
f 1242 1240 1236
f 1138 1184 1180
f 1184 1150 1186
f 1180 1186 1148
f 1184 1186 1180
f 1150 1185 1187
f 1185 1139 1182
f 1187 1182 1149
f 1185 1182 1187
f 1148 1183 1179
f 1183 1149 1181
f 1179 1181 1137
f 1183 1181 1179
f 1150 1187 1186
f 1187 1149 1183
f 1186 1183 1148
f 1187 1183 1186
f 1138 1180 1200
f 1180 1148 1202
f 1200 1202 1155
f 1180 1202 1200
f 1148 1179 1199
f 1179 1137 1197
f 1199 1197 1154
f 1179 1197 1199
f 1155 1203 1201
f 1203 1154 1198
f 1201 1198 1141
f 1203 1198 1201
f 1148 1199 1202
f 1199 1154 1203
f 1202 1203 1155
f 1199 1203 1202
f 1138 1200 1216
f 1200 1155 1218
f 1216 1218 1160
f 1200 1218 1216
f 1155 1201 1221
f 1201 1141 1219
f 1221 1219 1161
f 1201 1219 1221
f 1160 1223 1217
f 1223 1161 1220
f 1217 1220 1143
f 1223 1220 1217
f 1155 1221 1218
f 1221 1161 1223
f 1218 1223 1160
f 1221 1223 1218
f 1138 1216 1234
f 1216 1160 1237
f 1234 1237 1164
f 1216 1237 1234
f 1160 1217 1252
f 1217 1143 1249
f 1252 1249 1167
f 1217 1249 1252
f 1164 1254 1235
f 1254 1167 1250
f 1235 1250 1144
f 1254 1250 1235
f 1160 1252 1237
f 1252 1167 1254
f 1237 1254 1164
f 1252 1254 1237
f 1139 1238 1195
f 1238 1165 1241
f 1195 1241 1153
f 1238 1241 1195
f 1165 1239 1248
f 1239 1144 1244
f 1248 1244 1166
f 1239 1244 1248
f 1153 1246 1196
f 1246 1166 1243
f 1196 1243 1140
f 1246 1243 1196
f 1165 1248 1241
f 1248 1166 1246
f 1241 1246 1153
f 1248 1246 1241
f 1137 1181 1276
f 1181 1149 1278
f 1276 1278 1173
f 1181 1278 1276
f 1149 1182 1282
f 1182 1139 1280
f 1282 1280 1174
f 1182 1280 1282
f 1173 1284 1277
f 1284 1174 1281
f 1277 1281 1146
f 1284 1281 1277
f 1149 1282 1278
f 1282 1174 1284
f 1278 1284 1173
f 1282 1284 1278
f 1141 1198 1261
f 1198 1154 1263
f 1261 1263 1170
f 1198 1263 1261
f 1154 1197 1260
f 1197 1137 1258
f 1260 1258 1169
f 1197 1258 1260
f 1170 1265 1262
f 1265 1169 1259
f 1262 1259 1145
f 1265 1259 1262
f 1154 1260 1263
f 1260 1169 1265
f 1263 1265 1170
f 1260 1265 1263
f 1143 1220 1225
f 1220 1161 1229
f 1225 1229 1162
f 1220 1229 1225
f 1161 1219 1222
f 1219 1141 1211
f 1222 1211 1158
f 1219 1211 1222
f 1162 1227 1224
f 1227 1158 1212
f 1224 1212 1142
f 1227 1212 1224
f 1161 1222 1229
f 1222 1158 1227
f 1229 1227 1162
f 1222 1227 1229
f 1144 1250 1231
f 1250 1167 1253
f 1231 1253 1163
f 1250 1253 1231
f 1167 1249 1251
f 1249 1143 1214
f 1251 1214 1159
f 1249 1214 1251
f 1163 1233 1230
f 1233 1159 1213
f 1230 1213 1136
f 1233 1213 1230
f 1167 1251 1253
f 1251 1159 1233
f 1253 1233 1163
f 1251 1233 1253
o Jacket_001
usemtl Navy
v -0.270000 1.475000 -0.185000
v -0.270000 1.475000 0.205000
v -0.270000 1.625000 -0.185000
v -0.270000 1.625000 0.205000
v 0.270000 1.475000 -0.185000
v 0.270000 1.475000 0.205000
v 0.270000 1.625000 -0.185000
v 0.270000 1.625000 0.205000
f 1298 1300 1297
f 1301 1298 1297
f 1297 1300 1299
f 1299 1301 1297
f 1298 1304 1300
f 1302 1298 1301
f 1302 1304 1298
f 1300 1304 1299
f 1303 1301 1299
f 1299 1304 1303
f 1303 1302 1301
f 1304 1302 1303
o Jacket_002
usemtl OrangeLight
v -0.017500 1.080000 -0.215000
v -0.017500 1.080000 -0.195000
v -0.017500 1.540000 -0.215000
v -0.017500 1.540000 -0.195000
v 0.017500 1.080000 -0.215000
v 0.017500 1.080000 -0.195000
v 0.017500 1.540000 -0.215000
v 0.017500 1.540000 -0.195000
f 1306 1308 1305
f 1309 1306 1305
f 1305 1308 1307
f 1307 1309 1305
f 1306 1312 1308
f 1310 1306 1309
f 1310 1312 1306
f 1308 1312 1307
f 1311 1309 1307
f 1307 1312 1311
f 1311 1310 1309
f 1312 1310 1311
o Jacket_003
usemtl Navy
v -0.267500 1.022500 -0.195000
v -0.267500 1.022500 0.195000
v -0.267500 1.107500 -0.195000
v -0.267500 1.107500 0.195000
v 0.267500 1.022500 -0.195000
v 0.267500 1.022500 0.195000
v 0.267500 1.107500 -0.195000
v 0.267500 1.107500 0.195000
f 1314 1316 1313
f 1317 1314 1313
f 1313 1316 1315
f 1315 1317 1313
f 1314 1320 1316
f 1318 1314 1317
f 1318 1320 1314
f 1316 1320 1315
f 1319 1317 1315
f 1315 1320 1319
f 1319 1318 1317
f 1320 1318 1319
o Jacket_004
usemtl Navy
v -0.315000 1.515000 -0.000000
v -0.307262 1.519776 0.129682
v -0.382262 1.369776 0.139682
v -0.390000 1.365000 0.010000
v -0.366333 1.548313 0.114696
v -0.441333 1.398313 0.124696
v -0.411650 1.567924 0.068977
v -0.486650 1.417924 0.078977
v -0.431069 1.573353 0.004776
v -0.506069 1.423353 0.014776
v -0.419388 1.563147 -0.060704
v -0.494388 1.413147 -0.050704
v -0.379736 1.540040 -0.109919
v -0.454736 1.390040 -0.099919
v -0.322738 1.510224 -0.129682
v -0.397738 1.360224 -0.119682
v -0.263667 1.481687 -0.114696
v -0.338667 1.331687 -0.104696
v -0.218350 1.462076 -0.068977
v -0.293350 1.312076 -0.058977
v -0.198931 1.456647 -0.004776
v -0.273931 1.306647 0.005224
v -0.210612 1.466853 0.060704
v -0.285612 1.316853 0.070704
v -0.250264 1.489960 0.109919
v -0.325264 1.339960 0.119919
f 1322 1321 1325
f 1322 1325 1323
f 1323 1325 1326
f 1323 1326 1324
f 1325 1321 1327
f 1325 1327 1326
f 1326 1327 1328
f 1326 1328 1324
f 1327 1321 1329
f 1327 1329 1328
f 1328 1329 1330
f 1328 1330 1324
f 1329 1321 1331
f 1329 1331 1330
f 1330 1331 1332
f 1330 1332 1324
f 1331 1321 1333
f 1331 1333 1332
f 1332 1333 1334
f 1332 1334 1324
f 1333 1321 1335
f 1333 1335 1334
f 1334 1335 1336
f 1334 1336 1324
f 1335 1321 1337
f 1335 1337 1336
f 1336 1337 1338
f 1336 1338 1324
f 1337 1321 1339
f 1337 1339 1338
f 1338 1339 1340
f 1338 1340 1324
f 1339 1321 1341
f 1339 1341 1340
f 1340 1341 1342
f 1340 1342 1324
f 1341 1321 1343
f 1341 1343 1342
f 1342 1343 1344
f 1342 1344 1324
f 1343 1321 1345
f 1343 1345 1344
f 1344 1345 1346
f 1344 1346 1324
f 1345 1321 1322
f 1345 1322 1346
f 1346 1322 1323
f 1346 1323 1324
o Jacket_005
usemtl Orange
v -0.390000 1.370000 0.010000
v -0.388264 1.371378 0.116977
v -0.458264 1.071378 0.121977
v -0.460000 1.070000 0.015000
v -0.440590 1.383360 0.103334
v -0.510590 1.083360 0.108334
v -0.479361 1.391762 0.064682
v -0.549361 1.091762 0.069682
v -0.494187 1.394333 0.011378
v -0.564187 1.094333 0.016378
v -0.481097 1.390384 -0.042295
v -0.551097 1.090384 -0.037295
v -0.443597 1.380973 -0.081956
v -0.513597 1.080973 -0.076956
v -0.391736 1.368622 -0.096977
v -0.461736 1.068622 -0.091977
v -0.339410 1.356640 -0.083334
v -0.409410 1.056640 -0.078334
v -0.300639 1.348238 -0.044682
v -0.370639 1.048238 -0.039682
v -0.285813 1.345667 0.008622
v -0.355813 1.045667 0.013622
v -0.298903 1.349616 0.062295
v -0.368903 1.049616 0.067295
v -0.336403 1.359027 0.101956
v -0.406403 1.059027 0.106956
f 1348 1347 1351
f 1348 1351 1349
f 1349 1351 1352
f 1349 1352 1350
f 1351 1347 1353
f 1351 1353 1352
f 1352 1353 1354
f 1352 1354 1350
f 1353 1347 1355
f 1353 1355 1354
f 1354 1355 1356
f 1354 1356 1350
f 1355 1347 1357
f 1355 1357 1356
f 1356 1357 1358
f 1356 1358 1350
f 1357 1347 1359
f 1357 1359 1358
f 1358 1359 1360
f 1358 1360 1350
f 1359 1347 1361
f 1359 1361 1360
f 1360 1361 1362
f 1360 1362 1350
f 1361 1347 1363
f 1361 1363 1362
f 1362 1363 1364
f 1362 1364 1350
f 1363 1347 1365
f 1363 1365 1364
f 1364 1365 1366
f 1364 1366 1350
f 1365 1347 1367
f 1365 1367 1366
f 1366 1367 1368
f 1366 1368 1350
f 1367 1347 1369
f 1367 1369 1368
f 1368 1369 1370
f 1368 1370 1350
f 1369 1347 1371
f 1369 1371 1370
f 1370 1371 1372
f 1370 1372 1350
f 1371 1347 1348
f 1371 1348 1372
f 1372 1348 1349
f 1372 1349 1350
o Jacket_006
usemtl Orange
v -0.460000 1.070000 0.015000
v -0.494721 1.042235 0.093253
v -0.514721 0.912235 0.038253
v -0.480000 0.940000 -0.040000
v -0.531103 1.058141 0.068886
v -0.551103 0.928141 0.013886
v -0.548433 1.077225 0.030081
v -0.568433 0.947225 -0.024919
v -0.542067 1.094373 -0.012765
v -0.562067 0.964373 -0.067765
v -0.513712 1.104990 -0.048172
v -0.533712 0.974990 -0.103172
v -0.470965 1.106232 -0.066652
v -0.490965 0.976232 -0.121652
v -0.425279 1.097765 -0.063253
v -0.445279 0.967765 -0.118253
v -0.388897 1.081859 -0.038886
v -0.408897 0.951859 -0.093886
v -0.371567 1.062775 -0.000081
v -0.391567 0.932775 -0.055081
v -0.377933 1.045627 0.042765
v -0.397933 0.915627 -0.012235
v -0.406288 1.035010 0.078172
v -0.426288 0.905010 0.023172
v -0.449035 1.033768 0.096652
v -0.469035 0.903768 0.041652
f 1374 1373 1377
f 1374 1377 1375
f 1375 1377 1378
f 1375 1378 1376
f 1377 1373 1379
f 1377 1379 1378
f 1378 1379 1380
f 1378 1380 1376
f 1379 1373 1381
f 1379 1381 1380
f 1380 1381 1382
f 1380 1382 1376
f 1381 1373 1383
f 1381 1383 1382
f 1382 1383 1384
f 1382 1384 1376
f 1383 1373 1385
f 1383 1385 1384
f 1384 1385 1386
f 1384 1386 1376
f 1385 1373 1387
f 1385 1387 1386
f 1386 1387 1388
f 1386 1388 1376
f 1387 1373 1389
f 1387 1389 1388
f 1388 1389 1390
f 1388 1390 1376
f 1389 1373 1391
f 1389 1391 1390
f 1390 1391 1392
f 1390 1392 1376
f 1391 1373 1393
f 1391 1393 1392
f 1392 1393 1394
f 1392 1394 1376
f 1393 1373 1395
f 1393 1395 1394
f 1394 1395 1396
f 1394 1396 1376
f 1395 1373 1397
f 1395 1397 1396
f 1396 1397 1398
f 1396 1398 1376
f 1397 1373 1374
f 1397 1374 1398
f 1398 1374 1375
f 1398 1375 1376
o Jacket_007
usemtl Navy
v -0.480000 1.000000 -0.040000
v -0.488386 0.992371 0.052306
v -0.493386 0.937371 0.047306
v -0.485000 0.945000 -0.045000
v -0.533382 0.997932 0.036125
v -0.538382 0.942932 0.031125
v -0.564076 1.004048 -0.000454
v -0.569076 0.949048 -0.005454
v -0.572241 1.009079 -0.047629
v -0.577241 0.954079 -0.052629
v -0.555690 1.011677 -0.092760
v -0.560690 0.956677 -0.097760
v -0.518858 1.011147 -0.123754
v -0.523858 0.956147 -0.128754
v -0.471614 1.007629 -0.132306
v -0.476614 0.952629 -0.137306
v -0.426618 1.002068 -0.116125
v -0.431618 0.947068 -0.121125
v -0.395924 0.995952 -0.079546
v -0.400924 0.940952 -0.084546
v -0.387759 0.990921 -0.032371
v -0.392759 0.935921 -0.037371
v -0.404310 0.988323 0.012760
v -0.409310 0.933323 0.007760
v -0.441142 0.988853 0.043754
v -0.446142 0.933853 0.038754
f 1400 1399 1403
f 1400 1403 1401
f 1401 1403 1404
f 1401 1404 1402
f 1403 1399 1405
f 1403 1405 1404
f 1404 1405 1406
f 1404 1406 1402
f 1405 1399 1407
f 1405 1407 1406
f 1406 1407 1408
f 1406 1408 1402
f 1407 1399 1409
f 1407 1409 1408
f 1408 1409 1410
f 1408 1410 1402
f 1409 1399 1411
f 1409 1411 1410
f 1410 1411 1412
f 1410 1412 1402
f 1411 1399 1413
f 1411 1413 1412
f 1412 1413 1414
f 1412 1414 1402
f 1413 1399 1415
f 1413 1415 1414
f 1414 1415 1416
f 1414 1416 1402
f 1415 1399 1417
f 1415 1417 1416
f 1416 1417 1418
f 1416 1418 1402
f 1417 1399 1419
f 1417 1419 1418
f 1418 1419 1420
f 1418 1420 1402
f 1419 1399 1421
f 1419 1421 1420
f 1420 1421 1422
f 1420 1422 1402
f 1421 1399 1423
f 1421 1423 1422
f 1422 1423 1424
f 1422 1424 1402
f 1423 1399 1400
f 1423 1400 1424
f 1424 1400 1401
f 1424 1401 1402
o Jacket_008
usemtl Navy
v 0.315000 1.515000 -0.000000
v 0.322738 1.510224 -0.129682
v 0.397738 1.360224 -0.119682
v 0.390000 1.365000 0.010000
v 0.379736 1.540040 -0.109919
v 0.454736 1.390040 -0.099919
v 0.419388 1.563147 -0.060704
v 0.494388 1.413147 -0.050704
v 0.431069 1.573353 0.004776
v 0.506069 1.423353 0.014776
v 0.411650 1.567924 0.068977
v 0.486650 1.417924 0.078977
v 0.366333 1.548313 0.114696
v 0.441333 1.398313 0.124696
v 0.307262 1.519776 0.129682
v 0.382262 1.369776 0.139682
v 0.250264 1.489960 0.109919
v 0.325264 1.339960 0.119919
v 0.210612 1.466853 0.060704
v 0.285612 1.316853 0.070704
v 0.198931 1.456647 -0.004776
v 0.273931 1.306647 0.005224
v 0.218350 1.462076 -0.068977
v 0.293350 1.312076 -0.058977
v 0.263667 1.481687 -0.114696
v 0.338667 1.331687 -0.104696
f 1426 1425 1429
f 1426 1429 1427
f 1427 1429 1430
f 1427 1430 1428
f 1429 1425 1431
f 1429 1431 1430
f 1430 1431 1432
f 1430 1432 1428
f 1431 1425 1433
f 1431 1433 1432
f 1432 1433 1434
f 1432 1434 1428
f 1433 1425 1435
f 1433 1435 1434
f 1434 1435 1436
f 1434 1436 1428
f 1435 1425 1437
f 1435 1437 1436
f 1436 1437 1438
f 1436 1438 1428
f 1437 1425 1439
f 1437 1439 1438
f 1438 1439 1440
f 1438 1440 1428
f 1439 1425 1441
f 1439 1441 1440
f 1440 1441 1442
f 1440 1442 1428
f 1441 1425 1443
f 1441 1443 1442
f 1442 1443 1444
f 1442 1444 1428
f 1443 1425 1445
f 1443 1445 1444
f 1444 1445 1446
f 1444 1446 1428
f 1445 1425 1447
f 1445 1447 1446
f 1446 1447 1448
f 1446 1448 1428
f 1447 1425 1449
f 1447 1449 1448
f 1448 1449 1450
f 1448 1450 1428
f 1449 1425 1426
f 1449 1426 1450
f 1450 1426 1427
f 1450 1427 1428
o Jacket_009
usemtl Orange
v 0.390000 1.370000 0.010000
v 0.391736 1.368622 -0.096977
v 0.461736 1.068622 -0.091977
v 0.460000 1.070000 0.015000
v 0.443597 1.380973 -0.081956
v 0.513597 1.080973 -0.076956
v 0.481097 1.390384 -0.042295
v 0.551097 1.090384 -0.037295
v 0.494187 1.394333 0.011378
v 0.564187 1.094333 0.016378
v 0.479361 1.391762 0.064682
v 0.549361 1.091762 0.069682
v 0.440590 1.383360 0.103334
v 0.510590 1.083360 0.108334
v 0.388264 1.371378 0.116977
v 0.458264 1.071378 0.121977
v 0.336403 1.359027 0.101956
v 0.406403 1.059027 0.106956
v 0.298903 1.349616 0.062295
v 0.368903 1.049616 0.067295
v 0.285813 1.345667 0.008622
v 0.355813 1.045667 0.013622
v 0.300639 1.348238 -0.044682
v 0.370639 1.048238 -0.039682
v 0.339410 1.356640 -0.083334
v 0.409410 1.056640 -0.078334
f 1452 1451 1455
f 1452 1455 1453
f 1453 1455 1456
f 1453 1456 1454
f 1455 1451 1457
f 1455 1457 1456
f 1456 1457 1458
f 1456 1458 1454
f 1457 1451 1459
f 1457 1459 1458
f 1458 1459 1460
f 1458 1460 1454
f 1459 1451 1461
f 1459 1461 1460
f 1460 1461 1462
f 1460 1462 1454
f 1461 1451 1463
f 1461 1463 1462
f 1462 1463 1464
f 1462 1464 1454
f 1463 1451 1465
f 1463 1465 1464
f 1464 1465 1466
f 1464 1466 1454
f 1465 1451 1467
f 1465 1467 1466
f 1466 1467 1468
f 1466 1468 1454
f 1467 1451 1469
f 1467 1469 1468
f 1468 1469 1470
f 1468 1470 1454
f 1469 1451 1471
f 1469 1471 1470
f 1470 1471 1472
f 1470 1472 1454
f 1471 1451 1473
f 1471 1473 1472
f 1472 1473 1474
f 1472 1474 1454
f 1473 1451 1475
f 1473 1475 1474
f 1474 1475 1476
f 1474 1476 1454
f 1475 1451 1452
f 1475 1452 1476
f 1476 1452 1453
f 1476 1453 1454
o Jacket_010
usemtl Orange
v 0.460000 1.070000 0.015000
v 0.425279 1.097765 -0.063253
v 0.445279 0.967765 -0.118253
v 0.480000 0.940000 -0.040000
v 0.470965 1.106232 -0.066652
v 0.490965 0.976232 -0.121652
v 0.513712 1.104990 -0.048172
v 0.533712 0.974990 -0.103172
v 0.542067 1.094373 -0.012765
v 0.562067 0.964373 -0.067765
v 0.548433 1.077225 0.030081
v 0.568433 0.947225 -0.024919
v 0.531103 1.058141 0.068886
v 0.551103 0.928141 0.013886
v 0.494721 1.042235 0.093253
v 0.514721 0.912235 0.038253
v 0.449035 1.033768 0.096652
v 0.469035 0.903768 0.041652
v 0.406288 1.035010 0.078172
v 0.426288 0.905010 0.023172
v 0.377933 1.045627 0.042765
v 0.397933 0.915627 -0.012235
v 0.371567 1.062775 -0.000081
v 0.391567 0.932775 -0.055081
v 0.388897 1.081859 -0.038886
v 0.408897 0.951859 -0.093886
f 1478 1477 1481
f 1478 1481 1479
f 1479 1481 1482
f 1479 1482 1480
f 1481 1477 1483
f 1481 1483 1482
f 1482 1483 1484
f 1482 1484 1480
f 1483 1477 1485
f 1483 1485 1484
f 1484 1485 1486
f 1484 1486 1480
f 1485 1477 1487
f 1485 1487 1486
f 1486 1487 1488
f 1486 1488 1480
f 1487 1477 1489
f 1487 1489 1488
f 1488 1489 1490
f 1488 1490 1480
f 1489 1477 1491
f 1489 1491 1490
f 1490 1491 1492
f 1490 1492 1480
f 1491 1477 1493
f 1491 1493 1492
f 1492 1493 1494
f 1492 1494 1480
f 1493 1477 1495
f 1493 1495 1494
f 1494 1495 1496
f 1494 1496 1480
f 1495 1477 1497
f 1495 1497 1496
f 1496 1497 1498
f 1496 1498 1480
f 1497 1477 1499
f 1497 1499 1498
f 1498 1499 1500
f 1498 1500 1480
f 1499 1477 1501
f 1499 1501 1500
f 1500 1501 1502
f 1500 1502 1480
f 1501 1477 1478
f 1501 1478 1502
f 1502 1478 1479
f 1502 1479 1480
o Jacket_011
usemtl Navy
v 0.480000 1.000000 -0.040000
v 0.471614 1.007629 -0.132306
v 0.476614 0.952629 -0.137306
v 0.485000 0.945000 -0.045000
v 0.518858 1.011147 -0.123754
v 0.523858 0.956147 -0.128754
v 0.555690 1.011677 -0.092760
v 0.560690 0.956677 -0.097760
v 0.572241 1.009079 -0.047629
v 0.577241 0.954079 -0.052629
v 0.564076 1.004048 -0.000454
v 0.569076 0.949048 -0.005454
v 0.533382 0.997932 0.036125
v 0.538382 0.942932 0.031125
v 0.488386 0.992371 0.052306
v 0.493386 0.937371 0.047306
v 0.441142 0.988853 0.043754
v 0.446142 0.933853 0.038754
v 0.404310 0.988323 0.012760
v 0.409310 0.933323 0.007760
v 0.387759 0.990921 -0.032371
v 0.392759 0.935921 -0.037371
v 0.395924 0.995952 -0.079546
v 0.400924 0.940952 -0.084546
v 0.426618 1.002068 -0.116125
v 0.431618 0.947068 -0.121125
f 1504 1503 1507
f 1504 1507 1505
f 1505 1507 1508
f 1505 1508 1506
f 1507 1503 1509
f 1507 1509 1508
f 1508 1509 1510
f 1508 1510 1506
f 1509 1503 1511
f 1509 1511 1510
f 1510 1511 1512
f 1510 1512 1506
f 1511 1503 1513
f 1511 1513 1512
f 1512 1513 1514
f 1512 1514 1506
f 1513 1503 1515
f 1513 1515 1514
f 1514 1515 1516
f 1514 1516 1506
f 1515 1503 1517
f 1515 1517 1516
f 1516 1517 1518
f 1516 1518 1506
f 1517 1503 1519
f 1517 1519 1518
f 1518 1519 1520
f 1518 1520 1506
f 1519 1503 1521
f 1519 1521 1520
f 1520 1521 1522
f 1520 1522 1506
f 1521 1503 1523
f 1521 1523 1522
f 1522 1523 1524
f 1522 1524 1506
f 1523 1503 1525
f 1523 1525 1524
f 1524 1525 1526
f 1524 1526 1506
f 1525 1503 1527
f 1525 1527 1526
f 1526 1527 1528
f 1526 1528 1506
f 1527 1503 1504
f 1527 1504 1528
f 1528 1504 1505
f 1528 1505 1506
o Jacket_012
usemtl Red
v -0.031018 1.480188 0.202000
v 0.031018 1.480188 0.202000
v -0.031018 1.379812 0.202000
v 0.031018 1.379812 0.202000
v 0.000000 1.398982 0.207955
v 0.000000 1.461018 0.207955
v 0.000000 1.398982 0.196045
v 0.000000 1.461018 0.196045
v 0.050188 1.430000 0.198320
v 0.050188 1.430000 0.205680
v -0.050188 1.430000 0.198320
v -0.050188 1.430000 0.205680
v 0.000000 1.489000 0.202000
v 0.000000 1.371000 0.202000
v -0.018232 1.382268 0.205500
v 0.018232 1.382268 0.205500
v -0.018232 1.477732 0.205500
v 0.018232 1.477732 0.205500
v 0.000000 1.430000 0.209000
v -0.018232 1.382268 0.198500
v 0.018232 1.382268 0.198500
v -0.018232 1.477732 0.198500
v 0.018232 1.477732 0.198500
v 0.000000 1.430000 0.195000
v 0.047732 1.459500 0.199837
v 0.047732 1.400500 0.199837
v 0.029500 1.411768 0.196337
v 0.029500 1.448232 0.196337
v 0.047732 1.459500 0.204163
v 0.047732 1.400500 0.204163
v 0.029500 1.411768 0.207663
v 0.029500 1.448232 0.207663
v 0.059000 1.430000 0.202000
v -0.047732 1.459500 0.199837
v -0.047732 1.400500 0.199837
v -0.029500 1.411768 0.196337
v -0.029500 1.448232 0.196337
v -0.047732 1.459500 0.204163
v -0.047732 1.400500 0.204163
v -0.029500 1.411768 0.207663
v -0.029500 1.448232 0.207663
v -0.059000 1.430000 0.202000
v -0.016123 1.486754 0.202000
v 0.016123 1.486754 0.202000
v -0.016123 1.373246 0.202000
v 0.016123 1.373246 0.202000
v -0.025599 1.379103 0.203819
v -0.009477 1.389067 0.206914
v -0.009585 1.373888 0.203840
v 0.025599 1.379103 0.203819
v 0.009477 1.389067 0.206914
v 0.009585 1.373888 0.203840
v 0.000000 1.379812 0.205680
v -0.025599 1.480897 0.203819
v -0.009477 1.470933 0.206914
v -0.009585 1.486112 0.203840
v 0.025599 1.480897 0.203819
v 0.009477 1.470933 0.206914
v 0.009585 1.486112 0.203840
v 0.000000 1.480188 0.205680
v 0.000000 1.413877 0.208734
v 0.000000 1.446123 0.208734
v -0.025599 1.379103 0.200181
v -0.009477 1.389067 0.197086
v -0.009585 1.373888 0.200160
v 0.025599 1.379103 0.200181
v 0.009477 1.389067 0.197086
v 0.009585 1.373888 0.200160
v 0.000000 1.379812 0.198320
v -0.025599 1.480897 0.200181
v -0.009477 1.470933 0.197086
v -0.009585 1.486112 0.200160
v 0.025599 1.480897 0.200181
v 0.009477 1.470933 0.197086
v 0.009585 1.486112 0.200160
v 0.000000 1.480188 0.198320
v 0.000000 1.413877 0.195266
v 0.000000 1.446123 0.195266
v 0.040933 1.471421 0.200876
v 0.050897 1.445334 0.198963
v 0.034679 1.470603 0.199023
v 0.040933 1.388579 0.200876
v 0.050897 1.414666 0.198963
v 0.034679 1.389397 0.199023
v 0.015334 1.404401 0.195961
v 0.041421 1.420523 0.197144
v 0.025094 1.395321 0.197183
v 0.015509 1.420415 0.195343
v 0.040603 1.404906 0.197886
v 0.015334 1.455599 0.195961
v 0.041421 1.439477 0.197144
v 0.025094 1.464679 0.197183
v 0.015509 1.439585 0.195343
v 0.040603 1.455094 0.197886
v 0.031018 1.430000 0.196045
v 0.040933 1.471421 0.203124
v 0.050897 1.445334 0.205037
v 0.034679 1.470603 0.204977
v 0.050188 1.461018 0.202000
v 0.040933 1.388579 0.203124
v 0.050897 1.414666 0.205037
v 0.034679 1.389397 0.204977
v 0.050188 1.398982 0.202000
v 0.015334 1.404401 0.208039
v 0.041421 1.420523 0.206856
v 0.025094 1.395321 0.206817
v 0.015509 1.420415 0.208657
v 0.040603 1.404906 0.206114
v 0.015334 1.455599 0.208039
v 0.041421 1.439477 0.206856
v 0.025094 1.464679 0.206817
v 0.015509 1.439585 0.208657
v 0.040603 1.455094 0.206114
v 0.031018 1.430000 0.207955
v 0.056754 1.430000 0.200087
v 0.056754 1.430000 0.203913
v 0.056112 1.445509 0.200863
v 0.056112 1.414491 0.200863
v 0.056112 1.445509 0.203137
v 0.056112 1.414491 0.203137
v -0.040933 1.471421 0.200876
v -0.050897 1.445334 0.198963
v -0.034679 1.470603 0.199023
v -0.040933 1.388579 0.200876
v -0.050897 1.414666 0.198963
v -0.034679 1.389397 0.199023
v -0.015334 1.404401 0.195961
v -0.041421 1.420523 0.197144
v -0.025094 1.395321 0.197183
v -0.015509 1.420415 0.195343
v -0.040603 1.404906 0.197886
v -0.015334 1.455599 0.195961
v -0.041421 1.439477 0.197144
v -0.025094 1.464679 0.197183
v -0.015509 1.439585 0.195343
v -0.040603 1.455094 0.197886
v -0.031018 1.430000 0.196045
v -0.040933 1.471421 0.203124
v -0.050897 1.445334 0.205037
v -0.034679 1.470603 0.204977
v -0.050188 1.461018 0.202000
v -0.040933 1.388579 0.203124
v -0.050897 1.414666 0.205037
v -0.034679 1.389397 0.204977
v -0.050188 1.398982 0.202000
v -0.015334 1.404401 0.208039
v -0.041421 1.420523 0.206856
v -0.025094 1.395321 0.206817
v -0.015509 1.420415 0.208657
v -0.040603 1.404906 0.206114
v -0.015334 1.455599 0.208039
v -0.041421 1.439477 0.206856
v -0.025094 1.464679 0.206817
v -0.015509 1.439585 0.208657
v -0.040603 1.455094 0.206114
v -0.031018 1.430000 0.207955
v -0.056754 1.430000 0.200087
v -0.056754 1.430000 0.203913
v -0.056112 1.445509 0.200863
v -0.056112 1.414491 0.200863
v -0.056112 1.445509 0.203137
v -0.056112 1.414491 0.203137
f 1529 1666 1582
f 1666 1566 1668
f 1582 1668 1545
f 1666 1668 1582
f 1566 1667 1683
f 1667 1540 1680
f 1683 1680 1569
f 1667 1680 1683
f 1545 1681 1583
f 1681 1569 1679
f 1583 1679 1534
f 1681 1679 1583
f 1566 1683 1668
f 1683 1569 1681
f 1668 1681 1545
f 1683 1681 1668
f 1529 1582 1571
f 1582 1545 1584
f 1571 1584 1541
f 1582 1584 1571
f 1545 1583 1588
f 1583 1534 1586
f 1588 1586 1546
f 1583 1586 1588
f 1541 1587 1572
f 1587 1546 1585
f 1572 1585 1530
f 1587 1585 1572
f 1545 1588 1584
f 1588 1546 1587
f 1584 1587 1541
f 1588 1587 1584
f 1529 1571 1598
f 1571 1541 1600
f 1598 1600 1550
f 1571 1600 1598
f 1541 1572 1603
f 1572 1530 1601
f 1603 1601 1551
f 1572 1601 1603
f 1550 1604 1599
f 1604 1551 1602
f 1599 1602 1536
f 1604 1602 1599
f 1541 1603 1600
f 1603 1551 1604
f 1600 1604 1550
f 1603 1604 1600
f 1529 1598 1649
f 1598 1550 1651
f 1649 1651 1562
f 1598 1651 1649
f 1550 1599 1662
f 1599 1536 1660
f 1662 1660 1565
f 1599 1660 1662
f 1562 1664 1650
f 1664 1565 1661
f 1650 1661 1539
f 1664 1661 1650
f 1550 1662 1651
f 1662 1565 1664
f 1651 1664 1562
f 1662 1664 1651
f 1529 1649 1666
f 1649 1562 1669
f 1666 1669 1566
f 1649 1669 1666
f 1562 1650 1687
f 1650 1539 1685
f 1687 1685 1570
f 1650 1685 1687
f 1566 1689 1667
f 1689 1570 1686
f 1667 1686 1540
f 1689 1686 1667
f 1562 1687 1669
f 1687 1570 1689
f 1669 1689 1566
f 1687 1689 1669
f 1530 1585 1624
f 1585 1546 1626
f 1624 1626 1557
f 1585 1626 1624
f 1546 1586 1639
f 1586 1534 1637
f 1639 1637 1560
f 1586 1637 1639
f 1557 1641 1625
f 1641 1560 1638
f 1625 1638 1538
f 1641 1638 1625
f 1546 1639 1626
f 1639 1560 1641
f 1626 1641 1557
f 1639 1641 1626
f 1534 1679 1590
f 1679 1569 1682
f 1590 1682 1547
f 1679 1682 1590
f 1569 1680 1684
f 1680 1540 1675
f 1684 1675 1568
f 1680 1675 1684
f 1547 1677 1589
f 1677 1568 1674
f 1589 1674 1533
f 1677 1674 1589
f 1569 1684 1682
f 1684 1568 1677
f 1682 1677 1547
f 1684 1677 1682
f 1540 1686 1671
f 1686 1570 1690
f 1671 1690 1567
f 1686 1690 1671
f 1570 1685 1688
f 1685 1539 1653
f 1688 1653 1563
f 1685 1653 1688
f 1567 1673 1670
f 1673 1563 1652
f 1670 1652 1531
f 1673 1652 1670
f 1570 1688 1690
f 1688 1563 1673
f 1690 1673 1567
f 1688 1673 1690
f 1539 1661 1656
f 1661 1565 1665
f 1656 1665 1564
f 1661 1665 1656
f 1565 1660 1663
f 1660 1536 1606
f 1663 1606 1552
f 1660 1606 1663
f 1564 1658 1655
f 1658 1552 1605
f 1655 1605 1535
f 1658 1605 1655
f 1565 1663 1665
f 1663 1552 1658
f 1665 1658 1564
f 1663 1658 1665
f 1536 1602 1618
f 1602 1551 1620
f 1618 1620 1556
f 1602 1620 1618
f 1551 1601 1609
f 1601 1530 1607
f 1609 1607 1553
f 1601 1607 1609
f 1556 1622 1619
f 1622 1553 1608
f 1619 1608 1537
f 1622 1608 1619
f 1551 1609 1620
f 1609 1553 1622
f 1620 1622 1556
f 1609 1622 1620
f 1532 1628 1578
f 1628 1558 1630
f 1578 1630 1544
f 1628 1630 1578
f 1558 1629 1636
f 1629 1538 1633
f 1636 1633 1559
f 1629 1633 1636
f 1544 1634 1579
f 1634 1559 1632
f 1579 1632 1533
f 1634 1632 1579
f 1558 1636 1630
f 1636 1559 1634
f 1630 1634 1544
f 1636 1634 1630
f 1532 1578 1574
f 1578 1544 1580
f 1574 1580 1542
f 1578 1580 1574
f 1544 1579 1581
f 1579 1533 1576
f 1581 1576 1543
f 1579 1576 1581
f 1542 1577 1573
f 1577 1543 1575
f 1573 1575 1531
f 1577 1575 1573
f 1544 1581 1580
f 1581 1543 1577
f 1580 1577 1542
f 1581 1577 1580
f 1532 1574 1594
f 1574 1542 1596
f 1594 1596 1549
f 1574 1596 1594
f 1542 1573 1593
f 1573 1531 1591
f 1593 1591 1548
f 1573 1591 1593
f 1549 1597 1595
f 1597 1548 1592
f 1595 1592 1535
f 1597 1592 1595
f 1542 1593 1596
f 1593 1548 1597
f 1596 1597 1549
f 1593 1597 1596
f 1532 1594 1610
f 1594 1549 1612
f 1610 1612 1554
f 1594 1612 1610
f 1549 1595 1615
f 1595 1535 1613
f 1615 1613 1555
f 1595 1613 1615
f 1554 1617 1611
f 1617 1555 1614
f 1611 1614 1537
f 1617 1614 1611
f 1549 1615 1612
f 1615 1555 1617
f 1612 1617 1554
f 1615 1617 1612
f 1532 1610 1628
f 1610 1554 1631
f 1628 1631 1558
f 1610 1631 1628
f 1554 1611 1646
f 1611 1537 1643
f 1646 1643 1561
f 1611 1643 1646
f 1558 1648 1629
f 1648 1561 1644
f 1629 1644 1538
f 1648 1644 1629
f 1554 1646 1631
f 1646 1561 1648
f 1631 1648 1558
f 1646 1648 1631
f 1533 1632 1589
f 1632 1559 1635
f 1589 1635 1547
f 1632 1635 1589
f 1559 1633 1642
f 1633 1538 1638
f 1642 1638 1560
f 1633 1638 1642
f 1547 1640 1590
f 1640 1560 1637
f 1590 1637 1534
f 1640 1637 1590
f 1559 1642 1635
f 1642 1560 1640
f 1635 1640 1547
f 1642 1640 1635
f 1531 1575 1670
f 1575 1543 1672
f 1670 1672 1567
f 1575 1672 1670
f 1543 1576 1676
f 1576 1533 1674
f 1676 1674 1568
f 1576 1674 1676
f 1567 1678 1671
f 1678 1568 1675
f 1671 1675 1540
f 1678 1675 1671
f 1543 1676 1672
f 1676 1568 1678
f 1672 1678 1567
f 1676 1678 1672
f 1535 1592 1655
f 1592 1548 1657
f 1655 1657 1564
f 1592 1657 1655
f 1548 1591 1654
f 1591 1531 1652
f 1654 1652 1563
f 1591 1652 1654
f 1564 1659 1656
f 1659 1563 1653
f 1656 1653 1539
f 1659 1653 1656
f 1548 1654 1657
f 1654 1563 1659
f 1657 1659 1564
f 1654 1659 1657
f 1537 1614 1619
f 1614 1555 1623
f 1619 1623 1556
f 1614 1623 1619
f 1555 1613 1616
f 1613 1535 1605
f 1616 1605 1552
f 1613 1605 1616
f 1556 1621 1618
f 1621 1552 1606
f 1618 1606 1536
f 1621 1606 1618
f 1555 1616 1623
f 1616 1552 1621
f 1623 1621 1556
f 1616 1621 1623
f 1538 1644 1625
f 1644 1561 1647
f 1625 1647 1557
f 1644 1647 1625
f 1561 1643 1645
f 1643 1537 1608
f 1645 1608 1553
f 1643 1608 1645
f 1557 1627 1624
f 1627 1553 1607
f 1624 1607 1530
f 1627 1607 1624
f 1561 1645 1647
f 1645 1553 1627
f 1647 1627 1557
f 1645 1627 1647
o Hands_000
usemtl Skin
v -0.527481 0.968675 -0.050000
v -0.446519 0.968675 -0.050000
v -0.527481 0.771325 -0.050000
v -0.446519 0.771325 -0.050000
v -0.487000 0.809015 0.005292
v -0.487000 0.930985 0.005292
v -0.487000 0.809015 -0.105292
v -0.487000 0.930985 -0.105292
v -0.421500 0.870000 -0.084173
v -0.421500 0.870000 -0.015827
v -0.552500 0.870000 -0.084173
v -0.552500 0.870000 -0.015827
v -0.487000 0.986000 -0.050000
v -0.487000 0.754000 -0.050000
v -0.510794 0.776154 -0.017500
v -0.463206 0.776154 -0.017500
v -0.510794 0.963846 -0.017500
v -0.463206 0.963846 -0.017500
v -0.487000 0.870000 0.015000
v -0.510794 0.776154 -0.082500
v -0.463206 0.776154 -0.082500
v -0.510794 0.963846 -0.082500
v -0.463206 0.963846 -0.082500
v -0.487000 0.870000 -0.115000
v -0.424706 0.928000 -0.070086
v -0.424706 0.812000 -0.070086
v -0.448500 0.834154 -0.102586
v -0.448500 0.905846 -0.102586
v -0.424706 0.928000 -0.029914
v -0.424706 0.812000 -0.029914
v -0.448500 0.834154 0.002586
v -0.448500 0.905846 0.002586
v -0.410000 0.870000 -0.050000
v -0.549294 0.928000 -0.070086
v -0.549294 0.812000 -0.070086
v -0.525500 0.834154 -0.102586
v -0.525500 0.905846 -0.102586
v -0.549294 0.928000 -0.029914
v -0.549294 0.812000 -0.029914
v -0.525500 0.834154 0.002586
v -0.525500 0.905846 0.002586
v -0.564000 0.870000 -0.050000
v -0.508042 0.981585 -0.050000
v -0.465958 0.981585 -0.050000
v -0.508042 0.758415 -0.050000
v -0.465958 0.758415 -0.050000
v -0.520409 0.769930 -0.033107
v -0.499368 0.789521 -0.004367
v -0.499509 0.759677 -0.032914
v -0.453591 0.769930 -0.033107
v -0.474632 0.789521 -0.004367
v -0.474491 0.759677 -0.032914
v -0.487000 0.771325 -0.015827
v -0.520409 0.970070 -0.033107
v -0.499368 0.950479 -0.004367
v -0.499509 0.980323 -0.032914
v -0.453591 0.970070 -0.033107
v -0.474632 0.950479 -0.004367
v -0.474491 0.980323 -0.032914
v -0.487000 0.968675 -0.015827
v -0.487000 0.838301 0.012526
v -0.487000 0.901699 0.012526
v -0.520409 0.769930 -0.066893
v -0.499368 0.789521 -0.095633
v -0.499509 0.759677 -0.067086
v -0.453591 0.769930 -0.066893
v -0.474632 0.789521 -0.095633
v -0.474491 0.759677 -0.067086
v -0.487000 0.771325 -0.084173
v -0.520409 0.970070 -0.066893
v -0.499368 0.950479 -0.095633
v -0.499509 0.980323 -0.067086
v -0.453591 0.970070 -0.066893
v -0.474632 0.950479 -0.095633
v -0.474491 0.980323 -0.067086
v -0.487000 0.968675 -0.084173
v -0.487000 0.838301 -0.112526
v -0.487000 0.901699 -0.112526
v -0.433579 0.951437 -0.060440
v -0.420575 0.900147 -0.078203
v -0.441741 0.949830 -0.077646
v -0.433579 0.788563 -0.060440
v -0.420575 0.839853 -0.078203
v -0.441741 0.790170 -0.077646
v -0.466988 0.819669 -0.106073
v -0.432942 0.851368 -0.095096
v -0.454250 0.801817 -0.094732
v -0.466759 0.851155 -0.111819
v -0.434009 0.820662 -0.088206
v -0.466988 0.920331 -0.106073
v -0.432942 0.888632 -0.095096
v -0.454250 0.938183 -0.094732
v -0.466759 0.888845 -0.111819
v -0.434009 0.919338 -0.088206
v -0.446519 0.870000 -0.105292
v -0.433579 0.951437 -0.039560
v -0.420575 0.900147 -0.021797
v -0.441741 0.949830 -0.022354
v -0.421500 0.930985 -0.050000
v -0.433579 0.788563 -0.039560
v -0.420575 0.839853 -0.021797
v -0.441741 0.790170 -0.022354
v -0.421500 0.809015 -0.050000
v -0.466988 0.819669 0.006073
v -0.432942 0.851368 -0.004904
v -0.454250 0.801817 -0.005268
v -0.466759 0.851155 0.011819
v -0.434009 0.820662 -0.011794
v -0.466988 0.920331 0.006073
v -0.432942 0.888632 -0.004904
v -0.454250 0.938183 -0.005268
v -0.466759 0.888845 0.011819
v -0.434009 0.919338 -0.011794
v -0.446519 0.870000 0.005292
v -0.412931 0.870000 -0.067762
v -0.412931 0.870000 -0.032238
v -0.413769 0.900492 -0.060560
v -0.413769 0.839508 -0.060560
v -0.413769 0.900492 -0.039440
v -0.413769 0.839508 -0.039440
v -0.540421 0.951437 -0.060440
v -0.553425 0.900147 -0.078203
v -0.532259 0.949830 -0.077646
v -0.540421 0.788563 -0.060440
v -0.553425 0.839853 -0.078203
v -0.532259 0.790170 -0.077646
v -0.507012 0.819669 -0.106073
v -0.541058 0.851368 -0.095096
v -0.519750 0.801817 -0.094732
v -0.507241 0.851155 -0.111819
v -0.539991 0.820662 -0.088206
v -0.507012 0.920331 -0.106073
v -0.541058 0.888632 -0.095096
v -0.519750 0.938183 -0.094732
v -0.507241 0.888845 -0.111819
v -0.539991 0.919338 -0.088206
v -0.527481 0.870000 -0.105292
v -0.540421 0.951437 -0.039560
v -0.553425 0.900147 -0.021797
v -0.532259 0.949830 -0.022354
v -0.552500 0.930985 -0.050000
v -0.540421 0.788563 -0.039560
v -0.553425 0.839853 -0.021797
v -0.532259 0.790170 -0.022354
v -0.552500 0.809015 -0.050000
v -0.507012 0.819669 0.006073
v -0.541058 0.851368 -0.004904
v -0.519750 0.801817 -0.005268
v -0.507241 0.851155 0.011819
v -0.539991 0.820662 -0.011794
v -0.507012 0.920331 0.006073
v -0.541058 0.888632 -0.004904
v -0.519750 0.938183 -0.005268
v -0.507241 0.888845 0.011819
v -0.539991 0.919338 -0.011794
v -0.527481 0.870000 0.005292
v -0.561069 0.870000 -0.067762
v -0.561069 0.870000 -0.032238
v -0.560231 0.900492 -0.060560
v -0.560231 0.839508 -0.060560
v -0.560231 0.900492 -0.039440
v -0.560231 0.839508 -0.039440
f 1691 1828 1744
f 1828 1728 1830
f 1744 1830 1707
f 1828 1830 1744
f 1728 1829 1845
f 1829 1702 1842
f 1845 1842 1731
f 1829 1842 1845
f 1707 1843 1745
f 1843 1731 1841
f 1745 1841 1696
f 1843 1841 1745
f 1728 1845 1830
f 1845 1731 1843
f 1830 1843 1707
f 1845 1843 1830
f 1691 1744 1733
f 1744 1707 1746
f 1733 1746 1703
f 1744 1746 1733
f 1707 1745 1750
f 1745 1696 1748
f 1750 1748 1708
f 1745 1748 1750
f 1703 1749 1734
f 1749 1708 1747
f 1734 1747 1692
f 1749 1747 1734
f 1707 1750 1746
f 1750 1708 1749
f 1746 1749 1703
f 1750 1749 1746
f 1691 1733 1760
f 1733 1703 1762
f 1760 1762 1712
f 1733 1762 1760
f 1703 1734 1765
f 1734 1692 1763
f 1765 1763 1713
f 1734 1763 1765
f 1712 1766 1761
f 1766 1713 1764
f 1761 1764 1698
f 1766 1764 1761
f 1703 1765 1762
f 1765 1713 1766
f 1762 1766 1712
f 1765 1766 1762
f 1691 1760 1811
f 1760 1712 1813
f 1811 1813 1724
f 1760 1813 1811
f 1712 1761 1824
f 1761 1698 1822
f 1824 1822 1727
f 1761 1822 1824
f 1724 1826 1812
f 1826 1727 1823
f 1812 1823 1701
f 1826 1823 1812
f 1712 1824 1813
f 1824 1727 1826
f 1813 1826 1724
f 1824 1826 1813
f 1691 1811 1828
f 1811 1724 1831
f 1828 1831 1728
f 1811 1831 1828
f 1724 1812 1849
f 1812 1701 1847
f 1849 1847 1732
f 1812 1847 1849
f 1728 1851 1829
f 1851 1732 1848
f 1829 1848 1702
f 1851 1848 1829
f 1724 1849 1831
f 1849 1732 1851
f 1831 1851 1728
f 1849 1851 1831
f 1692 1747 1786
f 1747 1708 1788
f 1786 1788 1719
f 1747 1788 1786
f 1708 1748 1801
f 1748 1696 1799
f 1801 1799 1722
f 1748 1799 1801
f 1719 1803 1787
f 1803 1722 1800
f 1787 1800 1700
f 1803 1800 1787
f 1708 1801 1788
f 1801 1722 1803
f 1788 1803 1719
f 1801 1803 1788
f 1696 1841 1752
f 1841 1731 1844
f 1752 1844 1709
f 1841 1844 1752
f 1731 1842 1846
f 1842 1702 1837
f 1846 1837 1730
f 1842 1837 1846
f 1709 1839 1751
f 1839 1730 1836
f 1751 1836 1695
f 1839 1836 1751
f 1731 1846 1844
f 1846 1730 1839
f 1844 1839 1709
f 1846 1839 1844
f 1702 1848 1833
f 1848 1732 1852
f 1833 1852 1729
f 1848 1852 1833
f 1732 1847 1850
f 1847 1701 1815
f 1850 1815 1725
f 1847 1815 1850
f 1729 1835 1832
f 1835 1725 1814
f 1832 1814 1693
f 1835 1814 1832
f 1732 1850 1852
f 1850 1725 1835
f 1852 1835 1729
f 1850 1835 1852
f 1701 1823 1818
f 1823 1727 1827
f 1818 1827 1726
f 1823 1827 1818
f 1727 1822 1825
f 1822 1698 1768
f 1825 1768 1714
f 1822 1768 1825
f 1726 1820 1817
f 1820 1714 1767
f 1817 1767 1697
f 1820 1767 1817
f 1727 1825 1827
f 1825 1714 1820
f 1827 1820 1726
f 1825 1820 1827
f 1698 1764 1780
f 1764 1713 1782
f 1780 1782 1718
f 1764 1782 1780
f 1713 1763 1771
f 1763 1692 1769
f 1771 1769 1715
f 1763 1769 1771
f 1718 1784 1781
f 1784 1715 1770
f 1781 1770 1699
f 1784 1770 1781
f 1713 1771 1782
f 1771 1715 1784
f 1782 1784 1718
f 1771 1784 1782
f 1694 1790 1740
f 1790 1720 1792
f 1740 1792 1706
f 1790 1792 1740
f 1720 1791 1798
f 1791 1700 1795
f 1798 1795 1721
f 1791 1795 1798
f 1706 1796 1741
f 1796 1721 1794
f 1741 1794 1695
f 1796 1794 1741
f 1720 1798 1792
f 1798 1721 1796
f 1792 1796 1706
f 1798 1796 1792
f 1694 1740 1736
f 1740 1706 1742
f 1736 1742 1704
f 1740 1742 1736
f 1706 1741 1743
f 1741 1695 1738
f 1743 1738 1705
f 1741 1738 1743
f 1704 1739 1735
f 1739 1705 1737
f 1735 1737 1693
f 1739 1737 1735
f 1706 1743 1742
f 1743 1705 1739
f 1742 1739 1704
f 1743 1739 1742
f 1694 1736 1756
f 1736 1704 1758
f 1756 1758 1711
f 1736 1758 1756
f 1704 1735 1755
f 1735 1693 1753
f 1755 1753 1710
f 1735 1753 1755
f 1711 1759 1757
f 1759 1710 1754
f 1757 1754 1697
f 1759 1754 1757
f 1704 1755 1758
f 1755 1710 1759
f 1758 1759 1711
f 1755 1759 1758
f 1694 1756 1772
f 1756 1711 1774
f 1772 1774 1716
f 1756 1774 1772
f 1711 1757 1777
f 1757 1697 1775
f 1777 1775 1717
f 1757 1775 1777
f 1716 1779 1773
f 1779 1717 1776
f 1773 1776 1699
f 1779 1776 1773
f 1711 1777 1774
f 1777 1717 1779
f 1774 1779 1716
f 1777 1779 1774
f 1694 1772 1790
f 1772 1716 1793
f 1790 1793 1720
f 1772 1793 1790
f 1716 1773 1808
f 1773 1699 1805
f 1808 1805 1723
f 1773 1805 1808
f 1720 1810 1791
f 1810 1723 1806
f 1791 1806 1700
f 1810 1806 1791
f 1716 1808 1793
f 1808 1723 1810
f 1793 1810 1720
f 1808 1810 1793
f 1695 1794 1751
f 1794 1721 1797
f 1751 1797 1709
f 1794 1797 1751
f 1721 1795 1804
f 1795 1700 1800
f 1804 1800 1722
f 1795 1800 1804
f 1709 1802 1752
f 1802 1722 1799
f 1752 1799 1696
f 1802 1799 1752
f 1721 1804 1797
f 1804 1722 1802
f 1797 1802 1709
f 1804 1802 1797
f 1693 1737 1832
f 1737 1705 1834
f 1832 1834 1729
f 1737 1834 1832
f 1705 1738 1838
f 1738 1695 1836
f 1838 1836 1730
f 1738 1836 1838
f 1729 1840 1833
f 1840 1730 1837
f 1833 1837 1702
f 1840 1837 1833
f 1705 1838 1834
f 1838 1730 1840
f 1834 1840 1729
f 1838 1840 1834
f 1697 1754 1817
f 1754 1710 1819
f 1817 1819 1726
f 1754 1819 1817
f 1710 1753 1816
f 1753 1693 1814
f 1816 1814 1725
f 1753 1814 1816
f 1726 1821 1818
f 1821 1725 1815
f 1818 1815 1701
f 1821 1815 1818
f 1710 1816 1819
f 1816 1725 1821
f 1819 1821 1726
f 1816 1821 1819
f 1699 1776 1781
f 1776 1717 1785
f 1781 1785 1718
f 1776 1785 1781
f 1717 1775 1778
f 1775 1697 1767
f 1778 1767 1714
f 1775 1767 1778
f 1718 1783 1780
f 1783 1714 1768
f 1780 1768 1698
f 1783 1768 1780
f 1717 1778 1785
f 1778 1714 1783
f 1785 1783 1718
f 1778 1783 1785
f 1700 1806 1787
f 1806 1723 1809
f 1787 1809 1719
f 1806 1809 1787
f 1723 1805 1807
f 1805 1699 1770
f 1807 1770 1715
f 1805 1770 1807
f 1719 1789 1786
f 1789 1715 1769
f 1786 1769 1692
f 1789 1769 1786
f 1723 1807 1809
f 1807 1715 1789
f 1809 1789 1719
f 1807 1789 1809
o Hands_001
usemtl Skin
v -0.452886 0.825981 -0.083000
v -0.437114 0.825981 -0.083000
v -0.452886 0.746019 -0.083000
v -0.437114 0.746019 -0.083000
v -0.445000 0.761291 -0.059182
v -0.445000 0.810709 -0.059182
v -0.445000 0.761291 -0.106818
v -0.445000 0.810709 -0.106818
v -0.432240 0.786000 -0.097720
v -0.432240 0.786000 -0.068280
v -0.457760 0.786000 -0.097720
v -0.457760 0.786000 -0.068280
v -0.445000 0.833000 -0.083000
v -0.445000 0.739000 -0.083000
v -0.449635 0.747976 -0.069000
v -0.440365 0.747976 -0.069000
v -0.449635 0.824024 -0.069000
v -0.440365 0.824024 -0.069000
v -0.445000 0.786000 -0.055000
v -0.449635 0.747976 -0.097000
v -0.440365 0.747976 -0.097000
v -0.449635 0.824024 -0.097000
v -0.440365 0.824024 -0.097000
v -0.445000 0.786000 -0.111000
v -0.432865 0.809500 -0.091652
v -0.432865 0.762500 -0.091652
v -0.437500 0.771476 -0.105652
v -0.437500 0.800524 -0.105652
v -0.432865 0.809500 -0.074348
v -0.432865 0.762500 -0.074348
v -0.437500 0.771476 -0.060348
v -0.437500 0.800524 -0.060348
v -0.430000 0.786000 -0.083000
v -0.457135 0.809500 -0.091652
v -0.457135 0.762500 -0.091652
v -0.452500 0.771476 -0.105652
v -0.452500 0.800524 -0.105652
v -0.457135 0.809500 -0.074348
v -0.457135 0.762500 -0.074348
v -0.452500 0.771476 -0.060348
v -0.452500 0.800524 -0.060348
v -0.460000 0.786000 -0.083000
f 1853 1890 1869
f 1890 1864 1893
f 1869 1893 1858
f 1890 1893 1869
f 1853 1869 1865
f 1869 1858 1870
f 1865 1870 1854
f 1869 1870 1865
f 1853 1865 1874
f 1865 1854 1875
f 1874 1875 1860
f 1865 1875 1874
f 1853 1874 1886
f 1874 1860 1889
f 1886 1889 1863
f 1874 1889 1886
f 1853 1886 1890
f 1886 1863 1894
f 1890 1894 1864
f 1886 1894 1890
f 1854 1870 1881
f 1870 1858 1884
f 1881 1884 1862
f 1870 1884 1881
f 1858 1893 1871
f 1893 1864 1892
f 1871 1892 1857
f 1893 1892 1871
f 1864 1894 1891
f 1894 1863 1887
f 1891 1887 1855
f 1894 1887 1891
f 1863 1889 1888
f 1889 1860 1876
f 1888 1876 1859
f 1889 1876 1888
f 1860 1875 1880
f 1875 1854 1877
f 1880 1877 1861
f 1875 1877 1880
f 1856 1882 1868
f 1882 1862 1883
f 1868 1883 1857
f 1882 1883 1868
f 1856 1868 1866
f 1868 1857 1867
f 1866 1867 1855
f 1868 1867 1866
f 1856 1866 1873
f 1866 1855 1872
f 1873 1872 1859
f 1866 1872 1873
f 1856 1873 1878
f 1873 1859 1879
f 1878 1879 1861
f 1873 1879 1878
f 1856 1878 1882
f 1878 1861 1885
f 1882 1885 1862
f 1878 1885 1882
f 1857 1883 1871
f 1883 1862 1884
f 1871 1884 1858
f 1883 1884 1871
f 1855 1867 1891
f 1867 1857 1892
f 1891 1892 1864
f 1867 1892 1891
f 1859 1872 1888
f 1872 1855 1887
f 1888 1887 1863
f 1872 1887 1888
f 1861 1879 1880
f 1879 1859 1876
f 1880 1876 1860
f 1879 1876 1880
f 1862 1885 1881
f 1885 1861 1877
f 1881 1877 1854
f 1885 1877 1881
o Hands_002
usemtl Skin
v -0.479886 0.825981 -0.083000
v -0.464114 0.825981 -0.083000
v -0.479886 0.746019 -0.083000
v -0.464114 0.746019 -0.083000
v -0.472000 0.761291 -0.059182
v -0.472000 0.810709 -0.059182
v -0.472000 0.761291 -0.106818
v -0.472000 0.810709 -0.106818
v -0.459240 0.786000 -0.097720
v -0.459240 0.786000 -0.068280
v -0.484760 0.786000 -0.097720
v -0.484760 0.786000 -0.068280
v -0.472000 0.833000 -0.083000
v -0.472000 0.739000 -0.083000
v -0.476635 0.747976 -0.069000
v -0.467365 0.747976 -0.069000
v -0.476635 0.824024 -0.069000
v -0.467365 0.824024 -0.069000
v -0.472000 0.786000 -0.055000
v -0.476635 0.747976 -0.097000
v -0.467365 0.747976 -0.097000
v -0.476635 0.824024 -0.097000
v -0.467365 0.824024 -0.097000
v -0.472000 0.786000 -0.111000
v -0.459865 0.809500 -0.091652
v -0.459865 0.762500 -0.091652
v -0.464500 0.771476 -0.105652
v -0.464500 0.800524 -0.105652
v -0.459865 0.809500 -0.074348
v -0.459865 0.762500 -0.074348
v -0.464500 0.771476 -0.060348
v -0.464500 0.800524 -0.060348
v -0.457000 0.786000 -0.083000
v -0.484135 0.809500 -0.091652
v -0.484135 0.762500 -0.091652
v -0.479500 0.771476 -0.105652
v -0.479500 0.800524 -0.105652
v -0.484135 0.809500 -0.074348
v -0.484135 0.762500 -0.074348
v -0.479500 0.771476 -0.060348
v -0.479500 0.800524 -0.060348
v -0.487000 0.786000 -0.083000
f 1895 1932 1911
f 1932 1906 1935
f 1911 1935 1900
f 1932 1935 1911
f 1895 1911 1907
f 1911 1900 1912
f 1907 1912 1896
f 1911 1912 1907
f 1895 1907 1916
f 1907 1896 1917
f 1916 1917 1902
f 1907 1917 1916
f 1895 1916 1928
f 1916 1902 1931
f 1928 1931 1905
f 1916 1931 1928
f 1895 1928 1932
f 1928 1905 1936
f 1932 1936 1906
f 1928 1936 1932
f 1896 1912 1923
f 1912 1900 1926
f 1923 1926 1904
f 1912 1926 1923
f 1900 1935 1913
f 1935 1906 1934
f 1913 1934 1899
f 1935 1934 1913
f 1906 1936 1933
f 1936 1905 1929
f 1933 1929 1897
f 1936 1929 1933
f 1905 1931 1930
f 1931 1902 1918
f 1930 1918 1901
f 1931 1918 1930
f 1902 1917 1922
f 1917 1896 1919
f 1922 1919 1903
f 1917 1919 1922
f 1898 1924 1910
f 1924 1904 1925
f 1910 1925 1899
f 1924 1925 1910
f 1898 1910 1908
f 1910 1899 1909
f 1908 1909 1897
f 1910 1909 1908
f 1898 1908 1915
f 1908 1897 1914
f 1915 1914 1901
f 1908 1914 1915
f 1898 1915 1920
f 1915 1901 1921
f 1920 1921 1903
f 1915 1921 1920
f 1898 1920 1924
f 1920 1903 1927
f 1924 1927 1904
f 1920 1927 1924
f 1899 1925 1913
f 1925 1904 1926
f 1913 1926 1900
f 1925 1926 1913
f 1897 1909 1933
f 1909 1899 1934
f 1933 1934 1906
f 1909 1934 1933
f 1901 1914 1930
f 1914 1897 1929
f 1930 1929 1905
f 1914 1929 1930
f 1903 1921 1922
f 1921 1901 1918
f 1922 1918 1902
f 1921 1918 1922
f 1904 1927 1923
f 1927 1903 1919
f 1923 1919 1896
f 1927 1919 1923
o Hands_003
usemtl Skin
v -0.506886 0.825981 -0.083000
v -0.491114 0.825981 -0.083000
v -0.506886 0.746019 -0.083000
v -0.491114 0.746019 -0.083000
v -0.499000 0.761291 -0.059182
v -0.499000 0.810709 -0.059182
v -0.499000 0.761291 -0.106818
v -0.499000 0.810709 -0.106818
v -0.486240 0.786000 -0.097720
v -0.486240 0.786000 -0.068280
v -0.511760 0.786000 -0.097720
v -0.511760 0.786000 -0.068280
v -0.499000 0.833000 -0.083000
v -0.499000 0.739000 -0.083000
v -0.503635 0.747976 -0.069000
v -0.494365 0.747976 -0.069000
v -0.503635 0.824024 -0.069000
v -0.494365 0.824024 -0.069000
v -0.499000 0.786000 -0.055000
v -0.503635 0.747976 -0.097000
v -0.494365 0.747976 -0.097000
v -0.503635 0.824024 -0.097000
v -0.494365 0.824024 -0.097000
v -0.499000 0.786000 -0.111000
v -0.486865 0.809500 -0.091652
v -0.486865 0.762500 -0.091652
v -0.491500 0.771476 -0.105652
v -0.491500 0.800524 -0.105652
v -0.486865 0.809500 -0.074348
v -0.486865 0.762500 -0.074348
v -0.491500 0.771476 -0.060348
v -0.491500 0.800524 -0.060348
v -0.484000 0.786000 -0.083000
v -0.511135 0.809500 -0.091652
v -0.511135 0.762500 -0.091652
v -0.506500 0.771476 -0.105652
v -0.506500 0.800524 -0.105652
v -0.511135 0.809500 -0.074348
v -0.511135 0.762500 -0.074348
v -0.506500 0.771476 -0.060348
v -0.506500 0.800524 -0.060348
v -0.514000 0.786000 -0.083000
f 1937 1974 1953
f 1974 1948 1977
f 1953 1977 1942
f 1974 1977 1953
f 1937 1953 1949
f 1953 1942 1954
f 1949 1954 1938
f 1953 1954 1949
f 1937 1949 1958
f 1949 1938 1959
f 1958 1959 1944
f 1949 1959 1958
f 1937 1958 1970
f 1958 1944 1973
f 1970 1973 1947
f 1958 1973 1970
f 1937 1970 1974
f 1970 1947 1978
f 1974 1978 1948
f 1970 1978 1974
f 1938 1954 1965
f 1954 1942 1968
f 1965 1968 1946
f 1954 1968 1965
f 1942 1977 1955
f 1977 1948 1976
f 1955 1976 1941
f 1977 1976 1955
f 1948 1978 1975
f 1978 1947 1971
f 1975 1971 1939
f 1978 1971 1975
f 1947 1973 1972
f 1973 1944 1960
f 1972 1960 1943
f 1973 1960 1972
f 1944 1959 1964
f 1959 1938 1961
f 1964 1961 1945
f 1959 1961 1964
f 1940 1966 1952
f 1966 1946 1967
f 1952 1967 1941
f 1966 1967 1952
f 1940 1952 1950
f 1952 1941 1951
f 1950 1951 1939
f 1952 1951 1950
f 1940 1950 1957
f 1950 1939 1956
f 1957 1956 1943
f 1950 1956 1957
f 1940 1957 1962
f 1957 1943 1963
f 1962 1963 1945
f 1957 1963 1962
f 1940 1962 1966
f 1962 1945 1969
f 1966 1969 1946
f 1962 1969 1966
f 1941 1967 1955
f 1967 1946 1968
f 1955 1968 1942
f 1967 1968 1955
f 1939 1951 1975
f 1951 1941 1976
f 1975 1976 1948
f 1951 1976 1975
f 1943 1956 1972
f 1956 1939 1971
f 1972 1971 1947
f 1956 1971 1972
f 1945 1963 1964
f 1963 1943 1960
f 1964 1960 1944
f 1963 1960 1964
f 1946 1969 1965
f 1969 1945 1961
f 1965 1961 1938
f 1969 1961 1965
o Hands_004
usemtl Skin
v -0.533886 0.825981 -0.083000
v -0.518114 0.825981 -0.083000
v -0.533886 0.746019 -0.083000
v -0.518114 0.746019 -0.083000
v -0.526000 0.761291 -0.059182
v -0.526000 0.810709 -0.059182
v -0.526000 0.761291 -0.106818
v -0.526000 0.810709 -0.106818
v -0.513240 0.786000 -0.097720
v -0.513240 0.786000 -0.068280
v -0.538760 0.786000 -0.097720
v -0.538760 0.786000 -0.068280
v -0.526000 0.833000 -0.083000
v -0.526000 0.739000 -0.083000
v -0.530635 0.747976 -0.069000
v -0.521365 0.747976 -0.069000
v -0.530635 0.824024 -0.069000
v -0.521365 0.824024 -0.069000
v -0.526000 0.786000 -0.055000
v -0.530635 0.747976 -0.097000
v -0.521365 0.747976 -0.097000
v -0.530635 0.824024 -0.097000
v -0.521365 0.824024 -0.097000
v -0.526000 0.786000 -0.111000
v -0.513865 0.809500 -0.091652
v -0.513865 0.762500 -0.091652
v -0.518500 0.771476 -0.105652
v -0.518500 0.800524 -0.105652
v -0.513865 0.809500 -0.074348
v -0.513865 0.762500 -0.074348
v -0.518500 0.771476 -0.060348
v -0.518500 0.800524 -0.060348
v -0.511000 0.786000 -0.083000
v -0.538135 0.809500 -0.091652
v -0.538135 0.762500 -0.091652
v -0.533500 0.771476 -0.105652
v -0.533500 0.800524 -0.105652
v -0.538135 0.809500 -0.074348
v -0.538135 0.762500 -0.074348
v -0.533500 0.771476 -0.060348
v -0.533500 0.800524 -0.060348
v -0.541000 0.786000 -0.083000
f 1979 2016 1995
f 2016 1990 2019
f 1995 2019 1984
f 2016 2019 1995
f 1979 1995 1991
f 1995 1984 1996
f 1991 1996 1980
f 1995 1996 1991
f 1979 1991 2000
f 1991 1980 2001
f 2000 2001 1986
f 1991 2001 2000
f 1979 2000 2012
f 2000 1986 2015
f 2012 2015 1989
f 2000 2015 2012
f 1979 2012 2016
f 2012 1989 2020
f 2016 2020 1990
f 2012 2020 2016
f 1980 1996 2007
f 1996 1984 2010
f 2007 2010 1988
f 1996 2010 2007
f 1984 2019 1997
f 2019 1990 2018
f 1997 2018 1983
f 2019 2018 1997
f 1990 2020 2017
f 2020 1989 2013
f 2017 2013 1981
f 2020 2013 2017
f 1989 2015 2014
f 2015 1986 2002
f 2014 2002 1985
f 2015 2002 2014
f 1986 2001 2006
f 2001 1980 2003
f 2006 2003 1987
f 2001 2003 2006
f 1982 2008 1994
f 2008 1988 2009
f 1994 2009 1983
f 2008 2009 1994
f 1982 1994 1992
f 1994 1983 1993
f 1992 1993 1981
f 1994 1993 1992
f 1982 1992 1999
f 1992 1981 1998
f 1999 1998 1985
f 1992 1998 1999
f 1982 1999 2004
f 1999 1985 2005
f 2004 2005 1987
f 1999 2005 2004
f 1982 2004 2008
f 2004 1987 2011
f 2008 2011 1988
f 2004 2011 2008
f 1983 2009 1997
f 2009 1988 2010
f 1997 2010 1984
f 2009 2010 1997
f 1981 1993 2017
f 1993 1983 2018
f 2017 2018 1990
f 1993 2018 2017
f 1985 1998 2014
f 1998 1981 2013
f 2014 2013 1989
f 1998 2013 2014
f 1987 2005 2006
f 2005 1985 2002
f 2006 2002 1986
f 2005 2002 2006
f 1988 2011 2007
f 2011 1987 2003
f 2007 2003 1980
f 2011 2003 2007
o Hands_005
usemtl Skin
v 0.446519 0.968675 -0.050000
v 0.527481 0.968675 -0.050000
v 0.446519 0.771325 -0.050000
v 0.527481 0.771325 -0.050000
v 0.487000 0.809015 0.005292
v 0.487000 0.930985 0.005292
v 0.487000 0.809015 -0.105292
v 0.487000 0.930985 -0.105292
v 0.552500 0.870000 -0.084173
v 0.552500 0.870000 -0.015827
v 0.421500 0.870000 -0.084173
v 0.421500 0.870000 -0.015827
v 0.487000 0.986000 -0.050000
v 0.487000 0.754000 -0.050000
v 0.463206 0.776154 -0.017500
v 0.510794 0.776154 -0.017500
v 0.463206 0.963846 -0.017500
v 0.510794 0.963846 -0.017500
v 0.487000 0.870000 0.015000
v 0.463206 0.776154 -0.082500
v 0.510794 0.776154 -0.082500
v 0.463206 0.963846 -0.082500
v 0.510794 0.963846 -0.082500
v 0.487000 0.870000 -0.115000
v 0.549294 0.928000 -0.070086
v 0.549294 0.812000 -0.070086
v 0.525500 0.834154 -0.102586
v 0.525500 0.905846 -0.102586
v 0.549294 0.928000 -0.029914
v 0.549294 0.812000 -0.029914
v 0.525500 0.834154 0.002586
v 0.525500 0.905846 0.002586
v 0.564000 0.870000 -0.050000
v 0.424706 0.928000 -0.070086
v 0.424706 0.812000 -0.070086
v 0.448500 0.834154 -0.102586
v 0.448500 0.905846 -0.102586
v 0.424706 0.928000 -0.029914
v 0.424706 0.812000 -0.029914
v 0.448500 0.834154 0.002586
v 0.448500 0.905846 0.002586
v 0.410000 0.870000 -0.050000
v 0.465958 0.981585 -0.050000
v 0.508042 0.981585 -0.050000
v 0.465958 0.758415 -0.050000
v 0.508042 0.758415 -0.050000
v 0.453591 0.769930 -0.033107
v 0.474632 0.789521 -0.004367
v 0.474491 0.759677 -0.032914
v 0.520409 0.769930 -0.033107
v 0.499368 0.789521 -0.004367
v 0.499509 0.759677 -0.032914
v 0.487000 0.771325 -0.015827
v 0.453591 0.970070 -0.033107
v 0.474632 0.950479 -0.004367
v 0.474491 0.980323 -0.032914
v 0.520409 0.970070 -0.033107
v 0.499368 0.950479 -0.004367
v 0.499509 0.980323 -0.032914
v 0.487000 0.968675 -0.015827
v 0.487000 0.838301 0.012526
v 0.487000 0.901699 0.012526
v 0.453591 0.769930 -0.066893
v 0.474632 0.789521 -0.095633
v 0.474491 0.759677 -0.067086
v 0.520409 0.769930 -0.066893
v 0.499368 0.789521 -0.095633
v 0.499509 0.759677 -0.067086
v 0.487000 0.771325 -0.084173
v 0.453591 0.970070 -0.066893
v 0.474632 0.950479 -0.095633
v 0.474491 0.980323 -0.067086
v 0.520409 0.970070 -0.066893
v 0.499368 0.950479 -0.095633
v 0.499509 0.980323 -0.067086
v 0.487000 0.968675 -0.084173
v 0.487000 0.838301 -0.112526
v 0.487000 0.901699 -0.112526
v 0.540421 0.951437 -0.060440
v 0.553425 0.900147 -0.078203
v 0.532259 0.949830 -0.077646
v 0.540421 0.788563 -0.060440
v 0.553425 0.839853 -0.078203
v 0.532259 0.790170 -0.077646
v 0.507012 0.819669 -0.106073
v 0.541058 0.851368 -0.095096
v 0.519750 0.801817 -0.094732
v 0.507241 0.851155 -0.111819
v 0.539991 0.820662 -0.088206
v 0.507012 0.920331 -0.106073
v 0.541058 0.888632 -0.095096
v 0.519750 0.938183 -0.094732
v 0.507241 0.888845 -0.111819
v 0.539991 0.919338 -0.088206
v 0.527481 0.870000 -0.105292
v 0.540421 0.951437 -0.039560
v 0.553425 0.900147 -0.021797
v 0.532259 0.949830 -0.022354
v 0.552500 0.930985 -0.050000
v 0.540421 0.788563 -0.039560
v 0.553425 0.839853 -0.021797
v 0.532259 0.790170 -0.022354
v 0.552500 0.809015 -0.050000
v 0.507012 0.819669 0.006073
v 0.541058 0.851368 -0.004904
v 0.519750 0.801817 -0.005268
v 0.507241 0.851155 0.011819
v 0.539991 0.820662 -0.011794
v 0.507012 0.920331 0.006073
v 0.541058 0.888632 -0.004904
v 0.519750 0.938183 -0.005268
v 0.507241 0.888845 0.011819
v 0.539991 0.919338 -0.011794
v 0.527481 0.870000 0.005292
v 0.561069 0.870000 -0.067762
v 0.561069 0.870000 -0.032238
v 0.560231 0.900492 -0.060560
v 0.560231 0.839508 -0.060560
v 0.560231 0.900492 -0.039440
v 0.560231 0.839508 -0.039440
v 0.433579 0.951437 -0.060440
v 0.420575 0.900147 -0.078203
v 0.441741 0.949830 -0.077646
v 0.433579 0.788563 -0.060440
v 0.420575 0.839853 -0.078203
v 0.441741 0.790170 -0.077646
v 0.466988 0.819669 -0.106073
v 0.432942 0.851368 -0.095096
v 0.454250 0.801817 -0.094732
v 0.466759 0.851155 -0.111819
v 0.434009 0.820662 -0.088206
v 0.466988 0.920331 -0.106073
v 0.432942 0.888632 -0.095096
v 0.454250 0.938183 -0.094732
v 0.466759 0.888845 -0.111819
v 0.434009 0.919338 -0.088206
v 0.446519 0.870000 -0.105292
v 0.433579 0.951437 -0.039560
v 0.420575 0.900147 -0.021797
v 0.441741 0.949830 -0.022354
v 0.421500 0.930985 -0.050000
v 0.433579 0.788563 -0.039560
v 0.420575 0.839853 -0.021797
v 0.441741 0.790170 -0.022354
v 0.421500 0.809015 -0.050000
v 0.466988 0.819669 0.006073
v 0.432942 0.851368 -0.004904
v 0.454250 0.801817 -0.005268
v 0.466759 0.851155 0.011819
v 0.434009 0.820662 -0.011794
v 0.466988 0.920331 0.006073
v 0.432942 0.888632 -0.004904
v 0.454250 0.938183 -0.005268
v 0.466759 0.888845 0.011819
v 0.434009 0.919338 -0.011794
v 0.446519 0.870000 0.005292
v 0.412931 0.870000 -0.067762
v 0.412931 0.870000 -0.032238
v 0.413769 0.900492 -0.060560
v 0.413769 0.839508 -0.060560
v 0.413769 0.900492 -0.039440
v 0.413769 0.839508 -0.039440
f 2021 2158 2074
f 2158 2058 2160
f 2074 2160 2037
f 2158 2160 2074
f 2058 2159 2175
f 2159 2032 2172
f 2175 2172 2061
f 2159 2172 2175
f 2037 2173 2075
f 2173 2061 2171
f 2075 2171 2026
f 2173 2171 2075
f 2058 2175 2160
f 2175 2061 2173
f 2160 2173 2037
f 2175 2173 2160
f 2021 2074 2063
f 2074 2037 2076
f 2063 2076 2033
f 2074 2076 2063
f 2037 2075 2080
f 2075 2026 2078
f 2080 2078 2038
f 2075 2078 2080
f 2033 2079 2064
f 2079 2038 2077
f 2064 2077 2022
f 2079 2077 2064
f 2037 2080 2076
f 2080 2038 2079
f 2076 2079 2033
f 2080 2079 2076
f 2021 2063 2090
f 2063 2033 2092
f 2090 2092 2042
f 2063 2092 2090
f 2033 2064 2095
f 2064 2022 2093
f 2095 2093 2043
f 2064 2093 2095
f 2042 2096 2091
f 2096 2043 2094
f 2091 2094 2028
f 2096 2094 2091
f 2033 2095 2092
f 2095 2043 2096
f 2092 2096 2042
f 2095 2096 2092
f 2021 2090 2141
f 2090 2042 2143
f 2141 2143 2054
f 2090 2143 2141
f 2042 2091 2154
f 2091 2028 2152
f 2154 2152 2057
f 2091 2152 2154
f 2054 2156 2142
f 2156 2057 2153
f 2142 2153 2031
f 2156 2153 2142
f 2042 2154 2143
f 2154 2057 2156
f 2143 2156 2054
f 2154 2156 2143
f 2021 2141 2158
f 2141 2054 2161
f 2158 2161 2058
f 2141 2161 2158
f 2054 2142 2179
f 2142 2031 2177
f 2179 2177 2062
f 2142 2177 2179
f 2058 2181 2159
f 2181 2062 2178
f 2159 2178 2032
f 2181 2178 2159
f 2054 2179 2161
f 2179 2062 2181
f 2161 2181 2058
f 2179 2181 2161
f 2022 2077 2116
f 2077 2038 2118
f 2116 2118 2049
f 2077 2118 2116
f 2038 2078 2131
f 2078 2026 2129
f 2131 2129 2052
f 2078 2129 2131
f 2049 2133 2117
f 2133 2052 2130
f 2117 2130 2030
f 2133 2130 2117
f 2038 2131 2118
f 2131 2052 2133
f 2118 2133 2049
f 2131 2133 2118
f 2026 2171 2082
f 2171 2061 2174
f 2082 2174 2039
f 2171 2174 2082
f 2061 2172 2176
f 2172 2032 2167
f 2176 2167 2060
f 2172 2167 2176
f 2039 2169 2081
f 2169 2060 2166
f 2081 2166 2025
f 2169 2166 2081
f 2061 2176 2174
f 2176 2060 2169
f 2174 2169 2039
f 2176 2169 2174
f 2032 2178 2163
f 2178 2062 2182
f 2163 2182 2059
f 2178 2182 2163
f 2062 2177 2180
f 2177 2031 2145
f 2180 2145 2055
f 2177 2145 2180
f 2059 2165 2162
f 2165 2055 2144
f 2162 2144 2023
f 2165 2144 2162
f 2062 2180 2182
f 2180 2055 2165
f 2182 2165 2059
f 2180 2165 2182
f 2031 2153 2148
f 2153 2057 2157
f 2148 2157 2056
f 2153 2157 2148
f 2057 2152 2155
f 2152 2028 2098
f 2155 2098 2044
f 2152 2098 2155
f 2056 2150 2147
f 2150 2044 2097
f 2147 2097 2027
f 2150 2097 2147
f 2057 2155 2157
f 2155 2044 2150
f 2157 2150 2056
f 2155 2150 2157
f 2028 2094 2110
f 2094 2043 2112
f 2110 2112 2048
f 2094 2112 2110
f 2043 2093 2101
f 2093 2022 2099
f 2101 2099 2045
f 2093 2099 2101
f 2048 2114 2111
f 2114 2045 2100
f 2111 2100 2029
f 2114 2100 2111
f 2043 2101 2112
f 2101 2045 2114
f 2112 2114 2048
f 2101 2114 2112
f 2024 2120 2070
f 2120 2050 2122
f 2070 2122 2036
f 2120 2122 2070
f 2050 2121 2128
f 2121 2030 2125
f 2128 2125 2051
f 2121 2125 2128
f 2036 2126 2071
f 2126 2051 2124
f 2071 2124 2025
f 2126 2124 2071
f 2050 2128 2122
f 2128 2051 2126
f 2122 2126 2036
f 2128 2126 2122
f 2024 2070 2066
f 2070 2036 2072
f 2066 2072 2034
f 2070 2072 2066
f 2036 2071 2073
f 2071 2025 2068
f 2073 2068 2035
f 2071 2068 2073
f 2034 2069 2065
f 2069 2035 2067
f 2065 2067 2023
f 2069 2067 2065
f 2036 2073 2072
f 2073 2035 2069
f 2072 2069 2034
f 2073 2069 2072
f 2024 2066 2086
f 2066 2034 2088
f 2086 2088 2041
f 2066 2088 2086
f 2034 2065 2085
f 2065 2023 2083
f 2085 2083 2040
f 2065 2083 2085
f 2041 2089 2087
f 2089 2040 2084
f 2087 2084 2027
f 2089 2084 2087
f 2034 2085 2088
f 2085 2040 2089
f 2088 2089 2041
f 2085 2089 2088
f 2024 2086 2102
f 2086 2041 2104
f 2102 2104 2046
f 2086 2104 2102
f 2041 2087 2107
f 2087 2027 2105
f 2107 2105 2047
f 2087 2105 2107
f 2046 2109 2103
f 2109 2047 2106
f 2103 2106 2029
f 2109 2106 2103
f 2041 2107 2104
f 2107 2047 2109
f 2104 2109 2046
f 2107 2109 2104
f 2024 2102 2120
f 2102 2046 2123
f 2120 2123 2050
f 2102 2123 2120
f 2046 2103 2138
f 2103 2029 2135
f 2138 2135 2053
f 2103 2135 2138
f 2050 2140 2121
f 2140 2053 2136
f 2121 2136 2030
f 2140 2136 2121
f 2046 2138 2123
f 2138 2053 2140
f 2123 2140 2050
f 2138 2140 2123
f 2025 2124 2081
f 2124 2051 2127
f 2081 2127 2039
f 2124 2127 2081
f 2051 2125 2134
f 2125 2030 2130
f 2134 2130 2052
f 2125 2130 2134
f 2039 2132 2082
f 2132 2052 2129
f 2082 2129 2026
f 2132 2129 2082
f 2051 2134 2127
f 2134 2052 2132
f 2127 2132 2039
f 2134 2132 2127
f 2023 2067 2162
f 2067 2035 2164
f 2162 2164 2059
f 2067 2164 2162
f 2035 2068 2168
f 2068 2025 2166
f 2168 2166 2060
f 2068 2166 2168
f 2059 2170 2163
f 2170 2060 2167
f 2163 2167 2032
f 2170 2167 2163
f 2035 2168 2164
f 2168 2060 2170
f 2164 2170 2059
f 2168 2170 2164
f 2027 2084 2147
f 2084 2040 2149
f 2147 2149 2056
f 2084 2149 2147
f 2040 2083 2146
f 2083 2023 2144
f 2146 2144 2055
f 2083 2144 2146
f 2056 2151 2148
f 2151 2055 2145
f 2148 2145 2031
f 2151 2145 2148
f 2040 2146 2149
f 2146 2055 2151
f 2149 2151 2056
f 2146 2151 2149
f 2029 2106 2111
f 2106 2047 2115
f 2111 2115 2048
f 2106 2115 2111
f 2047 2105 2108
f 2105 2027 2097
f 2108 2097 2044
f 2105 2097 2108
f 2048 2113 2110
f 2113 2044 2098
f 2110 2098 2028
f 2113 2098 2110
f 2047 2108 2115
f 2108 2044 2113
f 2115 2113 2048
f 2108 2113 2115
f 2030 2136 2117
f 2136 2053 2139
f 2117 2139 2049
f 2136 2139 2117
f 2053 2135 2137
f 2135 2029 2100
f 2137 2100 2045
f 2135 2100 2137
f 2049 2119 2116
f 2119 2045 2099
f 2116 2099 2022
f 2119 2099 2116
f 2053 2137 2139
f 2137 2045 2119
f 2139 2119 2049
f 2137 2119 2139
o Hands_006
usemtl Skin
v 0.437114 0.825981 -0.083000
v 0.452886 0.825981 -0.083000
v 0.437114 0.746019 -0.083000
v 0.452886 0.746019 -0.083000
v 0.445000 0.761291 -0.059182
v 0.445000 0.810709 -0.059182
v 0.445000 0.761291 -0.106818
v 0.445000 0.810709 -0.106818
v 0.457760 0.786000 -0.097720
v 0.457760 0.786000 -0.068280
v 0.432240 0.786000 -0.097720
v 0.432240 0.786000 -0.068280
v 0.445000 0.833000 -0.083000
v 0.445000 0.739000 -0.083000
v 0.440365 0.747976 -0.069000
v 0.449635 0.747976 -0.069000
v 0.440365 0.824024 -0.069000
v 0.449635 0.824024 -0.069000
v 0.445000 0.786000 -0.055000
v 0.440365 0.747976 -0.097000
v 0.449635 0.747976 -0.097000
v 0.440365 0.824024 -0.097000
v 0.449635 0.824024 -0.097000
v 0.445000 0.786000 -0.111000
v 0.457135 0.809500 -0.091652
v 0.457135 0.762500 -0.091652
v 0.452500 0.771476 -0.105652
v 0.452500 0.800524 -0.105652
v 0.457135 0.809500 -0.074348
v 0.457135 0.762500 -0.074348
v 0.452500 0.771476 -0.060348
v 0.452500 0.800524 -0.060348
v 0.460000 0.786000 -0.083000
v 0.432865 0.809500 -0.091652
v 0.432865 0.762500 -0.091652
v 0.437500 0.771476 -0.105652
v 0.437500 0.800524 -0.105652
v 0.432865 0.809500 -0.074348
v 0.432865 0.762500 -0.074348
v 0.437500 0.771476 -0.060348
v 0.437500 0.800524 -0.060348
v 0.430000 0.786000 -0.083000
f 2183 2220 2199
f 2220 2194 2223
f 2199 2223 2188
f 2220 2223 2199
f 2183 2199 2195
f 2199 2188 2200
f 2195 2200 2184
f 2199 2200 2195
f 2183 2195 2204
f 2195 2184 2205
f 2204 2205 2190
f 2195 2205 2204
f 2183 2204 2216
f 2204 2190 2219
f 2216 2219 2193
f 2204 2219 2216
f 2183 2216 2220
f 2216 2193 2224
f 2220 2224 2194
f 2216 2224 2220
f 2184 2200 2211
f 2200 2188 2214
f 2211 2214 2192
f 2200 2214 2211
f 2188 2223 2201
f 2223 2194 2222
f 2201 2222 2187
f 2223 2222 2201
f 2194 2224 2221
f 2224 2193 2217
f 2221 2217 2185
f 2224 2217 2221
f 2193 2219 2218
f 2219 2190 2206
f 2218 2206 2189
f 2219 2206 2218
f 2190 2205 2210
f 2205 2184 2207
f 2210 2207 2191
f 2205 2207 2210
f 2186 2212 2198
f 2212 2192 2213
f 2198 2213 2187
f 2212 2213 2198
f 2186 2198 2196
f 2198 2187 2197
f 2196 2197 2185
f 2198 2197 2196
f 2186 2196 2203
f 2196 2185 2202
f 2203 2202 2189
f 2196 2202 2203
f 2186 2203 2208
f 2203 2189 2209
f 2208 2209 2191
f 2203 2209 2208
f 2186 2208 2212
f 2208 2191 2215
f 2212 2215 2192
f 2208 2215 2212
f 2187 2213 2201
f 2213 2192 2214
f 2201 2214 2188
f 2213 2214 2201
f 2185 2197 2221
f 2197 2187 2222
f 2221 2222 2194
f 2197 2222 2221
f 2189 2202 2218
f 2202 2185 2217
f 2218 2217 2193
f 2202 2217 2218
f 2191 2209 2210
f 2209 2189 2206
f 2210 2206 2190
f 2209 2206 2210
f 2192 2215 2211
f 2215 2191 2207
f 2211 2207 2184
f 2215 2207 2211
o Hands_007
usemtl Skin
v 0.464114 0.825981 -0.083000
v 0.479886 0.825981 -0.083000
v 0.464114 0.746019 -0.083000
v 0.479886 0.746019 -0.083000
v 0.472000 0.761291 -0.059182
v 0.472000 0.810709 -0.059182
v 0.472000 0.761291 -0.106818
v 0.472000 0.810709 -0.106818
v 0.484760 0.786000 -0.097720
v 0.484760 0.786000 -0.068280
v 0.459240 0.786000 -0.097720
v 0.459240 0.786000 -0.068280
v 0.472000 0.833000 -0.083000
v 0.472000 0.739000 -0.083000
v 0.467365 0.747976 -0.069000
v 0.476635 0.747976 -0.069000
v 0.467365 0.824024 -0.069000
v 0.476635 0.824024 -0.069000
v 0.472000 0.786000 -0.055000
v 0.467365 0.747976 -0.097000
v 0.476635 0.747976 -0.097000
v 0.467365 0.824024 -0.097000
v 0.476635 0.824024 -0.097000
v 0.472000 0.786000 -0.111000
v 0.484135 0.809500 -0.091652
v 0.484135 0.762500 -0.091652
v 0.479500 0.771476 -0.105652
v 0.479500 0.800524 -0.105652
v 0.484135 0.809500 -0.074348
v 0.484135 0.762500 -0.074348
v 0.479500 0.771476 -0.060348
v 0.479500 0.800524 -0.060348
v 0.487000 0.786000 -0.083000
v 0.459865 0.809500 -0.091652
v 0.459865 0.762500 -0.091652
v 0.464500 0.771476 -0.105652
v 0.464500 0.800524 -0.105652
v 0.459865 0.809500 -0.074348
v 0.459865 0.762500 -0.074348
v 0.464500 0.771476 -0.060348
v 0.464500 0.800524 -0.060348
v 0.457000 0.786000 -0.083000
f 2225 2262 2241
f 2262 2236 2265
f 2241 2265 2230
f 2262 2265 2241
f 2225 2241 2237
f 2241 2230 2242
f 2237 2242 2226
f 2241 2242 2237
f 2225 2237 2246
f 2237 2226 2247
f 2246 2247 2232
f 2237 2247 2246
f 2225 2246 2258
f 2246 2232 2261
f 2258 2261 2235
f 2246 2261 2258
f 2225 2258 2262
f 2258 2235 2266
f 2262 2266 2236
f 2258 2266 2262
f 2226 2242 2253
f 2242 2230 2256
f 2253 2256 2234
f 2242 2256 2253
f 2230 2265 2243
f 2265 2236 2264
f 2243 2264 2229
f 2265 2264 2243
f 2236 2266 2263
f 2266 2235 2259
f 2263 2259 2227
f 2266 2259 2263
f 2235 2261 2260
f 2261 2232 2248
f 2260 2248 2231
f 2261 2248 2260
f 2232 2247 2252
f 2247 2226 2249
f 2252 2249 2233
f 2247 2249 2252
f 2228 2254 2240
f 2254 2234 2255
f 2240 2255 2229
f 2254 2255 2240
f 2228 2240 2238
f 2240 2229 2239
f 2238 2239 2227
f 2240 2239 2238
f 2228 2238 2245
f 2238 2227 2244
f 2245 2244 2231
f 2238 2244 2245
f 2228 2245 2250
f 2245 2231 2251
f 2250 2251 2233
f 2245 2251 2250
f 2228 2250 2254
f 2250 2233 2257
f 2254 2257 2234
f 2250 2257 2254
f 2229 2255 2243
f 2255 2234 2256
f 2243 2256 2230
f 2255 2256 2243
f 2227 2239 2263
f 2239 2229 2264
f 2263 2264 2236
f 2239 2264 2263
f 2231 2244 2260
f 2244 2227 2259
f 2260 2259 2235
f 2244 2259 2260
f 2233 2251 2252
f 2251 2231 2248
f 2252 2248 2232
f 2251 2248 2252
f 2234 2257 2253
f 2257 2233 2249
f 2253 2249 2226
f 2257 2249 2253
o Hands_008
usemtl Skin
v 0.491114 0.825981 -0.083000
v 0.506886 0.825981 -0.083000
v 0.491114 0.746019 -0.083000
v 0.506886 0.746019 -0.083000
v 0.499000 0.761291 -0.059182
v 0.499000 0.810709 -0.059182
v 0.499000 0.761291 -0.106818
v 0.499000 0.810709 -0.106818
v 0.511760 0.786000 -0.097720
v 0.511760 0.786000 -0.068280
v 0.486240 0.786000 -0.097720
v 0.486240 0.786000 -0.068280
v 0.499000 0.833000 -0.083000
v 0.499000 0.739000 -0.083000
v 0.494365 0.747976 -0.069000
v 0.503635 0.747976 -0.069000
v 0.494365 0.824024 -0.069000
v 0.503635 0.824024 -0.069000
v 0.499000 0.786000 -0.055000
v 0.494365 0.747976 -0.097000
v 0.503635 0.747976 -0.097000
v 0.494365 0.824024 -0.097000
v 0.503635 0.824024 -0.097000
v 0.499000 0.786000 -0.111000
v 0.511135 0.809500 -0.091652
v 0.511135 0.762500 -0.091652
v 0.506500 0.771476 -0.105652
v 0.506500 0.800524 -0.105652
v 0.511135 0.809500 -0.074348
v 0.511135 0.762500 -0.074348
v 0.506500 0.771476 -0.060348
v 0.506500 0.800524 -0.060348
v 0.514000 0.786000 -0.083000
v 0.486865 0.809500 -0.091652
v 0.486865 0.762500 -0.091652
v 0.491500 0.771476 -0.105652
v 0.491500 0.800524 -0.105652
v 0.486865 0.809500 -0.074348
v 0.486865 0.762500 -0.074348
v 0.491500 0.771476 -0.060348
v 0.491500 0.800524 -0.060348
v 0.484000 0.786000 -0.083000
f 2267 2304 2283
f 2304 2278 2307
f 2283 2307 2272
f 2304 2307 2283
f 2267 2283 2279
f 2283 2272 2284
f 2279 2284 2268
f 2283 2284 2279
f 2267 2279 2288
f 2279 2268 2289
f 2288 2289 2274
f 2279 2289 2288
f 2267 2288 2300
f 2288 2274 2303
f 2300 2303 2277
f 2288 2303 2300
f 2267 2300 2304
f 2300 2277 2308
f 2304 2308 2278
f 2300 2308 2304
f 2268 2284 2295
f 2284 2272 2298
f 2295 2298 2276
f 2284 2298 2295
f 2272 2307 2285
f 2307 2278 2306
f 2285 2306 2271
f 2307 2306 2285
f 2278 2308 2305
f 2308 2277 2301
f 2305 2301 2269
f 2308 2301 2305
f 2277 2303 2302
f 2303 2274 2290
f 2302 2290 2273
f 2303 2290 2302
f 2274 2289 2294
f 2289 2268 2291
f 2294 2291 2275
f 2289 2291 2294
f 2270 2296 2282
f 2296 2276 2297
f 2282 2297 2271
f 2296 2297 2282
f 2270 2282 2280
f 2282 2271 2281
f 2280 2281 2269
f 2282 2281 2280
f 2270 2280 2287
f 2280 2269 2286
f 2287 2286 2273
f 2280 2286 2287
f 2270 2287 2292
f 2287 2273 2293
f 2292 2293 2275
f 2287 2293 2292
f 2270 2292 2296
f 2292 2275 2299
f 2296 2299 2276
f 2292 2299 2296
f 2271 2297 2285
f 2297 2276 2298
f 2285 2298 2272
f 2297 2298 2285
f 2269 2281 2305
f 2281 2271 2306
f 2305 2306 2278
f 2281 2306 2305
f 2273 2286 2302
f 2286 2269 2301
f 2302 2301 2277
f 2286 2301 2302
f 2275 2293 2294
f 2293 2273 2290
f 2294 2290 2274
f 2293 2290 2294
f 2276 2299 2295
f 2299 2275 2291
f 2295 2291 2268
f 2299 2291 2295
o Hands_009
usemtl Skin
v 0.518114 0.825981 -0.083000
v 0.533886 0.825981 -0.083000
v 0.518114 0.746019 -0.083000
v 0.533886 0.746019 -0.083000
v 0.526000 0.761291 -0.059182
v 0.526000 0.810709 -0.059182
v 0.526000 0.761291 -0.106818
v 0.526000 0.810709 -0.106818
v 0.538760 0.786000 -0.097720
v 0.538760 0.786000 -0.068280
v 0.513240 0.786000 -0.097720
v 0.513240 0.786000 -0.068280
v 0.526000 0.833000 -0.083000
v 0.526000 0.739000 -0.083000
v 0.521365 0.747976 -0.069000
v 0.530635 0.747976 -0.069000
v 0.521365 0.824024 -0.069000
v 0.530635 0.824024 -0.069000
v 0.526000 0.786000 -0.055000
v 0.521365 0.747976 -0.097000
v 0.530635 0.747976 -0.097000
v 0.521365 0.824024 -0.097000
v 0.530635 0.824024 -0.097000
v 0.526000 0.786000 -0.111000
v 0.538135 0.809500 -0.091652
v 0.538135 0.762500 -0.091652
v 0.533500 0.771476 -0.105652
v 0.533500 0.800524 -0.105652
v 0.538135 0.809500 -0.074348
v 0.538135 0.762500 -0.074348
v 0.533500 0.771476 -0.060348
v 0.533500 0.800524 -0.060348
v 0.541000 0.786000 -0.083000
v 0.513865 0.809500 -0.091652
v 0.513865 0.762500 -0.091652
v 0.518500 0.771476 -0.105652
v 0.518500 0.800524 -0.105652
v 0.513865 0.809500 -0.074348
v 0.513865 0.762500 -0.074348
v 0.518500 0.771476 -0.060348
v 0.518500 0.800524 -0.060348
v 0.511000 0.786000 -0.083000
f 2309 2346 2325
f 2346 2320 2349
f 2325 2349 2314
f 2346 2349 2325
f 2309 2325 2321
f 2325 2314 2326
f 2321 2326 2310
f 2325 2326 2321
f 2309 2321 2330
f 2321 2310 2331
f 2330 2331 2316
f 2321 2331 2330
f 2309 2330 2342
f 2330 2316 2345
f 2342 2345 2319
f 2330 2345 2342
f 2309 2342 2346
f 2342 2319 2350
f 2346 2350 2320
f 2342 2350 2346
f 2310 2326 2337
f 2326 2314 2340
f 2337 2340 2318
f 2326 2340 2337
f 2314 2349 2327
f 2349 2320 2348
f 2327 2348 2313
f 2349 2348 2327
f 2320 2350 2347
f 2350 2319 2343
f 2347 2343 2311
f 2350 2343 2347
f 2319 2345 2344
f 2345 2316 2332
f 2344 2332 2315
f 2345 2332 2344
f 2316 2331 2336
f 2331 2310 2333
f 2336 2333 2317
f 2331 2333 2336
f 2312 2338 2324
f 2338 2318 2339
f 2324 2339 2313
f 2338 2339 2324
f 2312 2324 2322
f 2324 2313 2323
f 2322 2323 2311
f 2324 2323 2322
f 2312 2322 2329
f 2322 2311 2328
f 2329 2328 2315
f 2322 2328 2329
f 2312 2329 2334
f 2329 2315 2335
f 2334 2335 2317
f 2329 2335 2334
f 2312 2334 2338
f 2334 2317 2341
f 2338 2341 2318
f 2334 2341 2338
f 2313 2339 2327
f 2339 2318 2340
f 2327 2340 2314
f 2339 2340 2327
f 2311 2323 2347
f 2323 2313 2348
f 2347 2348 2320
f 2323 2348 2347
f 2315 2328 2344
f 2328 2311 2343
f 2344 2343 2319
f 2328 2343 2344
f 2317 2335 2336
f 2335 2315 2332
f 2336 2332 2316
f 2335 2332 2336
f 2318 2341 2337
f 2341 2317 2333
f 2337 2333 2310
f 2341 2333 2337
o Head_000
usemtl Skin
v 0.000000 1.610000 -0.004000
v 0.000000 1.610000 -0.094000
v 0.000000 1.740000 -0.094000
v 0.000000 1.740000 -0.004000
v -0.045000 1.610000 -0.081942
v -0.045000 1.740000 -0.081942
v -0.077942 1.610000 -0.049000
v -0.077942 1.740000 -0.049000
v -0.090000 1.610000 -0.004000
v -0.090000 1.740000 -0.004000
v -0.077942 1.610000 0.041000
v -0.077942 1.740000 0.041000
v -0.045000 1.610000 0.073942
v -0.045000 1.740000 0.073942
v -0.000000 1.610000 0.086000
v -0.000000 1.740000 0.086000
v 0.045000 1.610000 0.073942
v 0.045000 1.740000 0.073942
v 0.077942 1.610000 0.041000
v 0.077942 1.740000 0.041000
v 0.090000 1.610000 -0.004000
v 0.090000 1.740000 -0.004000
v 0.077942 1.610000 -0.049000
v 0.077942 1.740000 -0.049000
v 0.045000 1.610000 -0.081942
v 0.045000 1.740000 -0.081942
f 2352 2351 2355
f 2352 2355 2353
f 2353 2355 2356
f 2353 2356 2354
f 2355 2351 2357
f 2355 2357 2356
f 2356 2357 2358
f 2356 2358 2354
f 2357 2351 2359
f 2357 2359 2358
f 2358 2359 2360
f 2358 2360 2354
f 2359 2351 2361
f 2359 2361 2360
f 2360 2361 2362
f 2360 2362 2354
f 2361 2351 2363
f 2361 2363 2362
f 2362 2363 2364
f 2362 2364 2354
f 2363 2351 2365
f 2363 2365 2364
f 2364 2365 2366
f 2364 2366 2354
f 2365 2351 2367
f 2365 2367 2366
f 2366 2367 2368
f 2366 2368 2354
f 2367 2351 2369
f 2367 2369 2368
f 2368 2369 2370
f 2368 2370 2354
f 2369 2351 2371
f 2369 2371 2370
f 2370 2371 2372
f 2370 2372 2354
f 2371 2351 2373
f 2371 2373 2372
f 2372 2373 2374
f 2372 2374 2354
f 2373 2351 2375
f 2373 2375 2374
f 2374 2375 2376
f 2374 2376 2354
f 2375 2351 2352
f 2375 2352 2376
f 2376 2352 2353
f 2376 2353 2354
o Head_001
usemtl Skin
v -0.114609 2.091065 -0.018000
v 0.114609 2.091065 -0.018000
v -0.114609 1.658935 -0.018000
v 0.114609 1.658935 -0.018000
v 0.000000 1.741464 0.137669
v 0.000000 2.008536 0.137669
v 0.000000 1.741464 -0.173669
v 0.000000 2.008536 -0.173669
v 0.185442 1.875000 -0.114209
v 0.185442 1.875000 0.078209
v -0.185442 1.875000 -0.114209
v -0.185442 1.875000 0.078209
v 0.000000 2.129000 -0.018000
v 0.000000 1.621000 -0.018000
v -0.067366 1.669510 0.073500
v 0.067366 1.669510 0.073500
v -0.067366 2.080490 0.073500
v 0.067366 2.080490 0.073500
v 0.000000 1.875000 0.165000
v -0.067366 1.669510 -0.109500
v 0.067366 1.669510 -0.109500
v -0.067366 2.080490 -0.109500
v 0.067366 2.080490 -0.109500
v 0.000000 1.875000 -0.201000
v 0.176366 2.002000 -0.074550
v 0.176366 1.748000 -0.074550
v 0.109000 1.796510 -0.166050
v 0.109000 1.953490 -0.166050
v 0.176366 2.002000 0.038550
v 0.176366 1.748000 0.038550
v 0.109000 1.796510 0.130050
v 0.109000 1.953490 0.130050
v 0.218000 1.875000 -0.018000
v -0.176366 2.002000 -0.074550
v -0.176366 1.748000 -0.074550
v -0.109000 1.796510 -0.166050
v -0.109000 1.953490 -0.166050
v -0.176366 2.002000 0.038550
v -0.176366 1.748000 0.038550
v -0.109000 1.796510 0.130050
v -0.109000 1.953490 0.130050
v -0.218000 1.875000 -0.018000
v -0.059572 2.119332 -0.018000
v 0.059572 2.119332 -0.018000
v -0.059572 1.630668 -0.018000
v 0.059572 1.630668 -0.018000
v -0.094588 1.655882 0.029560
v -0.035016 1.698780 0.110474
v -0.035416 1.633432 0.030104
v 0.094588 1.655882 0.029560
v 0.035016 1.698780 0.110474
v 0.035416 1.633432 0.030104
v 0.000000 1.658935 0.078209
v -0.094588 2.094118 0.029560
v -0.035016 2.051220 0.110474
v -0.035416 2.116568 0.030104
v 0.094588 2.094118 0.029560
v 0.035016 2.051220 0.110474
v 0.035416 2.116568 0.030104
v 0.000000 2.091065 0.078209
v 0.000000 1.805590 0.158035
v 0.000000 1.944410 0.158035
v -0.094588 1.655882 -0.065560
v -0.035016 1.698780 -0.146474
v -0.035416 1.633432 -0.066104
v 0.094588 1.655882 -0.065560
v 0.035016 1.698780 -0.146474
v 0.035416 1.633432 -0.066104
v 0.000000 1.658935 -0.114209
v -0.094588 2.094118 -0.065560
v -0.035016 2.051220 -0.146474
v -0.035416 2.116568 -0.066104
v 0.094588 2.094118 -0.065560
v 0.035016 2.051220 -0.146474
v 0.035416 2.116568 -0.066104
v 0.000000 2.091065 -0.114209
v 0.000000 1.805590 -0.194035
v 0.000000 1.944410 -0.194035
v 0.151244 2.053320 -0.047394
v 0.188062 1.941013 -0.097402
v 0.128137 2.049801 -0.095835
v 0.151244 1.696680 -0.047394
v 0.188062 1.808987 -0.097402
v 0.128137 1.700199 -0.095835
v 0.056656 1.764792 -0.175868
v 0.153046 1.834202 -0.144962
v 0.092721 1.725703 -0.143939
v 0.057305 1.833735 -0.192043
v 0.150026 1.766967 -0.125565
v 0.056656 1.985208 -0.175868
v 0.153046 1.915798 -0.144962
v 0.092721 2.024297 -0.143939
v 0.057305 1.916265 -0.192043
v 0.150026 1.983033 -0.125565
v 0.114609 1.875000 -0.173669
v 0.151244 2.053320 0.011394
v 0.188062 1.941013 0.061402
v 0.128137 2.049801 0.059835
v 0.185442 2.008536 -0.018000
v 0.151244 1.696680 0.011394
v 0.188062 1.808987 0.061402
v 0.128137 1.700199 0.059835
v 0.185442 1.741464 -0.018000
v 0.056656 1.764792 0.139868
v 0.153046 1.834202 0.108962
v 0.092721 1.725703 0.107939
v 0.057305 1.833735 0.156043
v 0.150026 1.766967 0.089565
v 0.056656 1.985208 0.139868
v 0.153046 1.915798 0.108962
v 0.092721 2.024297 0.107939
v 0.057305 1.916265 0.156043
v 0.150026 1.983033 0.089565
v 0.114609 1.875000 0.137669
v 0.209703 1.875000 -0.068008
v 0.209703 1.875000 0.032008
v 0.207330 1.941768 -0.047730
v 0.207330 1.808232 -0.047730
v 0.207330 1.941768 0.011730
v 0.207330 1.808232 0.011730
v -0.151244 2.053320 -0.047394
v -0.188062 1.941013 -0.097402
v -0.128137 2.049801 -0.095835
v -0.151244 1.696680 -0.047394
v -0.188062 1.808987 -0.097402
v -0.128137 1.700199 -0.095835
v -0.056656 1.764792 -0.175868
v -0.153046 1.834202 -0.144962
v -0.092721 1.725703 -0.143939
v -0.057305 1.833735 -0.192043
v -0.150026 1.766967 -0.125565
v -0.056656 1.985208 -0.175868
v -0.153046 1.915798 -0.144962
v -0.092721 2.024297 -0.143939
v -0.057305 1.916265 -0.192043
v -0.150026 1.983033 -0.125565
v -0.114609 1.875000 -0.173669
v -0.151244 2.053320 0.011394
v -0.188062 1.941013 0.061402
v -0.128137 2.049801 0.059835
v -0.185442 2.008536 -0.018000
v -0.151244 1.696680 0.011394
v -0.188062 1.808987 0.061402
v -0.128137 1.700199 0.059835
v -0.185442 1.741464 -0.018000
v -0.056656 1.764792 0.139868
v -0.153046 1.834202 0.108962
v -0.092721 1.725703 0.107939
v -0.057305 1.833735 0.156043
v -0.150026 1.766967 0.089565
v -0.056656 1.985208 0.139868
v -0.153046 1.915798 0.108962
v -0.092721 2.024297 0.107939
v -0.057305 1.916265 0.156043
v -0.150026 1.983033 0.089565
v -0.114609 1.875000 0.137669
v -0.209703 1.875000 -0.068008
v -0.209703 1.875000 0.032008
v -0.207330 1.941768 -0.047730
v -0.207330 1.808232 -0.047730
v -0.207330 1.941768 0.011730
v -0.207330 1.808232 0.011730
v -0.087931 2.107421 -0.018000
v -0.030074 2.126571 -0.018000
v 0.087931 2.107421 -0.018000
v 0.030074 2.126571 -0.018000
v -0.087931 1.642579 -0.018000
v -0.030074 1.623429 -0.018000
v 0.087931 1.642579 -0.018000
v 0.030074 1.623429 -0.018000
v -0.105608 1.655308 0.006010
v -0.081758 1.660646 0.052201
v -0.078094 1.640227 0.006093
v -0.017677 1.718627 0.125443
v -0.051685 1.682302 0.093049
v -0.017929 1.624127 0.006352
v -0.052032 1.648684 0.052672
v -0.047986 1.629536 0.006301
v -0.065674 1.642274 0.030327
v 0.105608 1.655308 0.006010
v 0.081758 1.660646 0.052201
v 0.078094 1.640227 0.006093
v 0.017677 1.718627 0.125443
v 0.051685 1.682302 0.093049
v 0.000000 1.696462 0.112165
v 0.017929 1.624127 0.006352
v 0.052032 1.648684 0.052672
v 0.047986 1.629536 0.006301
v 0.000000 1.630179 0.030752
v 0.065674 1.642274 0.030327
v -0.034103 1.661595 0.077024
v 0.034103 1.661595 0.077024
v -0.017689 1.676828 0.095504
v -0.017947 1.643102 0.055128
v 0.017689 1.676828 0.095504
v 0.017947 1.643102 0.055128
v -0.105608 2.094692 0.006010
v -0.081758 2.089354 0.052201
v -0.078094 2.109773 0.006093
v -0.017677 2.031373 0.125443
v -0.051685 2.067698 0.093049
v -0.017929 2.125873 0.006352
v -0.052032 2.101316 0.052672
v -0.047986 2.120464 0.006301
v -0.065674 2.107726 0.030327
v 0.105608 2.094692 0.006010
v 0.081758 2.089354 0.052201
v 0.078094 2.109773 0.006093
v 0.017677 2.031373 0.125443
v 0.051685 2.067698 0.093049
v 0.000000 2.053538 0.112165
v 0.017929 2.125873 0.006352
v 0.052032 2.101316 0.052672
v 0.047986 2.120464 0.006301
v 0.000000 2.119821 0.030752
v 0.065674 2.107726 0.030327
v -0.034103 2.088405 0.077024
v 0.034103 2.088405 0.077024
v -0.017689 2.073172 0.095504
v -0.017947 2.106898 0.055128
v 0.017689 2.073172 0.095504
v 0.017947 2.106898 0.055128
v 0.000000 1.772548 0.149453
v 0.000000 1.839960 0.163250
v 0.000000 1.977452 0.149453
v 0.000000 1.910040 0.163250
v -0.105608 1.655308 -0.042010
v -0.081758 1.660646 -0.088201
v -0.078094 1.640227 -0.042093
v -0.017677 1.718627 -0.161443
v -0.051685 1.682302 -0.129049
v -0.017929 1.624127 -0.042352
v -0.052032 1.648684 -0.088672
v -0.047986 1.629536 -0.042301
v -0.065674 1.642274 -0.066327
v 0.105608 1.655308 -0.042010
v 0.081758 1.660646 -0.088201
v 0.078094 1.640227 -0.042093
v 0.017677 1.718627 -0.161443
v 0.051685 1.682302 -0.129049
v 0.000000 1.696462 -0.148165
v 0.017929 1.624127 -0.042352
v 0.052032 1.648684 -0.088672
v 0.047986 1.629536 -0.042301
v 0.000000 1.630179 -0.066752
v 0.065674 1.642274 -0.066327
v -0.034103 1.661595 -0.113024
v 0.034103 1.661595 -0.113024
v -0.017689 1.676828 -0.131504
v -0.017947 1.643102 -0.091128
v 0.017689 1.676828 -0.131504
v 0.017947 1.643102 -0.091128
v -0.105608 2.094692 -0.042010
v -0.081758 2.089354 -0.088201
v -0.078094 2.109773 -0.042093
v -0.017677 2.031373 -0.161443
v -0.051685 2.067698 -0.129049
v -0.017929 2.125873 -0.042352
v -0.052032 2.101316 -0.088672
v -0.047986 2.120464 -0.042301
v -0.065674 2.107726 -0.066327
v 0.105608 2.094692 -0.042010
v 0.081758 2.089354 -0.088201
v 0.078094 2.109773 -0.042093
v 0.017677 2.031373 -0.161443
v 0.051685 2.067698 -0.129049
v 0.000000 2.053538 -0.148165
v 0.017929 2.125873 -0.042352
v 0.052032 2.101316 -0.088672
v 0.047986 2.120464 -0.042301
v 0.000000 2.119821 -0.066752
v 0.065674 2.107726 -0.066327
v -0.034103 2.088405 -0.113024
v 0.034103 2.088405 -0.113024
v -0.017689 2.073172 -0.131504
v -0.017947 2.106898 -0.091128
v 0.017689 2.073172 -0.131504
v 0.017947 2.106898 -0.091128
v 0.000000 1.772548 -0.185453
v 0.000000 1.839960 -0.199250
v 0.000000 1.977452 -0.185453
v 0.000000 1.910040 -0.199250
v 0.134210 2.074096 -0.032839
v 0.165386 2.029134 -0.061387
v 0.124533 2.076333 -0.056983
v 0.188555 1.908325 -0.106653
v 0.183973 1.972438 -0.086632
v 0.098970 2.067516 -0.103723
v 0.154149 2.027781 -0.086030
v 0.112515 2.073997 -0.081346
v 0.141136 2.053387 -0.072169
v 0.134210 1.675904 -0.032839
v 0.165386 1.720866 -0.061387
v 0.124533 1.673667 -0.056983
v 0.188555 1.841675 -0.106653
v 0.183973 1.777562 -0.086632
v 0.098970 1.682484 -0.103723
v 0.154149 1.722219 -0.086030
v 0.112515 1.676003 -0.081346
v 0.141136 1.696613 -0.072169
v 0.028602 1.751952 -0.176282
v 0.083628 1.779740 -0.172436
v 0.046439 1.729902 -0.163055
v 0.028701 1.784010 -0.187148
v 0.170878 1.854404 -0.130662
v 0.132288 1.814780 -0.156833
v 0.172798 1.820892 -0.122539
v 0.081041 1.695395 -0.128075
v 0.102118 1.759686 -0.156702
v 0.064529 1.710557 -0.146523
v 0.111916 1.710769 -0.121259
v 0.075461 1.743905 -0.161372
v 0.029010 1.854110 -0.198747
v 0.084189 1.814376 -0.181054
v 0.028949 1.819090 -0.194850
v 0.057570 1.798480 -0.185673
v 0.165230 1.756019 -0.101080
v 0.131127 1.780576 -0.147401
v 0.170792 1.787077 -0.112450
v 0.140954 1.731679 -0.111948
v 0.153104 1.799815 -0.136476
v 0.123007 1.744603 -0.136324
v 0.028602 1.998048 -0.176282
v 0.083628 1.970260 -0.172436
v 0.046439 2.020098 -0.163055
v 0.028701 1.965990 -0.187148
v 0.170878 1.895596 -0.130662
v 0.132288 1.935220 -0.156833
v 0.172798 1.929108 -0.122539
v 0.155059 1.875000 -0.146632
v 0.081041 2.054605 -0.128075
v 0.102118 1.990314 -0.156702
v 0.064529 2.039443 -0.146523
v 0.111916 2.039231 -0.121259
v 0.075461 2.006095 -0.161372
v 0.029010 1.895890 -0.198747
v 0.084189 1.935624 -0.181054
v 0.028949 1.930910 -0.194850
v 0.058076 1.875000 -0.194387
v 0.057570 1.951520 -0.185673
v 0.165230 1.993981 -0.101080
v 0.131127 1.969424 -0.147401
v 0.170792 1.962923 -0.112450
v 0.140954 2.018321 -0.111948
v 0.153104 1.950185 -0.136476
v 0.123007 2.005397 -0.136324
v 0.113198 1.835266 -0.171753
v 0.113198 1.914734 -0.171753
v 0.135212 1.854390 -0.160777
v 0.087114 1.854090 -0.185076
v 0.135212 1.895610 -0.160777
v 0.087114 1.895910 -0.185076
v 0.134210 2.074096 -0.003161
v 0.165386 2.029134 0.025387
v 0.124533 2.076333 0.020983
v 0.153234 2.055666 -0.018000
v 0.188555 1.908325 0.070653
v 0.183973 1.972438 0.050632
v 0.098970 2.067516 0.067723
v 0.154149 2.027781 0.050030
v 0.112515 2.073997 0.045346
v 0.141136 2.053387 0.036169
v 0.183159 2.006892 -0.046628
v 0.183159 2.006892 0.010628
v 0.170085 2.032541 -0.032849
v 0.170085 2.032541 -0.003151
v 0.134210 1.675904 -0.003161
v 0.165386 1.720866 0.025387
v 0.124533 1.673667 0.020983
v 0.153234 1.694334 -0.018000
v 0.188555 1.841675 0.070653
v 0.183973 1.777562 0.050632
v 0.098970 1.682484 0.067723
v 0.154149 1.722219 0.050030
v 0.112515 1.676003 0.045346
v 0.141136 1.696613 0.036169
v 0.183159 1.743108 -0.046628
v 0.183159 1.743108 0.010628
v 0.170085 1.717459 -0.032849
v 0.170085 1.717459 -0.003151
v 0.028602 1.751952 0.140282
v 0.083628 1.779740 0.136436
v 0.046439 1.729902 0.127055
v 0.028701 1.784010 0.151148
v 0.170878 1.854404 0.094662
v 0.132288 1.814780 0.120833
v 0.172798 1.820892 0.086539
v 0.081041 1.695395 0.092075
v 0.102118 1.759686 0.120702
v 0.064529 1.710557 0.110523
v 0.111916 1.710769 0.085259
v 0.075461 1.743905 0.125372
v 0.029010 1.854110 0.162747
v 0.084189 1.814376 0.145054
v 0.028949 1.819090 0.158850
v 0.057570 1.798480 0.149673
v 0.165230 1.756019 0.065080
v 0.131127 1.780576 0.111401
v 0.170792 1.787077 0.076450
v 0.140954 1.731679 0.075948
v 0.153104 1.799815 0.100476
v 0.123007 1.744603 0.100324
v 0.028602 1.998048 0.140282
v 0.083628 1.970260 0.136436
v 0.046439 2.020098 0.127055
v 0.028701 1.965990 0.151148
v 0.170878 1.895596 0.094662
v 0.132288 1.935220 0.120833
v 0.172798 1.929108 0.086539
v 0.155059 1.875000 0.110632
v 0.081041 2.054605 0.092075
v 0.102118 1.990314 0.120702
v 0.064529 2.039443 0.110523
v 0.111916 2.039231 0.085259
v 0.075461 2.006095 0.125372
v 0.029010 1.895890 0.162747
v 0.084189 1.935624 0.145054
v 0.028949 1.930910 0.158850
v 0.058076 1.875000 0.158387
v 0.057570 1.951520 0.149673
v 0.165230 1.993981 0.065080
v 0.131127 1.969424 0.111401
v 0.170792 1.962923 0.076450
v 0.140954 2.018321 0.075948
v 0.153104 1.950185 0.100476
v 0.123007 2.005397 0.100324
v 0.113198 1.835266 0.135753
v 0.113198 1.914734 0.135753
v 0.135212 1.854390 0.124777
v 0.087114 1.854090 0.149076
v 0.135212 1.895610 0.124777
v 0.087114 1.895910 0.149076
v 0.199479 1.875000 -0.091814
v 0.215916 1.875000 -0.043245
v 0.201498 1.908440 -0.083556
v 0.201498 1.841560 -0.083556
v 0.199479 1.875000 0.055814
v 0.215916 1.875000 0.007245
v 0.201498 1.908440 0.047556
v 0.201498 1.841560 0.047556
v 0.194239 1.973092 -0.061678
v 0.215316 1.908800 -0.033050
v 0.199741 1.942077 -0.073130
v 0.199030 1.976500 -0.033065
v 0.210674 1.908729 -0.058281
v 0.194239 1.776908 -0.061678
v 0.215316 1.841200 -0.033050
v 0.199741 1.807923 -0.073130
v 0.199030 1.773500 -0.033065
v 0.210674 1.841271 -0.058281
v 0.194239 1.973092 0.025678
v 0.215316 1.908800 -0.002950
v 0.199741 1.942077 0.037130
v 0.199030 1.976500 -0.002935
v 0.210674 1.908729 0.022281
v 0.210122 1.942667 -0.018000
v 0.194239 1.776908 0.025678
v 0.215316 1.841200 -0.002950
v 0.199741 1.807923 0.037130
v 0.199030 1.773500 -0.002935
v 0.210674 1.841271 0.022281
v 0.210122 1.807333 -0.018000
v -0.134210 2.074096 -0.032839
v -0.165386 2.029134 -0.061387
v -0.124533 2.076333 -0.056983
v -0.188555 1.908325 -0.106653
v -0.183973 1.972438 -0.086632
v -0.098970 2.067516 -0.103723
v -0.154149 2.027781 -0.086030
v -0.112515 2.073997 -0.081346
v -0.141136 2.053387 -0.072169
v -0.134210 1.675904 -0.032839
v -0.165386 1.720866 -0.061387
v -0.124533 1.673667 -0.056983
v -0.188555 1.841675 -0.106653
v -0.183973 1.777562 -0.086632
v -0.098970 1.682484 -0.103723
v -0.154149 1.722219 -0.086030
v -0.112515 1.676003 -0.081346
v -0.141136 1.696613 -0.072169
v -0.028602 1.751952 -0.176282
v -0.083628 1.779740 -0.172436
v -0.046439 1.729902 -0.163055
v -0.028701 1.784010 -0.187148
v -0.170878 1.854404 -0.130662
v -0.132288 1.814780 -0.156833
v -0.172798 1.820892 -0.122539
v -0.081041 1.695395 -0.128075
v -0.102118 1.759686 -0.156702
v -0.064529 1.710557 -0.146523
v -0.111916 1.710769 -0.121259
v -0.075461 1.743905 -0.161372
v -0.029010 1.854110 -0.198747
v -0.084189 1.814376 -0.181054
v -0.028949 1.819090 -0.194850
v -0.057570 1.798480 -0.185673
v -0.165230 1.756019 -0.101080
v -0.131127 1.780576 -0.147401
v -0.170792 1.787077 -0.112450
v -0.140954 1.731679 -0.111948
v -0.153104 1.799815 -0.136476
v -0.123007 1.744603 -0.136324
v -0.028602 1.998048 -0.176282
v -0.083628 1.970260 -0.172436
v -0.046439 2.020098 -0.163055
v -0.028701 1.965990 -0.187148
v -0.170878 1.895596 -0.130662
v -0.132288 1.935220 -0.156833
v -0.172798 1.929108 -0.122539
v -0.155059 1.875000 -0.146632
v -0.081041 2.054605 -0.128075
v -0.102118 1.990314 -0.156702
v -0.064529 2.039443 -0.146523
v -0.111916 2.039231 -0.121259
v -0.075461 2.006095 -0.161372
v -0.029010 1.895890 -0.198747
v -0.084189 1.935624 -0.181054
v -0.028949 1.930910 -0.194850
v -0.058076 1.875000 -0.194387
v -0.057570 1.951520 -0.185673
v -0.165230 1.993981 -0.101080
v -0.131127 1.969424 -0.147401
v -0.170792 1.962923 -0.112450
v -0.140954 2.018321 -0.111948
v -0.153104 1.950185 -0.136476
v -0.123007 2.005397 -0.136324
v -0.113198 1.835266 -0.171753
v -0.113198 1.914734 -0.171753
v -0.135212 1.854390 -0.160777
v -0.087114 1.854090 -0.185076
v -0.135212 1.895610 -0.160777
v -0.087114 1.895910 -0.185076
v -0.134210 2.074096 -0.003161
v -0.165386 2.029134 0.025387
v -0.124533 2.076333 0.020983
v -0.153234 2.055666 -0.018000
v -0.188555 1.908325 0.070653
v -0.183973 1.972438 0.050632
v -0.098970 2.067516 0.067723
v -0.154149 2.027781 0.050030
v -0.112515 2.073997 0.045346
v -0.141136 2.053387 0.036169
v -0.183159 2.006892 -0.046628
v -0.183159 2.006892 0.010628
v -0.170085 2.032541 -0.032849
v -0.170085 2.032541 -0.003151
v -0.134210 1.675904 -0.003161
v -0.165386 1.720866 0.025387
v -0.124533 1.673667 0.020983
v -0.153234 1.694334 -0.018000
v -0.188555 1.841675 0.070653
v -0.183973 1.777562 0.050632
v -0.098970 1.682484 0.067723
v -0.154149 1.722219 0.050030
v -0.112515 1.676003 0.045346
v -0.141136 1.696613 0.036169
v -0.183159 1.743108 -0.046628
v -0.183159 1.743108 0.010628
v -0.170085 1.717459 -0.032849
v -0.170085 1.717459 -0.003151
v -0.028602 1.751952 0.140282
v -0.083628 1.779740 0.136436
v -0.046439 1.729902 0.127055
v -0.028701 1.784010 0.151148
v -0.170878 1.854404 0.094662
v -0.132288 1.814780 0.120833
v -0.172798 1.820892 0.086539
v -0.081041 1.695395 0.092075
v -0.102118 1.759686 0.120702
v -0.064529 1.710557 0.110523
v -0.111916 1.710769 0.085259
v -0.075461 1.743905 0.125372
v -0.029010 1.854110 0.162747
v -0.084189 1.814376 0.145054
v -0.028949 1.819090 0.158850
v -0.057570 1.798480 0.149673
v -0.165230 1.756019 0.065080
v -0.131127 1.780576 0.111401
v -0.170792 1.787077 0.076450
v -0.140954 1.731679 0.075948
v -0.153104 1.799815 0.100476
v -0.123007 1.744603 0.100324
v -0.028602 1.998048 0.140282
v -0.083628 1.970260 0.136436
v -0.046439 2.020098 0.127055
v -0.028701 1.965990 0.151148
v -0.170878 1.895596 0.094662
v -0.132288 1.935220 0.120833
v -0.172798 1.929108 0.086539
v -0.155059 1.875000 0.110632
v -0.081041 2.054605 0.092075
v -0.102118 1.990314 0.120702
v -0.064529 2.039443 0.110523
v -0.111916 2.039231 0.085259
v -0.075461 2.006095 0.125372
v -0.029010 1.895890 0.162747
v -0.084189 1.935624 0.145054
v -0.028949 1.930910 0.158850
v -0.058076 1.875000 0.158387
v -0.057570 1.951520 0.149673
v -0.165230 1.993981 0.065080
v -0.131127 1.969424 0.111401
v -0.170792 1.962923 0.076450
v -0.140954 2.018321 0.075948
v -0.153104 1.950185 0.100476
v -0.123007 2.005397 0.100324
v -0.113198 1.835266 0.135753
v -0.113198 1.914734 0.135753
v -0.135212 1.854390 0.124777
v -0.087114 1.854090 0.149076
v -0.135212 1.895610 0.124777
v -0.087114 1.895910 0.149076
v -0.199479 1.875000 -0.091814
v -0.215916 1.875000 -0.043245
v -0.201498 1.908440 -0.083556
v -0.201498 1.841560 -0.083556
v -0.199479 1.875000 0.055814
v -0.215916 1.875000 0.007245
v -0.201498 1.908440 0.047556
v -0.201498 1.841560 0.047556
v -0.194239 1.973092 -0.061678
v -0.215316 1.908800 -0.033050
v -0.199741 1.942077 -0.073130
v -0.199030 1.976500 -0.033065
v -0.210674 1.908729 -0.058281
v -0.194239 1.776908 -0.061678
v -0.215316 1.841200 -0.033050
v -0.199741 1.807923 -0.073130
v -0.199030 1.773500 -0.033065
v -0.210674 1.841271 -0.058281
v -0.194239 1.973092 0.025678
v -0.215316 1.908800 -0.002950
v -0.199741 1.942077 0.037130
v -0.199030 1.976500 -0.002935
v -0.210674 1.908729 0.022281
v -0.210122 1.942667 -0.018000
v -0.194239 1.776908 0.025678
v -0.215316 1.841200 -0.002950
v -0.199741 1.807923 0.037130
v -0.199030 1.773500 -0.002935
v -0.210674 1.841271 0.022281
v -0.210122 1.807333 -0.018000
f 2377 2909 2573
f 2909 2514 2911
f 2573 2911 2430
f 2909 2911 2573
f 2514 2910 2918
f 2910 2414 2916
f 2918 2916 2516
f 2910 2916 2918
f 2430 2917 2574
f 2917 2516 2915
f 2574 2915 2393
f 2917 2915 2574
f 2514 2918 2911
f 2918 2516 2917
f 2911 2917 2430
f 2918 2917 2911
f 2414 2914 2977
f 2914 2515 2979
f 2977 2979 2531
f 2914 2979 2977
f 2515 2913 2965
f 2913 2388 2963
f 2965 2963 2528
f 2913 2963 2965
f 2531 2981 2978
f 2981 2528 2964
f 2978 2964 2417
f 2981 2964 2978
f 2515 2965 2979
f 2965 2528 2981
f 2979 2981 2531
f 2965 2981 2979
f 2393 2967 2577
f 2967 2529 2969
f 2577 2969 2431
f 2967 2969 2577
f 2529 2968 2971
f 2968 2417 2960
f 2971 2960 2527
f 2968 2960 2971
f 2431 2961 2576
f 2961 2527 2959
f 2576 2959 2382
f 2961 2959 2576
f 2529 2971 2969
f 2971 2527 2961
f 2969 2961 2431
f 2971 2961 2969
f 2414 2977 2916
f 2977 2531 2980
f 2916 2980 2516
f 2977 2980 2916
f 2531 2978 2982
f 2978 2417 2968
f 2982 2968 2529
f 2978 2968 2982
f 2516 2970 2915
f 2970 2529 2967
f 2915 2967 2393
f 2970 2967 2915
f 2531 2982 2980
f 2982 2529 2970
f 2980 2970 2516
f 2982 2970 2980
f 2377 2573 2539
f 2573 2430 2575
f 2539 2575 2419
f 2573 2575 2539
f 2430 2574 2581
f 2574 2393 2579
f 2581 2579 2432
f 2574 2579 2581
f 2419 2580 2540
f 2580 2432 2578
f 2540 2578 2389
f 2580 2578 2540
f 2430 2581 2575
f 2581 2432 2580
f 2575 2580 2419
f 2581 2580 2575
f 2393 2577 2593
f 2577 2431 2595
f 2593 2595 2436
f 2577 2595 2593
f 2431 2576 2587
f 2576 2382 2585
f 2587 2585 2434
f 2576 2585 2587
f 2436 2597 2594
f 2597 2434 2586
f 2594 2586 2394
f 2597 2586 2594
f 2431 2587 2595
f 2587 2434 2597
f 2595 2597 2436
f 2587 2597 2595
f 2389 2588 2542
f 2588 2435 2590
f 2542 2590 2420
f 2588 2590 2542
f 2435 2589 2592
f 2589 2394 2583
f 2592 2583 2433
f 2589 2583 2592
f 2420 2584 2541
f 2584 2433 2582
f 2541 2582 2378
f 2584 2582 2541
f 2435 2592 2590
f 2592 2433 2584
f 2590 2584 2420
f 2592 2584 2590
f 2393 2593 2579
f 2593 2436 2596
f 2579 2596 2432
f 2593 2596 2579
f 2436 2594 2598
f 2594 2394 2589
f 2598 2589 2435
f 2594 2589 2598
f 2432 2591 2578
f 2591 2435 2588
f 2578 2588 2389
f 2591 2588 2578
f 2436 2598 2596
f 2598 2435 2591
f 2596 2591 2432
f 2598 2591 2596
f 2377 2539 2629
f 2539 2419 2631
f 2629 2631 2446
f 2539 2631 2629
f 2419 2540 2636
f 2540 2389 2634
f 2636 2634 2448
f 2540 2634 2636
f 2446 2637 2630
f 2637 2448 2635
f 2630 2635 2398
f 2637 2635 2630
f 2419 2636 2631
f 2636 2448 2637
f 2631 2637 2446
f 2636 2637 2631
f 2389 2542 2644
f 2542 2420 2646
f 2644 2646 2451
f 2542 2646 2644
f 2420 2541 2640
f 2541 2378 2638
f 2640 2638 2449
f 2541 2638 2640
f 2451 2648 2645
f 2648 2449 2639
f 2645 2639 2399
f 2648 2639 2645
f 2420 2640 2646
f 2640 2449 2648
f 2646 2648 2451
f 2640 2648 2646
f 2398 2649 2633
f 2649 2452 2651
f 2633 2651 2447
f 2649 2651 2633
f 2452 2650 2653
f 2650 2399 2642
f 2653 2642 2450
f 2650 2642 2653
f 2447 2643 2632
f 2643 2450 2641
f 2632 2641 2384
f 2643 2641 2632
f 2452 2653 2651
f 2653 2450 2643
f 2651 2643 2447
f 2653 2643 2651
f 2389 2644 2634
f 2644 2451 2647
f 2634 2647 2448
f 2644 2647 2634
f 2451 2645 2654
f 2645 2399 2650
f 2654 2650 2452
f 2645 2650 2654
f 2448 2652 2635
f 2652 2452 2649
f 2635 2649 2398
f 2652 2649 2635
f 2451 2654 2647
f 2654 2452 2652
f 2647 2652 2448
f 2654 2652 2647
f 2377 2629 2839
f 2629 2446 2841
f 2839 2841 2497
f 2629 2841 2839
f 2446 2630 2846
f 2630 2398 2844
f 2846 2844 2499
f 2630 2844 2846
f 2497 2847 2840
f 2847 2499 2845
f 2840 2845 2410
f 2847 2845 2840
f 2446 2846 2841
f 2846 2499 2847
f 2841 2847 2497
f 2846 2847 2841
f 2398 2633 2887
f 2633 2447 2889
f 2887 2889 2510
f 2633 2889 2887
f 2447 2632 2881
f 2632 2384 2879
f 2881 2879 2508
f 2632 2879 2881
f 2510 2891 2888
f 2891 2508 2880
f 2888 2880 2413
f 2891 2880 2888
f 2447 2881 2889
f 2881 2508 2891
f 2889 2891 2510
f 2881 2891 2889
f 2410 2897 2843
f 2897 2512 2899
f 2843 2899 2498
f 2897 2899 2843
f 2512 2898 2901
f 2898 2413 2884
f 2901 2884 2509
f 2898 2884 2901
f 2498 2885 2842
f 2885 2509 2883
f 2842 2883 2387
f 2885 2883 2842
f 2512 2901 2899
f 2901 2509 2885
f 2899 2885 2498
f 2901 2885 2899
f 2398 2887 2844
f 2887 2510 2890
f 2844 2890 2499
f 2887 2890 2844
f 2510 2888 2902
f 2888 2413 2898
f 2902 2898 2512
f 2888 2898 2902
f 2499 2900 2845
f 2900 2512 2897
f 2845 2897 2410
f 2900 2897 2845
f 2510 2902 2890
f 2902 2512 2900
f 2890 2900 2499
f 2902 2900 2890
f 2377 2839 2909
f 2839 2497 2912
f 2909 2912 2514
f 2839 2912 2909
f 2497 2840 2921
f 2840 2410 2919
f 2921 2919 2517
f 2840 2919 2921
f 2514 2922 2910
f 2922 2517 2920
f 2910 2920 2414
f 2922 2920 2910
f 2497 2921 2912
f 2921 2517 2922
f 2912 2922 2514
f 2921 2922 2912
f 2410 2843 2997
f 2843 2498 2999
f 2997 2999 2535
f 2843 2999 2997
f 2498 2842 2991
f 2842 2387 2989
f 2991 2989 2533
f 2842 2989 2991
f 2535 3001 2998
f 3001 2533 2990
f 2998 2990 2418
f 3001 2990 2998
f 2498 2991 2999
f 2991 2533 3001
f 2999 3001 2535
f 2991 3001 2999
f 2414 3007 2914
f 3007 2537 3009
f 2914 3009 2515
f 3007 3009 2914
f 2537 3008 3011
f 3008 2418 2994
f 3011 2994 2534
f 3008 2994 3011
f 2515 2995 2913
f 2995 2534 2993
f 2913 2993 2388
f 2995 2993 2913
f 2537 3011 3009
f 3011 2534 2995
f 3009 2995 2515
f 3011 2995 3009
f 2410 2997 2919
f 2997 2535 3000
f 2919 3000 2517
f 2997 3000 2919
f 2535 2998 3012
f 2998 2418 3008
f 3012 3008 2537
f 2998 3008 3012
f 2517 3010 2920
f 3010 2537 3007
f 2920 3007 2414
f 3010 3007 2920
f 2535 3012 3000
f 3012 2537 3010
f 3000 3010 2517
f 3012 3010 3000
f 2378 2582 2729
f 2582 2433 2731
f 2729 2731 2472
f 2582 2731 2729
f 2433 2583 2737
f 2583 2394 2735
f 2737 2735 2474
f 2583 2735 2737
f 2472 2738 2730
f 2738 2474 2736
f 2730 2736 2405
f 2738 2736 2730
f 2433 2737 2731
f 2737 2474 2738
f 2731 2738 2472
f 2737 2738 2731
f 2394 2586 2787
f 2586 2434 2789
f 2787 2789 2487
f 2586 2789 2787
f 2434 2585 2781
f 2585 2382 2779
f 2781 2779 2485
f 2585 2779 2781
f 2487 2791 2788
f 2791 2485 2780
f 2788 2780 2408
f 2791 2780 2788
f 2434 2781 2789
f 2781 2485 2791
f 2789 2791 2487
f 2781 2791 2789
f 2405 2797 2734
f 2797 2489 2799
f 2734 2799 2473
f 2797 2799 2734
f 2489 2798 2801
f 2798 2408 2784
f 2801 2784 2486
f 2798 2784 2801
f 2473 2785 2733
f 2785 2486 2783
f 2733 2783 2386
f 2785 2783 2733
f 2489 2801 2799
f 2801 2486 2785
f 2799 2785 2473
f 2801 2785 2799
f 2394 2787 2735
f 2787 2487 2790
f 2735 2790 2474
f 2787 2790 2735
f 2487 2788 2802
f 2788 2408 2798
f 2802 2798 2489
f 2788 2798 2802
f 2474 2800 2736
f 2800 2489 2797
f 2736 2797 2405
f 2800 2797 2736
f 2487 2802 2790
f 2802 2489 2800
f 2790 2800 2474
f 2802 2800 2790
f 2382 2959 2601
f 2959 2527 2962
f 2601 2962 2438
f 2959 2962 2601
f 2527 2960 2976
f 2960 2417 2973
f 2976 2973 2530
f 2960 2973 2976
f 2438 2974 2602
f 2974 2530 2972
f 2602 2972 2395
f 2974 2972 2602
f 2527 2976 2962
f 2976 2530 2974
f 2962 2974 2438
f 2976 2974 2962
f 2417 2964 2984
f 2964 2528 2987
f 2984 2987 2532
f 2964 2987 2984
f 2528 2963 2966
f 2963 2388 2941
f 2966 2941 2523
f 2963 2941 2966
f 2532 2985 2983
f 2985 2523 2942
f 2983 2942 2416
f 2985 2942 2983
f 2528 2966 2987
f 2966 2523 2985
f 2987 2985 2532
f 2966 2985 2987
f 2395 2949 2600
f 2949 2525 2951
f 2600 2951 2437
f 2949 2951 2600
f 2525 2950 2952
f 2950 2416 2938
f 2952 2938 2522
f 2950 2938 2952
f 2437 2940 2599
f 2940 2522 2937
f 2599 2937 2381
f 2940 2937 2599
f 2525 2952 2951
f 2952 2522 2940
f 2951 2940 2437
f 2952 2940 2951
f 2417 2984 2973
f 2984 2532 2988
f 2973 2988 2530
f 2984 2988 2973
f 2532 2983 2986
f 2983 2416 2950
f 2986 2950 2525
f 2983 2950 2986
f 2530 2975 2972
f 2975 2525 2949
f 2972 2949 2395
f 2975 2949 2972
f 2532 2986 2988
f 2986 2525 2975
f 2988 2975 2530
f 2986 2975 2988
f 2388 2993 2927
f 2993 2534 2996
f 2927 2996 2519
f 2993 2996 2927
f 2534 2994 3017
f 2994 2418 3014
f 3017 3014 2538
f 2994 3014 3017
f 2519 3015 2928
f 3015 2538 3013
f 2928 3013 2415
f 3015 3013 2928
f 2534 3017 2996
f 3017 2538 3015
f 2996 3015 2519
f 3017 3015 2996
f 2418 2990 3003
f 2990 2533 3006
f 3003 3006 2536
f 2990 3006 3003
f 2533 2989 2992
f 2989 2387 2851
f 2992 2851 2501
f 2989 2851 2992
f 2536 3004 3002
f 3004 2501 2852
f 3002 2852 2411
f 3004 2852 3002
f 2533 2992 3006
f 2992 2501 3004
f 3006 3004 2536
f 2992 3004 3006
f 2415 2934 2924
f 2934 2521 2936
f 2924 2936 2518
f 2934 2936 2924
f 2521 2933 2935
f 2933 2411 2849
f 2935 2849 2500
f 2933 2849 2935
f 2518 2926 2923
f 2926 2500 2848
f 2923 2848 2379
f 2926 2848 2923
f 2521 2935 2936
f 2935 2500 2926
f 2936 2926 2518
f 2935 2926 2936
f 2418 3003 3014
f 3003 2536 3018
f 3014 3018 2538
f 3003 3018 3014
f 2536 3002 3005
f 3002 2411 2933
f 3005 2933 2521
f 3002 2933 3005
f 2538 3016 3013
f 3016 2521 2934
f 3013 2934 2415
f 3016 2934 3013
f 2536 3005 3018
f 3005 2521 3016
f 3018 3016 2538
f 3005 3016 3018
f 2387 2883 2861
f 2883 2509 2886
f 2861 2886 2504
f 2883 2886 2861
f 2509 2884 2907
f 2884 2413 2904
f 2907 2904 2513
f 2884 2904 2907
f 2504 2905 2862
f 2905 2513 2903
f 2862 2903 2412
f 2905 2903 2862
f 2509 2907 2886
f 2907 2513 2905
f 2886 2905 2504
f 2907 2905 2886
f 2413 2880 2893
f 2880 2508 2896
f 2893 2896 2511
f 2880 2896 2893
f 2508 2879 2882
f 2879 2384 2657
f 2882 2657 2454
f 2879 2657 2882
f 2511 2894 2892
f 2894 2454 2658
f 2892 2658 2400
f 2894 2658 2892
f 2508 2882 2896
f 2882 2454 2894
f 2896 2894 2511
f 2882 2894 2896
f 2412 2870 2858
f 2870 2506 2872
f 2858 2872 2503
f 2870 2872 2858
f 2506 2869 2871
f 2869 2400 2656
f 2871 2656 2453
f 2869 2656 2871
f 2503 2860 2857
f 2860 2453 2655
f 2857 2655 2383
f 2860 2655 2857
f 2506 2871 2872
f 2871 2453 2860
f 2872 2860 2503
f 2871 2860 2872
f 2413 2893 2904
f 2893 2511 2908
f 2904 2908 2513
f 2893 2908 2904
f 2511 2892 2895
f 2892 2400 2869
f 2895 2869 2506
f 2892 2869 2895
f 2513 2906 2903
f 2906 2506 2870
f 2903 2870 2412
f 2906 2870 2903
f 2511 2895 2908
f 2895 2506 2906
f 2908 2906 2513
f 2895 2906 2908
f 2384 2641 2699
f 2641 2450 2701
f 2699 2701 2466
f 2641 2701 2699
f 2450 2642 2709
f 2642 2399 2707
f 2709 2707 2468
f 2642 2707 2709
f 2466 2711 2700
f 2711 2468 2708
f 2700 2708 2404
f 2711 2708 2700
f 2450 2709 2701
f 2709 2468 2711
f 2701 2711 2466
f 2709 2711 2701
f 2399 2639 2664
f 2639 2449 2666
f 2664 2666 2457
f 2639 2666 2664
f 2449 2638 2661
f 2638 2378 2659
f 2661 2659 2455
f 2638 2659 2661
f 2457 2667 2665
f 2667 2455 2660
f 2665 2660 2401
f 2667 2660 2665
f 2449 2661 2666
f 2661 2455 2667
f 2666 2667 2457
f 2661 2667 2666
f 2404 2718 2704
f 2718 2470 2721
f 2704 2721 2467
f 2718 2721 2704
f 2470 2717 2719
f 2717 2401 2663
f 2719 2663 2456
f 2717 2663 2719
f 2467 2705 2703
f 2705 2456 2662
f 2703 2662 2385
f 2705 2662 2703
f 2470 2719 2721
f 2719 2456 2705
f 2721 2705 2467
f 2719 2705 2721
f 2399 2664 2707
f 2664 2457 2710
f 2707 2710 2468
f 2664 2710 2707
f 2457 2665 2720
f 2665 2401 2717
f 2720 2717 2470
f 2665 2717 2720
f 2468 2722 2708
f 2722 2470 2718
f 2708 2718 2404
f 2722 2718 2708
f 2457 2720 2710
f 2720 2470 2722
f 2710 2722 2468
f 2720 2722 2710
f 2380 2743 2556
f 2743 2476 2745
f 2556 2745 2426
f 2743 2745 2556
f 2476 2744 2752
f 2744 2406 2750
f 2752 2750 2478
f 2744 2750 2752
f 2426 2751 2557
f 2751 2478 2749
f 2557 2749 2392
f 2751 2749 2557
f 2476 2752 2745
f 2752 2478 2751
f 2745 2751 2426
f 2752 2751 2745
f 2406 2748 2773
f 2748 2477 2775
f 2773 2775 2484
f 2748 2775 2773
f 2477 2747 2763
f 2747 2386 2761
f 2763 2761 2481
f 2747 2761 2763
f 2484 2777 2774
f 2777 2481 2762
f 2774 2762 2407
f 2777 2762 2774
f 2477 2763 2775
f 2763 2481 2777
f 2775 2777 2484
f 2763 2777 2775
f 2392 2764 2560
f 2764 2482 2766
f 2560 2766 2427
f 2764 2766 2560
f 2482 2765 2768
f 2765 2407 2758
f 2768 2758 2480
f 2765 2758 2768
f 2427 2759 2559
f 2759 2480 2757
f 2559 2757 2381
f 2759 2757 2559
f 2482 2768 2766
f 2768 2480 2759
f 2766 2759 2427
f 2768 2759 2766
f 2406 2773 2750
f 2773 2484 2776
f 2750 2776 2478
f 2773 2776 2750
f 2484 2774 2778
f 2774 2407 2765
f 2778 2765 2482
f 2774 2765 2778
f 2478 2767 2749
f 2767 2482 2764
f 2749 2764 2392
f 2767 2764 2749
f 2484 2778 2776
f 2778 2482 2767
f 2776 2767 2478
f 2778 2767 2776
f 2380 2556 2545
f 2556 2426 2558
f 2545 2558 2422
f 2556 2558 2545
f 2426 2557 2566
f 2557 2392 2563
f 2566 2563 2428
f 2557 2563 2566
f 2422 2564 2546
f 2564 2428 2562
f 2546 2562 2390
f 2564 2562 2546
f 2426 2566 2558
f 2566 2428 2564
f 2558 2564 2422
f 2566 2564 2558
f 2392 2560 2568
f 2560 2427 2571
f 2568 2571 2429
f 2560 2571 2568
f 2427 2559 2561
f 2559 2381 2550
f 2561 2550 2424
f 2559 2550 2561
f 2429 2569 2567
f 2569 2424 2551
f 2567 2551 2391
f 2569 2551 2567
f 2427 2561 2571
f 2561 2424 2569
f 2571 2569 2429
f 2561 2569 2571
f 2390 2552 2544
f 2552 2425 2554
f 2544 2554 2421
f 2552 2554 2544
f 2425 2553 2555
f 2553 2391 2548
f 2555 2548 2423
f 2553 2548 2555
f 2421 2549 2543
f 2549 2423 2547
f 2543 2547 2379
f 2549 2547 2543
f 2425 2555 2554
f 2555 2423 2549
f 2554 2549 2421
f 2555 2549 2554
f 2392 2568 2563
f 2568 2429 2572
f 2563 2572 2428
f 2568 2572 2563
f 2429 2567 2570
f 2567 2391 2553
f 2570 2553 2425
f 2567 2553 2570
f 2428 2565 2562
f 2565 2425 2552
f 2562 2552 2390
f 2565 2552 2562
f 2429 2570 2572
f 2570 2425 2565
f 2572 2565 2428
f 2570 2565 2572
f 2380 2545 2612
f 2545 2422 2614
f 2612 2614 2442
f 2545 2614 2612
f 2422 2546 2620
f 2546 2390 2618
f 2620 2618 2444
f 2546 2618 2620
f 2442 2622 2613
f 2622 2444 2619
f 2613 2619 2397
f 2622 2619 2613
f 2422 2620 2614
f 2620 2444 2622
f 2614 2622 2442
f 2620 2622 2614
f 2390 2544 2608
f 2544 2421 2610
f 2608 2610 2441
f 2544 2610 2608
f 2421 2543 2605
f 2543 2379 2603
f 2605 2603 2439
f 2543 2603 2605
f 2441 2611 2609
f 2611 2439 2604
f 2609 2604 2396
f 2611 2604 2609
f 2421 2605 2610
f 2605 2439 2611
f 2610 2611 2441
f 2605 2611 2610
f 2397 2624 2616
f 2624 2445 2627
f 2616 2627 2443
f 2624 2627 2616
f 2445 2623 2625
f 2623 2396 2607
f 2625 2607 2440
f 2623 2607 2625
f 2443 2617 2615
f 2617 2440 2606
f 2615 2606 2383
f 2617 2606 2615
f 2445 2625 2627
f 2625 2440 2617
f 2627 2617 2443
f 2625 2617 2627
f 2390 2608 2618
f 2608 2441 2621
f 2618 2621 2444
f 2608 2621 2618
f 2441 2609 2626
f 2609 2396 2623
f 2626 2623 2445
f 2609 2623 2626
f 2444 2628 2619
f 2628 2445 2624
f 2619 2624 2397
f 2628 2624 2619
f 2441 2626 2621
f 2626 2445 2628
f 2621 2628 2444
f 2626 2628 2621
f 2380 2612 2668
f 2612 2442 2670
f 2668 2670 2458
f 2612 2670 2668
f 2442 2613 2675
f 2613 2397 2673
f 2675 2673 2460
f 2613 2673 2675
f 2458 2676 2669
f 2676 2460 2674
f 2669 2674 2402
f 2676 2674 2669
f 2442 2675 2670
f 2675 2460 2676
f 2670 2676 2458
f 2675 2676 2670
f 2397 2616 2684
f 2616 2443 2686
f 2684 2686 2463
f 2616 2686 2684
f 2443 2615 2679
f 2615 2383 2677
f 2679 2677 2461
f 2615 2677 2679
f 2463 2688 2685
f 2688 2461 2678
f 2685 2678 2403
f 2688 2678 2685
f 2443 2679 2686
f 2679 2461 2688
f 2686 2688 2463
f 2679 2688 2686
f 2402 2693 2672
f 2693 2465 2695
f 2672 2695 2459
f 2693 2695 2672
f 2465 2694 2697
f 2694 2403 2682
f 2697 2682 2462
f 2694 2682 2697
f 2459 2683 2671
f 2683 2462 2681
f 2671 2681 2385
f 2683 2681 2671
f 2465 2697 2695
f 2697 2462 2683
f 2695 2683 2459
f 2697 2683 2695
f 2397 2684 2673
f 2684 2463 2687
f 2673 2687 2460
f 2684 2687 2673
f 2463 2685 2698
f 2685 2403 2694
f 2698 2694 2465
f 2685 2694 2698
f 2460 2696 2674
f 2696 2465 2693
f 2674 2693 2402
f 2696 2693 2674
f 2463 2698 2687
f 2698 2465 2696
f 2687 2696 2460
f 2698 2696 2687
f 2380 2668 2743
f 2668 2458 2746
f 2743 2746 2476
f 2668 2746 2743
f 2458 2669 2755
f 2669 2402 2753
f 2755 2753 2479
f 2669 2753 2755
f 2476 2756 2744
f 2756 2479 2754
f 2744 2754 2406
f 2756 2754 2744
f 2458 2755 2746
f 2755 2479 2756
f 2746 2756 2476
f 2755 2756 2746
f 2402 2672 2822
f 2672 2459 2824
f 2822 2824 2494
f 2672 2824 2822
f 2459 2671 2812
f 2671 2385 2809
f 2812 2809 2491
f 2671 2809 2812
f 2494 2826 2823
f 2826 2491 2810
f 2823 2810 2409
f 2826 2810 2823
f 2459 2812 2824
f 2812 2491 2826
f 2824 2826 2494
f 2812 2826 2824
f 2406 2833 2748
f 2833 2496 2835
f 2748 2835 2477
f 2833 2835 2748
f 2496 2834 2837
f 2834 2409 2814
f 2837 2814 2492
f 2834 2814 2837
f 2477 2816 2747
f 2816 2492 2813
f 2747 2813 2386
f 2816 2813 2747
f 2496 2837 2835
f 2837 2492 2816
f 2835 2816 2477
f 2837 2816 2835
f 2402 2822 2753
f 2822 2494 2825
f 2753 2825 2479
f 2822 2825 2753
f 2494 2823 2838
f 2823 2409 2834
f 2838 2834 2496
f 2823 2834 2838
f 2479 2836 2754
f 2836 2496 2833
f 2754 2833 2406
f 2836 2833 2754
f 2494 2838 2825
f 2838 2496 2836
f 2825 2836 2479
f 2838 2836 2825
f 2381 2757 2599
f 2757 2480 2760
f 2599 2760 2437
f 2757 2760 2599
f 2480 2758 2772
f 2758 2407 2770
f 2772 2770 2483
f 2758 2770 2772
f 2437 2771 2600
f 2771 2483 2769
f 2600 2769 2395
f 2771 2769 2600
f 2480 2772 2760
f 2772 2483 2771
f 2760 2771 2437
f 2772 2771 2760
f 2407 2762 2803
f 2762 2481 2805
f 2803 2805 2490
f 2762 2805 2803
f 2481 2761 2786
f 2761 2386 2783
f 2786 2783 2486
f 2761 2783 2786
f 2490 2807 2804
f 2807 2486 2784
f 2804 2784 2408
f 2807 2784 2804
f 2481 2786 2805
f 2786 2486 2807
f 2805 2807 2490
f 2786 2807 2805
f 2395 2792 2602
f 2792 2488 2794
f 2602 2794 2438
f 2792 2794 2602
f 2488 2793 2796
f 2793 2408 2780
f 2796 2780 2485
f 2793 2780 2796
f 2438 2782 2601
f 2782 2485 2779
f 2601 2779 2382
f 2782 2779 2601
f 2488 2796 2794
f 2796 2485 2782
f 2794 2782 2438
f 2796 2782 2794
f 2407 2803 2770
f 2803 2490 2806
f 2770 2806 2483
f 2803 2806 2770
f 2490 2804 2808
f 2804 2408 2793
f 2808 2793 2488
f 2804 2793 2808
f 2483 2795 2769
f 2795 2488 2792
f 2769 2792 2395
f 2795 2792 2769
f 2490 2808 2806
f 2808 2488 2795
f 2806 2795 2483
f 2808 2795 2806
f 2379 2547 2923
f 2547 2423 2925
f 2923 2925 2518
f 2547 2925 2923
f 2423 2548 2931
f 2548 2391 2929
f 2931 2929 2520
f 2548 2929 2931
f 2518 2932 2924
f 2932 2520 2930
f 2924 2930 2415
f 2932 2930 2924
f 2423 2931 2925
f 2931 2520 2932
f 2925 2932 2518
f 2931 2932 2925
f 2391 2551 2944
f 2551 2424 2946
f 2944 2946 2524
f 2551 2946 2944
f 2424 2550 2939
f 2550 2381 2937
f 2939 2937 2522
f 2550 2937 2939
f 2524 2948 2945
f 2948 2522 2938
f 2945 2938 2416
f 2948 2938 2945
f 2424 2939 2946
f 2939 2522 2948
f 2946 2948 2524
f 2939 2948 2946
f 2415 2953 2928
f 2953 2526 2955
f 2928 2955 2519
f 2953 2955 2928
f 2526 2954 2957
f 2954 2416 2942
f 2957 2942 2523
f 2954 2942 2957
f 2519 2943 2927
f 2943 2523 2941
f 2927 2941 2388
f 2943 2941 2927
f 2526 2957 2955
f 2957 2523 2943
f 2955 2943 2519
f 2957 2943 2955
f 2391 2944 2929
f 2944 2524 2947
f 2929 2947 2520
f 2944 2947 2929
f 2524 2945 2958
f 2945 2416 2954
f 2958 2954 2526
f 2945 2954 2958
f 2520 2956 2930
f 2956 2526 2953
f 2930 2953 2415
f 2956 2953 2930
f 2524 2958 2947
f 2958 2526 2956
f 2947 2956 2520
f 2958 2956 2947
f 2383 2606 2857
f 2606 2440 2859
f 2857 2859 2503
f 2606 2859 2857
f 2440 2607 2866
f 2607 2396 2864
f 2866 2864 2505
f 2607 2864 2866
f 2503 2868 2858
f 2868 2505 2865
f 2858 2865 2412
f 2868 2865 2858
f 2440 2866 2859
f 2866 2505 2868
f 2859 2868 2503
f 2866 2868 2859
f 2396 2604 2853
f 2604 2439 2855
f 2853 2855 2502
f 2604 2855 2853
f 2439 2603 2850
f 2603 2379 2848
f 2850 2848 2500
f 2603 2848 2850
f 2502 2856 2854
f 2856 2500 2849
f 2854 2849 2411
f 2856 2849 2854
f 2439 2850 2855
f 2850 2500 2856
f 2855 2856 2502
f 2850 2856 2855
f 2412 2874 2862
f 2874 2507 2877
f 2862 2877 2504
f 2874 2877 2862
f 2507 2873 2875
f 2873 2411 2852
f 2875 2852 2501
f 2873 2852 2875
f 2504 2863 2861
f 2863 2501 2851
f 2861 2851 2387
f 2863 2851 2861
f 2507 2875 2877
f 2875 2501 2863
f 2877 2863 2504
f 2875 2863 2877
f 2396 2853 2864
f 2853 2502 2867
f 2864 2867 2505
f 2853 2867 2864
f 2502 2854 2876
f 2854 2411 2873
f 2876 2873 2507
f 2854 2873 2876
f 2505 2878 2865
f 2878 2507 2874
f 2865 2874 2412
f 2878 2874 2865
f 2502 2876 2867
f 2876 2507 2878
f 2867 2878 2505
f 2876 2878 2867
f 2385 2681 2703
f 2681 2462 2706
f 2703 2706 2467
f 2681 2706 2703
f 2462 2682 2725
f 2682 2403 2723
f 2725 2723 2471
f 2682 2723 2725
f 2467 2727 2704
f 2727 2471 2724
f 2704 2724 2404
f 2727 2724 2704
f 2462 2725 2706
f 2725 2471 2727
f 2706 2727 2467
f 2725 2727 2706
f 2403 2678 2690
f 2678 2461 2692
f 2690 2692 2464
f 2678 2692 2690
f 2461 2677 2680
f 2677 2383 2655
f 2680 2655 2453
f 2677 2655 2680
f 2464 2691 2689
f 2691 2453 2656
f 2689 2656 2400
f 2691 2656 2689
f 2461 2680 2692
f 2680 2453 2691
f 2692 2691 2464
f 2680 2691 2692
f 2404 2713 2700
f 2713 2469 2716
f 2700 2716 2466
f 2713 2716 2700
f 2469 2712 2714
f 2712 2400 2658
f 2714 2658 2454
f 2712 2658 2714
f 2466 2702 2699
f 2702 2454 2657
f 2699 2657 2384
f 2702 2657 2699
f 2469 2714 2716
f 2714 2454 2702
f 2716 2702 2466
f 2714 2702 2716
f 2403 2690 2723
f 2690 2464 2726
f 2723 2726 2471
f 2690 2726 2723
f 2464 2689 2715
f 2689 2400 2712
f 2715 2712 2469
f 2689 2712 2715
f 2471 2728 2724
f 2728 2469 2713
f 2724 2713 2404
f 2728 2713 2724
f 2464 2715 2726
f 2715 2469 2728
f 2726 2728 2471
f 2715 2728 2726
f 2386 2813 2733
f 2813 2492 2815
f 2733 2815 2473
f 2813 2815 2733
f 2492 2814 2831
f 2814 2409 2828
f 2831 2828 2495
f 2814 2828 2831
f 2473 2829 2734
f 2829 2495 2827
f 2734 2827 2405
f 2829 2827 2734
f 2492 2831 2815
f 2831 2495 2829
f 2815 2829 2473
f 2831 2829 2815
f 2409 2810 2818
f 2810 2491 2821
f 2818 2821 2493
f 2810 2821 2818
f 2491 2809 2811
f 2809 2385 2662
f 2811 2662 2456
f 2809 2662 2811
f 2493 2819 2817
f 2819 2456 2663
f 2817 2663 2401
f 2819 2663 2817
f 2491 2811 2821
f 2811 2456 2819
f 2821 2819 2493
f 2811 2819 2821
f 2405 2740 2730
f 2740 2475 2742
f 2730 2742 2472
f 2740 2742 2730
f 2475 2739 2741
f 2739 2401 2660
f 2741 2660 2455
f 2739 2660 2741
f 2472 2732 2729
f 2732 2455 2659
f 2729 2659 2378
f 2732 2659 2729
f 2475 2741 2742
f 2741 2455 2732
f 2742 2732 2472
f 2741 2732 2742
f 2409 2818 2828
f 2818 2493 2832
f 2828 2832 2495
f 2818 2832 2828
f 2493 2817 2820
f 2817 2401 2739
f 2820 2739 2475
f 2817 2739 2820
f 2495 2830 2827
f 2830 2475 2740
f 2827 2740 2405
f 2830 2740 2827
f 2493 2820 2832
f 2820 2475 2830
f 2832 2830 2495
f 2820 2830 2832
o Head_002
usemtl Skin
v -0.237709 1.935604 -0.016000
v -0.188291 1.935604 -0.016000
v -0.237709 1.794396 -0.016000
v -0.188291 1.794396 -0.016000
v -0.213000 1.821364 0.013773
v -0.213000 1.908636 0.013773
v -0.213000 1.821364 -0.045773
v -0.213000 1.908636 -0.045773
v -0.173019 1.865000 -0.034401
v -0.173019 1.865000 0.002401
v -0.252981 1.865000 -0.034401
v -0.252981 1.865000 0.002401
v -0.213000 1.948000 -0.016000
v -0.213000 1.782000 -0.016000
v -0.227524 1.797852 0.001500
v -0.198476 1.797852 0.001500
v -0.227524 1.932148 0.001500
v -0.198476 1.932148 0.001500
v -0.213000 1.865000 0.019000
v -0.227524 1.797852 -0.033500
v -0.198476 1.797852 -0.033500
v -0.227524 1.932148 -0.033500
v -0.198476 1.932148 -0.033500
v -0.213000 1.865000 -0.051000
v -0.174976 1.906500 -0.026816
v -0.174976 1.823500 -0.026816
v -0.189500 1.839352 -0.044316
v -0.189500 1.890648 -0.044316
v -0.174976 1.906500 -0.005184
v -0.174976 1.823500 -0.005184
v -0.189500 1.839352 0.012316
v -0.189500 1.890648 0.012316
v -0.166000 1.865000 -0.016000
v -0.251024 1.906500 -0.026816
v -0.251024 1.823500 -0.026816
v -0.236500 1.839352 -0.044316
v -0.236500 1.890648 -0.044316
v -0.251024 1.906500 -0.005184
v -0.251024 1.823500 -0.005184
v -0.236500 1.839352 0.012316
v -0.236500 1.890648 0.012316
v -0.260000 1.865000 -0.016000
v -0.225844 1.944841 -0.016000
v -0.200156 1.944841 -0.016000
v -0.225844 1.785159 -0.016000
v -0.200156 1.785159 -0.016000
v -0.233393 1.793399 -0.006904
v -0.220549 1.807416 0.008572
v -0.220636 1.786062 -0.006800
v -0.192607 1.793399 -0.006904
v -0.205451 1.807416 0.008572
v -0.205364 1.786062 -0.006800
v -0.213000 1.794396 0.002401
v -0.233393 1.936601 -0.006904
v -0.220549 1.922584 0.008572
v -0.220636 1.943938 -0.006800
v -0.192607 1.936601 -0.006904
v -0.205451 1.922584 0.008572
v -0.205364 1.943938 -0.006800
v -0.213000 1.935604 0.002401
v -0.213000 1.842319 0.017668
v -0.213000 1.887681 0.017668
v -0.233393 1.793399 -0.025096
v -0.220549 1.807416 -0.040572
v -0.220636 1.786062 -0.025200
v -0.192607 1.793399 -0.025096
v -0.205451 1.807416 -0.040572
v -0.205364 1.786062 -0.025200
v -0.213000 1.794396 -0.034401
v -0.233393 1.936601 -0.025096
v -0.220549 1.922584 -0.040572
v -0.220636 1.943938 -0.025200
v -0.192607 1.936601 -0.025096
v -0.205451 1.922584 -0.040572
v -0.205364 1.943938 -0.025200
v -0.213000 1.935604 -0.034401
v -0.213000 1.842319 -0.049668
v -0.213000 1.887681 -0.049668
v -0.180392 1.923270 -0.021622
v -0.172455 1.886571 -0.031186
v -0.185374 1.922120 -0.030886
v -0.180392 1.806730 -0.021622
v -0.172455 1.843429 -0.031186
v -0.185374 1.807880 -0.030886
v -0.200785 1.828987 -0.046193
v -0.180004 1.851668 -0.040282
v -0.193010 1.816214 -0.040087
v -0.200645 1.851516 -0.049287
v -0.180655 1.829698 -0.036572
v -0.200785 1.901013 -0.046193
v -0.180004 1.878332 -0.040282
v -0.193010 1.913786 -0.040087
v -0.200645 1.878484 -0.049287
v -0.180655 1.900302 -0.036572
v -0.188291 1.865000 -0.045773
v -0.180392 1.923270 -0.010378
v -0.172455 1.886571 -0.000814
v -0.185374 1.922120 -0.001114
v -0.173019 1.908636 -0.016000
v -0.180392 1.806730 -0.010378
v -0.172455 1.843429 -0.000814
v -0.185374 1.807880 -0.001114
v -0.173019 1.821364 -0.016000
v -0.200785 1.828987 0.014193
v -0.180004 1.851668 0.008282
v -0.193010 1.816214 0.008087
v -0.200645 1.851516 0.017287
v -0.180655 1.829698 0.004572
v -0.200785 1.901013 0.014193
v -0.180004 1.878332 0.008282
v -0.193010 1.913786 0.008087
v -0.200645 1.878484 0.017287
v -0.180655 1.900302 0.004572
v -0.188291 1.865000 0.013773
v -0.167789 1.865000 -0.025564
v -0.167789 1.865000 -0.006436
v -0.168300 1.886818 -0.021686
v -0.168300 1.843182 -0.021686
v -0.168300 1.886818 -0.010314
v -0.168300 1.843182 -0.010314
v -0.245608 1.923270 -0.021622
v -0.253545 1.886571 -0.031186
v -0.240626 1.922120 -0.030886
v -0.245608 1.806730 -0.021622
v -0.253545 1.843429 -0.031186
v -0.240626 1.807880 -0.030886
v -0.225215 1.828987 -0.046193
v -0.245996 1.851668 -0.040282
v -0.232990 1.816214 -0.040087
v -0.225355 1.851516 -0.049287
v -0.245345 1.829698 -0.036572
v -0.225215 1.901013 -0.046193
v -0.245996 1.878332 -0.040282
v -0.232990 1.913786 -0.040087
v -0.225355 1.878484 -0.049287
v -0.245345 1.900302 -0.036572
v -0.237709 1.865000 -0.045773
v -0.245608 1.923270 -0.010378
v -0.253545 1.886571 -0.000814
v -0.240626 1.922120 -0.001114
v -0.252981 1.908636 -0.016000
v -0.245608 1.806730 -0.010378
v -0.253545 1.843429 -0.000814
v -0.240626 1.807880 -0.001114
v -0.252981 1.821364 -0.016000
v -0.225215 1.828987 0.014193
v -0.245996 1.851668 0.008282
v -0.232990 1.816214 0.008087
v -0.225355 1.851516 0.017287
v -0.245345 1.829698 0.004572
v -0.225215 1.901013 0.014193
v -0.245996 1.878332 0.008282
v -0.232990 1.913786 0.008087
v -0.225355 1.878484 0.017287
v -0.245345 1.900302 0.004572
v -0.237709 1.865000 0.013773
v -0.258211 1.865000 -0.025564
v -0.258211 1.865000 -0.006436
v -0.257700 1.886818 -0.021686
v -0.257700 1.843182 -0.021686
v -0.257700 1.886818 -0.010314
v -0.257700 1.843182 -0.010314
f 3019 3156 3072
f 3156 3056 3158
f 3072 3158 3035
f 3156 3158 3072
f 3056 3157 3173
f 3157 3030 3170
f 3173 3170 3059
f 3157 3170 3173
f 3035 3171 3073
f 3171 3059 3169
f 3073 3169 3024
f 3171 3169 3073
f 3056 3173 3158
f 3173 3059 3171
f 3158 3171 3035
f 3173 3171 3158
f 3019 3072 3061
f 3072 3035 3074
f 3061 3074 3031
f 3072 3074 3061
f 3035 3073 3078
f 3073 3024 3076
f 3078 3076 3036
f 3073 3076 3078
f 3031 3077 3062
f 3077 3036 3075
f 3062 3075 3020
f 3077 3075 3062
f 3035 3078 3074
f 3078 3036 3077
f 3074 3077 3031
f 3078 3077 3074
f 3019 3061 3088
f 3061 3031 3090
f 3088 3090 3040
f 3061 3090 3088
f 3031 3062 3093
f 3062 3020 3091
f 3093 3091 3041
f 3062 3091 3093
f 3040 3094 3089
f 3094 3041 3092
f 3089 3092 3026
f 3094 3092 3089
f 3031 3093 3090
f 3093 3041 3094
f 3090 3094 3040
f 3093 3094 3090
f 3019 3088 3139
f 3088 3040 3141
f 3139 3141 3052
f 3088 3141 3139
f 3040 3089 3152
f 3089 3026 3150
f 3152 3150 3055
f 3089 3150 3152
f 3052 3154 3140
f 3154 3055 3151
f 3140 3151 3029
f 3154 3151 3140
f 3040 3152 3141
f 3152 3055 3154
f 3141 3154 3052
f 3152 3154 3141
f 3019 3139 3156
f 3139 3052 3159
f 3156 3159 3056
f 3139 3159 3156
f 3052 3140 3177
f 3140 3029 3175
f 3177 3175 3060
f 3140 3175 3177
f 3056 3179 3157
f 3179 3060 3176
f 3157 3176 3030
f 3179 3176 3157
f 3052 3177 3159
f 3177 3060 3179
f 3159 3179 3056
f 3177 3179 3159
f 3020 3075 3114
f 3075 3036 3116
f 3114 3116 3047
f 3075 3116 3114
f 3036 3076 3129
f 3076 3024 3127
f 3129 3127 3050
f 3076 3127 3129
f 3047 3131 3115
f 3131 3050 3128
f 3115 3128 3028
f 3131 3128 3115
f 3036 3129 3116
f 3129 3050 3131
f 3116 3131 3047
f 3129 3131 3116
f 3024 3169 3080
f 3169 3059 3172
f 3080 3172 3037
f 3169 3172 3080
f 3059 3170 3174
f 3170 3030 3165
f 3174 3165 3058
f 3170 3165 3174
f 3037 3167 3079
f 3167 3058 3164
f 3079 3164 3023
f 3167 3164 3079
f 3059 3174 3172
f 3174 3058 3167
f 3172 3167 3037
f 3174 3167 3172
f 3030 3176 3161
f 3176 3060 3180
f 3161 3180 3057
f 3176 3180 3161
f 3060 3175 3178
f 3175 3029 3143
f 3178 3143 3053
f 3175 3143 3178
f 3057 3163 3160
f 3163 3053 3142
f 3160 3142 3021
f 3163 3142 3160
f 3060 3178 3180
f 3178 3053 3163
f 3180 3163 3057
f 3178 3163 3180
f 3029 3151 3146
f 3151 3055 3155
f 3146 3155 3054
f 3151 3155 3146
f 3055 3150 3153
f 3150 3026 3096
f 3153 3096 3042
f 3150 3096 3153
f 3054 3148 3145
f 3148 3042 3095
f 3145 3095 3025
f 3148 3095 3145
f 3055 3153 3155
f 3153 3042 3148
f 3155 3148 3054
f 3153 3148 3155
f 3026 3092 3108
f 3092 3041 3110
f 3108 3110 3046
f 3092 3110 3108
f 3041 3091 3099
f 3091 3020 3097
f 3099 3097 3043
f 3091 3097 3099
f 3046 3112 3109
f 3112 3043 3098
f 3109 3098 3027
f 3112 3098 3109
f 3041 3099 3110
f 3099 3043 3112
f 3110 3112 3046
f 3099 3112 3110
f 3022 3118 3068
f 3118 3048 3120
f 3068 3120 3034
f 3118 3120 3068
f 3048 3119 3126
f 3119 3028 3123
f 3126 3123 3049
f 3119 3123 3126
f 3034 3124 3069
f 3124 3049 3122
f 3069 3122 3023
f 3124 3122 3069
f 3048 3126 3120
f 3126 3049 3124
f 3120 3124 3034
f 3126 3124 3120
f 3022 3068 3064
f 3068 3034 3070
f 3064 3070 3032
f 3068 3070 3064
f 3034 3069 3071
f 3069 3023 3066
f 3071 3066 3033
f 3069 3066 3071
f 3032 3067 3063
f 3067 3033 3065
f 3063 3065 3021
f 3067 3065 3063
f 3034 3071 3070
f 3071 3033 3067
f 3070 3067 3032
f 3071 3067 3070
f 3022 3064 3084
f 3064 3032 3086
f 3084 3086 3039
f 3064 3086 3084
f 3032 3063 3083
f 3063 3021 3081
f 3083 3081 3038
f 3063 3081 3083
f 3039 3087 3085
f 3087 3038 3082
f 3085 3082 3025
f 3087 3082 3085
f 3032 3083 3086
f 3083 3038 3087
f 3086 3087 3039
f 3083 3087 3086
f 3022 3084 3100
f 3084 3039 3102
f 3100 3102 3044
f 3084 3102 3100
f 3039 3085 3105
f 3085 3025 3103
f 3105 3103 3045
f 3085 3103 3105
f 3044 3107 3101
f 3107 3045 3104
f 3101 3104 3027
f 3107 3104 3101
f 3039 3105 3102
f 3105 3045 3107
f 3102 3107 3044
f 3105 3107 3102
f 3022 3100 3118
f 3100 3044 3121
f 3118 3121 3048
f 3100 3121 3118
f 3044 3101 3136
f 3101 3027 3133
f 3136 3133 3051
f 3101 3133 3136
f 3048 3138 3119
f 3138 3051 3134
f 3119 3134 3028
f 3138 3134 3119
f 3044 3136 3121
f 3136 3051 3138
f 3121 3138 3048
f 3136 3138 3121
f 3023 3122 3079
f 3122 3049 3125
f 3079 3125 3037
f 3122 3125 3079
f 3049 3123 3132
f 3123 3028 3128
f 3132 3128 3050
f 3123 3128 3132
f 3037 3130 3080
f 3130 3050 3127
f 3080 3127 3024
f 3130 3127 3080
f 3049 3132 3125
f 3132 3050 3130
f 3125 3130 3037
f 3132 3130 3125
f 3021 3065 3160
f 3065 3033 3162
f 3160 3162 3057
f 3065 3162 3160
f 3033 3066 3166
f 3066 3023 3164
f 3166 3164 3058
f 3066 3164 3166
f 3057 3168 3161
f 3168 3058 3165
f 3161 3165 3030
f 3168 3165 3161
f 3033 3166 3162
f 3166 3058 3168
f 3162 3168 3057
f 3166 3168 3162
f 3025 3082 3145
f 3082 3038 3147
f 3145 3147 3054
f 3082 3147 3145
f 3038 3081 3144
f 3081 3021 3142
f 3144 3142 3053
f 3081 3142 3144
f 3054 3149 3146
f 3149 3053 3143
f 3146 3143 3029
f 3149 3143 3146
f 3038 3144 3147
f 3144 3053 3149
f 3147 3149 3054
f 3144 3149 3147
f 3027 3104 3109
f 3104 3045 3113
f 3109 3113 3046
f 3104 3113 3109
f 3045 3103 3106
f 3103 3025 3095
f 3106 3095 3042
f 3103 3095 3106
f 3046 3111 3108
f 3111 3042 3096
f 3108 3096 3026
f 3111 3096 3108
f 3045 3106 3113
f 3106 3042 3111
f 3113 3111 3046
f 3106 3111 3113
f 3028 3134 3115
f 3134 3051 3137
f 3115 3137 3047
f 3134 3137 3115
f 3051 3133 3135
f 3133 3027 3098
f 3135 3098 3043
f 3133 3098 3135
f 3047 3117 3114
f 3117 3043 3097
f 3114 3097 3020
f 3117 3097 3114
f 3051 3135 3137
f 3135 3043 3117
f 3137 3117 3047
f 3135 3117 3137
o Head_003
usemtl Skin
v 0.188291 1.935604 -0.016000
v 0.237709 1.935604 -0.016000
v 0.188291 1.794396 -0.016000
v 0.237709 1.794396 -0.016000
v 0.213000 1.821364 0.013773
v 0.213000 1.908636 0.013773
v 0.213000 1.821364 -0.045773
v 0.213000 1.908636 -0.045773
v 0.252981 1.865000 -0.034401
v 0.252981 1.865000 0.002401
v 0.173019 1.865000 -0.034401
v 0.173019 1.865000 0.002401
v 0.213000 1.948000 -0.016000
v 0.213000 1.782000 -0.016000
v 0.198476 1.797852 0.001500
v 0.227524 1.797852 0.001500
v 0.198476 1.932148 0.001500
v 0.227524 1.932148 0.001500
v 0.213000 1.865000 0.019000
v 0.198476 1.797852 -0.033500
v 0.227524 1.797852 -0.033500
v 0.198476 1.932148 -0.033500
v 0.227524 1.932148 -0.033500
v 0.213000 1.865000 -0.051000
v 0.251024 1.906500 -0.026816
v 0.251024 1.823500 -0.026816
v 0.236500 1.839352 -0.044316
v 0.236500 1.890648 -0.044316
v 0.251024 1.906500 -0.005184
v 0.251024 1.823500 -0.005184
v 0.236500 1.839352 0.012316
v 0.236500 1.890648 0.012316
v 0.260000 1.865000 -0.016000
v 0.174976 1.906500 -0.026816
v 0.174976 1.823500 -0.026816
v 0.189500 1.839352 -0.044316
v 0.189500 1.890648 -0.044316
v 0.174976 1.906500 -0.005184
v 0.174976 1.823500 -0.005184
v 0.189500 1.839352 0.012316
v 0.189500 1.890648 0.012316
v 0.166000 1.865000 -0.016000
v 0.200156 1.944841 -0.016000
v 0.225844 1.944841 -0.016000
v 0.200156 1.785159 -0.016000
v 0.225844 1.785159 -0.016000
v 0.192607 1.793399 -0.006904
v 0.205451 1.807416 0.008572
v 0.205364 1.786062 -0.006800
v 0.233393 1.793399 -0.006904
v 0.220549 1.807416 0.008572
v 0.220636 1.786062 -0.006800
v 0.213000 1.794396 0.002401
v 0.192607 1.936601 -0.006904
v 0.205451 1.922584 0.008572
v 0.205364 1.943938 -0.006800
v 0.233393 1.936601 -0.006904
v 0.220549 1.922584 0.008572
v 0.220636 1.943938 -0.006800
v 0.213000 1.935604 0.002401
v 0.213000 1.842319 0.017668
v 0.213000 1.887681 0.017668
v 0.192607 1.793399 -0.025096
v 0.205451 1.807416 -0.040572
v 0.205364 1.786062 -0.025200
v 0.233393 1.793399 -0.025096
v 0.220549 1.807416 -0.040572
v 0.220636 1.786062 -0.025200
v 0.213000 1.794396 -0.034401
v 0.192607 1.936601 -0.025096
v 0.205451 1.922584 -0.040572
v 0.205364 1.943938 -0.025200
v 0.233393 1.936601 -0.025096
v 0.220549 1.922584 -0.040572
v 0.220636 1.943938 -0.025200
v 0.213000 1.935604 -0.034401
v 0.213000 1.842319 -0.049668
v 0.213000 1.887681 -0.049668
v 0.245608 1.923270 -0.021622
v 0.253545 1.886571 -0.031186
v 0.240626 1.922120 -0.030886
v 0.245608 1.806730 -0.021622
v 0.253545 1.843429 -0.031186
v 0.240626 1.807880 -0.030886
v 0.225215 1.828987 -0.046193
v 0.245996 1.851668 -0.040282
v 0.232990 1.816214 -0.040087
v 0.225355 1.851516 -0.049287
v 0.245345 1.829698 -0.036572
v 0.225215 1.901013 -0.046193
v 0.245996 1.878332 -0.040282
v 0.232990 1.913786 -0.040087
v 0.225355 1.878484 -0.049287
v 0.245345 1.900302 -0.036572
v 0.237709 1.865000 -0.045773
v 0.245608 1.923270 -0.010378
v 0.253545 1.886571 -0.000814
v 0.240626 1.922120 -0.001114
v 0.252981 1.908636 -0.016000
v 0.245608 1.806730 -0.010378
v 0.253545 1.843429 -0.000814
v 0.240626 1.807880 -0.001114
v 0.252981 1.821364 -0.016000
v 0.225215 1.828987 0.014193
v 0.245996 1.851668 0.008282
v 0.232990 1.816214 0.008087
v 0.225355 1.851516 0.017287
v 0.245345 1.829698 0.004572
v 0.225215 1.901013 0.014193
v 0.245996 1.878332 0.008282
v 0.232990 1.913786 0.008087
v 0.225355 1.878484 0.017287
v 0.245345 1.900302 0.004572
v 0.237709 1.865000 0.013773
v 0.258211 1.865000 -0.025564
v 0.258211 1.865000 -0.006436
v 0.257700 1.886818 -0.021686
v 0.257700 1.843182 -0.021686
v 0.257700 1.886818 -0.010314
v 0.257700 1.843182 -0.010314
v 0.180392 1.923270 -0.021622
v 0.172455 1.886571 -0.031186
v 0.185374 1.922120 -0.030886
v 0.180392 1.806730 -0.021622
v 0.172455 1.843429 -0.031186
v 0.185374 1.807880 -0.030886
v 0.200785 1.828987 -0.046193
v 0.180004 1.851668 -0.040282
v 0.193010 1.816214 -0.040087
v 0.200645 1.851516 -0.049287
v 0.180655 1.829698 -0.036572
v 0.200785 1.901013 -0.046193
v 0.180004 1.878332 -0.040282
v 0.193010 1.913786 -0.040087
v 0.200645 1.878484 -0.049287
v 0.180655 1.900302 -0.036572
v 0.188291 1.865000 -0.045773
v 0.180392 1.923270 -0.010378
v 0.172455 1.886571 -0.000814
v 0.185374 1.922120 -0.001114
v 0.173019 1.908636 -0.016000
v 0.180392 1.806730 -0.010378
v 0.172455 1.843429 -0.000814
v 0.185374 1.807880 -0.001114
v 0.173019 1.821364 -0.016000
v 0.200785 1.828987 0.014193
v 0.180004 1.851668 0.008282
v 0.193010 1.816214 0.008087
v 0.200645 1.851516 0.017287
v 0.180655 1.829698 0.004572
v 0.200785 1.901013 0.014193
v 0.180004 1.878332 0.008282
v 0.193010 1.913786 0.008087
v 0.200645 1.878484 0.017287
v 0.180655 1.900302 0.004572
v 0.188291 1.865000 0.013773
v 0.167789 1.865000 -0.025564
v 0.167789 1.865000 -0.006436
v 0.168300 1.886818 -0.021686
v 0.168300 1.843182 -0.021686
v 0.168300 1.886818 -0.010314
v 0.168300 1.843182 -0.010314
f 3181 3318 3234
f 3318 3218 3320
f 3234 3320 3197
f 3318 3320 3234
f 3218 3319 3335
f 3319 3192 3332
f 3335 3332 3221
f 3319 3332 3335
f 3197 3333 3235
f 3333 3221 3331
f 3235 3331 3186
f 3333 3331 3235
f 3218 3335 3320
f 3335 3221 3333
f 3320 3333 3197
f 3335 3333 3320
f 3181 3234 3223
f 3234 3197 3236
f 3223 3236 3193
f 3234 3236 3223
f 3197 3235 3240
f 3235 3186 3238
f 3240 3238 3198
f 3235 3238 3240
f 3193 3239 3224
f 3239 3198 3237
f 3224 3237 3182
f 3239 3237 3224
f 3197 3240 3236
f 3240 3198 3239
f 3236 3239 3193
f 3240 3239 3236
f 3181 3223 3250
f 3223 3193 3252
f 3250 3252 3202
f 3223 3252 3250
f 3193 3224 3255
f 3224 3182 3253
f 3255 3253 3203
f 3224 3253 3255
f 3202 3256 3251
f 3256 3203 3254
f 3251 3254 3188
f 3256 3254 3251
f 3193 3255 3252
f 3255 3203 3256
f 3252 3256 3202
f 3255 3256 3252
f 3181 3250 3301
f 3250 3202 3303
f 3301 3303 3214
f 3250 3303 3301
f 3202 3251 3314
f 3251 3188 3312
f 3314 3312 3217
f 3251 3312 3314
f 3214 3316 3302
f 3316 3217 3313
f 3302 3313 3191
f 3316 3313 3302
f 3202 3314 3303
f 3314 3217 3316
f 3303 3316 3214
f 3314 3316 3303
f 3181 3301 3318
f 3301 3214 3321
f 3318 3321 3218
f 3301 3321 3318
f 3214 3302 3339
f 3302 3191 3337
f 3339 3337 3222
f 3302 3337 3339
f 3218 3341 3319
f 3341 3222 3338
f 3319 3338 3192
f 3341 3338 3319
f 3214 3339 3321
f 3339 3222 3341
f 3321 3341 3218
f 3339 3341 3321
f 3182 3237 3276
f 3237 3198 3278
f 3276 3278 3209
f 3237 3278 3276
f 3198 3238 3291
f 3238 3186 3289
f 3291 3289 3212
f 3238 3289 3291
f 3209 3293 3277
f 3293 3212 3290
f 3277 3290 3190
f 3293 3290 3277
f 3198 3291 3278
f 3291 3212 3293
f 3278 3293 3209
f 3291 3293 3278
f 3186 3331 3242
f 3331 3221 3334
f 3242 3334 3199
f 3331 3334 3242
f 3221 3332 3336
f 3332 3192 3327
f 3336 3327 3220
f 3332 3327 3336
f 3199 3329 3241
f 3329 3220 3326
f 3241 3326 3185
f 3329 3326 3241
f 3221 3336 3334
f 3336 3220 3329
f 3334 3329 3199
f 3336 3329 3334
f 3192 3338 3323
f 3338 3222 3342
f 3323 3342 3219
f 3338 3342 3323
f 3222 3337 3340
f 3337 3191 3305
f 3340 3305 3215
f 3337 3305 3340
f 3219 3325 3322
f 3325 3215 3304
f 3322 3304 3183
f 3325 3304 3322
f 3222 3340 3342
f 3340 3215 3325
f 3342 3325 3219
f 3340 3325 3342
f 3191 3313 3308
f 3313 3217 3317
f 3308 3317 3216
f 3313 3317 3308
f 3217 3312 3315
f 3312 3188 3258
f 3315 3258 3204
f 3312 3258 3315
f 3216 3310 3307
f 3310 3204 3257
f 3307 3257 3187
f 3310 3257 3307
f 3217 3315 3317
f 3315 3204 3310
f 3317 3310 3216
f 3315 3310 3317
f 3188 3254 3270
f 3254 3203 3272
f 3270 3272 3208
f 3254 3272 3270
f 3203 3253 3261
f 3253 3182 3259
f 3261 3259 3205
f 3253 3259 3261
f 3208 3274 3271
f 3274 3205 3260
f 3271 3260 3189
f 3274 3260 3271
f 3203 3261 3272
f 3261 3205 3274
f 3272 3274 3208
f 3261 3274 3272
f 3184 3280 3230
f 3280 3210 3282
f 3230 3282 3196
f 3280 3282 3230
f 3210 3281 3288
f 3281 3190 3285
f 3288 3285 3211
f 3281 3285 3288
f 3196 3286 3231
f 3286 3211 3284
f 3231 3284 3185
f 3286 3284 3231
f 3210 3288 3282
f 3288 3211 3286
f 3282 3286 3196
f 3288 3286 3282
f 3184 3230 3226
f 3230 3196 3232
f 3226 3232 3194
f 3230 3232 3226
f 3196 3231 3233
f 3231 3185 3228
f 3233 3228 3195
f 3231 3228 3233
f 3194 3229 3225
f 3229 3195 3227
f 3225 3227 3183
f 3229 3227 3225
f 3196 3233 3232
f 3233 3195 3229
f 3232 3229 3194
f 3233 3229 3232
f 3184 3226 3246
f 3226 3194 3248
f 3246 3248 3201
f 3226 3248 3246
f 3194 3225 3245
f 3225 3183 3243
f 3245 3243 3200
f 3225 3243 3245
f 3201 3249 3247
f 3249 3200 3244
f 3247 3244 3187
f 3249 3244 3247
f 3194 3245 3248
f 3245 3200 3249
f 3248 3249 3201
f 3245 3249 3248
f 3184 3246 3262
f 3246 3201 3264
f 3262 3264 3206
f 3246 3264 3262
f 3201 3247 3267
f 3247 3187 3265
f 3267 3265 3207
f 3247 3265 3267
f 3206 3269 3263
f 3269 3207 3266
f 3263 3266 3189
f 3269 3266 3263
f 3201 3267 3264
f 3267 3207 3269
f 3264 3269 3206
f 3267 3269 3264
f 3184 3262 3280
f 3262 3206 3283
f 3280 3283 3210
f 3262 3283 3280
f 3206 3263 3298
f 3263 3189 3295
f 3298 3295 3213
f 3263 3295 3298
f 3210 3300 3281
f 3300 3213 3296
f 3281 3296 3190
f 3300 3296 3281
f 3206 3298 3283
f 3298 3213 3300
f 3283 3300 3210
f 3298 3300 3283
f 3185 3284 3241
f 3284 3211 3287
f 3241 3287 3199
f 3284 3287 3241
f 3211 3285 3294
f 3285 3190 3290
f 3294 3290 3212
f 3285 3290 3294
f 3199 3292 3242
f 3292 3212 3289
f 3242 3289 3186
f 3292 3289 3242
f 3211 3294 3287
f 3294 3212 3292
f 3287 3292 3199
f 3294 3292 3287
f 3183 3227 3322
f 3227 3195 3324
f 3322 3324 3219
f 3227 3324 3322
f 3195 3228 3328
f 3228 3185 3326
f 3328 3326 3220
f 3228 3326 3328
f 3219 3330 3323
f 3330 3220 3327
f 3323 3327 3192
f 3330 3327 3323
f 3195 3328 3324
f 3328 3220 3330
f 3324 3330 3219
f 3328 3330 3324
f 3187 3244 3307
f 3244 3200 3309
f 3307 3309 3216
f 3244 3309 3307
f 3200 3243 3306
f 3243 3183 3304
f 3306 3304 3215
f 3243 3304 3306
f 3216 3311 3308
f 3311 3215 3305
f 3308 3305 3191
f 3311 3305 3308
f 3200 3306 3309
f 3306 3215 3311
f 3309 3311 3216
f 3306 3311 3309
f 3189 3266 3271
f 3266 3207 3275
f 3271 3275 3208
f 3266 3275 3271
f 3207 3265 3268
f 3265 3187 3257
f 3268 3257 3204
f 3265 3257 3268
f 3208 3273 3270
f 3273 3204 3258
f 3270 3258 3188
f 3273 3258 3270
f 3207 3268 3275
f 3268 3204 3273
f 3275 3273 3208
f 3268 3273 3275
f 3190 3296 3277
f 3296 3213 3299
f 3277 3299 3209
f 3296 3299 3277
f 3213 3295 3297
f 3295 3189 3260
f 3297 3260 3205
f 3295 3260 3297
f 3209 3279 3276
f 3279 3205 3259
f 3276 3259 3182
f 3279 3259 3276
f 3213 3297 3299
f 3297 3205 3279
f 3299 3279 3209
f 3297 3279 3299
o Head_004
usemtl Skin
v -0.015246 1.862773 -0.204000
v 0.015246 1.862773 -0.204000
v -0.015246 1.803227 -0.204000
v 0.015246 1.803227 -0.204000
v 0.000000 1.814599 -0.165721
v 0.000000 1.851401 -0.165721
v 0.000000 1.814599 -0.242279
v 0.000000 1.851401 -0.242279
v 0.024669 1.833000 -0.227658
v 0.024669 1.833000 -0.180342
v -0.024669 1.833000 -0.227658
v -0.024669 1.833000 -0.180342
v 0.000000 1.868000 -0.204000
v 0.000000 1.798000 -0.204000
v -0.008961 1.804684 -0.181500
v 0.008961 1.804684 -0.181500
v -0.008961 1.861316 -0.181500
v 0.008961 1.861316 -0.181500
v 0.000000 1.833000 -0.159000
v -0.008961 1.804684 -0.226500
v 0.008961 1.804684 -0.226500
v -0.008961 1.861316 -0.226500
v 0.008961 1.861316 -0.226500
v 0.000000 1.833000 -0.249000
v 0.023461 1.850500 -0.217906
v 0.023461 1.815500 -0.217906
v 0.014500 1.822184 -0.240406
v 0.014500 1.843816 -0.240406
v 0.023461 1.850500 -0.190094
v 0.023461 1.815500 -0.190094
v 0.014500 1.822184 -0.167594
v 0.014500 1.843816 -0.167594
v 0.029000 1.833000 -0.204000
v -0.023461 1.850500 -0.217906
v -0.023461 1.815500 -0.217906
v -0.014500 1.822184 -0.240406
v -0.014500 1.843816 -0.240406
v -0.023461 1.850500 -0.190094
v -0.023461 1.815500 -0.190094
v -0.014500 1.822184 -0.167594
v -0.014500 1.843816 -0.167594
v -0.029000 1.833000 -0.204000
f 3343 3380 3359
f 3380 3354 3383
f 3359 3383 3348
f 3380 3383 3359
f 3343 3359 3355
f 3359 3348 3360
f 3355 3360 3344
f 3359 3360 3355
f 3343 3355 3364
f 3355 3344 3365
f 3364 3365 3350
f 3355 3365 3364
f 3343 3364 3376
f 3364 3350 3379
f 3376 3379 3353
f 3364 3379 3376
f 3343 3376 3380
f 3376 3353 3384
f 3380 3384 3354
f 3376 3384 3380
f 3344 3360 3371
f 3360 3348 3374
f 3371 3374 3352
f 3360 3374 3371
f 3348 3383 3361
f 3383 3354 3382
f 3361 3382 3347
f 3383 3382 3361
f 3354 3384 3381
f 3384 3353 3377
f 3381 3377 3345
f 3384 3377 3381
f 3353 3379 3378
f 3379 3350 3366
f 3378 3366 3349
f 3379 3366 3378
f 3350 3365 3370
f 3365 3344 3367
f 3370 3367 3351
f 3365 3367 3370
f 3346 3372 3358
f 3372 3352 3373
f 3358 3373 3347
f 3372 3373 3358
f 3346 3358 3356
f 3358 3347 3357
f 3356 3357 3345
f 3358 3357 3356
f 3346 3356 3363
f 3356 3345 3362
f 3363 3362 3349
f 3356 3362 3363
f 3346 3363 3368
f 3363 3349 3369
f 3368 3369 3351
f 3363 3369 3368
f 3346 3368 3372
f 3368 3351 3375
f 3372 3375 3352
f 3368 3375 3372
f 3347 3373 3361
f 3373 3352 3374
f 3361 3374 3348
f 3373 3374 3361
f 3345 3357 3381
f 3357 3347 3382
f 3381 3382 3354
f 3357 3382 3381
f 3349 3362 3378
f 3362 3345 3377
f 3378 3377 3353
f 3362 3377 3378
f 3351 3369 3370
f 3369 3349 3366
f 3370 3366 3350
f 3369 3366 3370
f 3352 3375 3371
f 3375 3351 3367
f 3371 3367 3344
f 3375 3367 3371
o FaceDetails_000
usemtl EyeWhite
v -0.115915 1.954325 -0.188000
v -0.058085 1.954325 -0.188000
v -0.115915 1.889675 -0.188000
v -0.058085 1.889675 -0.188000
v -0.087000 1.902022 -0.177792
v -0.087000 1.941978 -0.177792
v -0.087000 1.902022 -0.198208
v -0.087000 1.941978 -0.198208
v -0.040214 1.922000 -0.194309
v -0.040214 1.922000 -0.181691
v -0.133786 1.922000 -0.194309
v -0.133786 1.922000 -0.181691
v -0.087000 1.960000 -0.188000
v -0.087000 1.884000 -0.188000
v -0.103996 1.891257 -0.182000
v -0.070004 1.891257 -0.182000
v -0.103996 1.952743 -0.182000
v -0.070004 1.952743 -0.182000
v -0.087000 1.922000 -0.176000
v -0.103996 1.891257 -0.194000
v -0.070004 1.891257 -0.194000
v -0.103996 1.952743 -0.194000
v -0.070004 1.952743 -0.194000
v -0.087000 1.922000 -0.200000
v -0.042504 1.941000 -0.191708
v -0.042504 1.903000 -0.191708
v -0.059500 1.910257 -0.197708
v -0.059500 1.933743 -0.197708
v -0.042504 1.941000 -0.184292
v -0.042504 1.903000 -0.184292
v -0.059500 1.910257 -0.178292
v -0.059500 1.933743 -0.178292
v -0.032000 1.922000 -0.188000
v -0.131496 1.941000 -0.191708
v -0.131496 1.903000 -0.191708
v -0.114500 1.910257 -0.197708
v -0.114500 1.933743 -0.197708
v -0.131496 1.941000 -0.184292
v -0.131496 1.903000 -0.184292
v -0.114500 1.910257 -0.178292
v -0.114500 1.933743 -0.178292
v -0.142000 1.922000 -0.188000
v -0.102030 1.958554 -0.188000
v -0.071970 1.958554 -0.188000
v -0.102030 1.885446 -0.188000
v -0.071970 1.885446 -0.188000
v -0.110864 1.889219 -0.184881
v -0.095834 1.895636 -0.179575
v -0.095935 1.885860 -0.184846
v -0.063136 1.889219 -0.184881
v -0.078166 1.895636 -0.179575
v -0.078065 1.885860 -0.184846
v -0.087000 1.889675 -0.181691
v -0.110864 1.954781 -0.184881
v -0.095834 1.948364 -0.179575
v -0.095935 1.958140 -0.184846
v -0.063136 1.954781 -0.184881
v -0.078166 1.948364 -0.179575
v -0.078065 1.958140 -0.184846
v -0.087000 1.954325 -0.181691
v -0.087000 1.911616 -0.176457
v -0.087000 1.932384 -0.176457
v -0.110864 1.889219 -0.191119
v -0.095834 1.895636 -0.196425
v -0.095935 1.885860 -0.191154
v -0.063136 1.889219 -0.191119
v -0.078166 1.895636 -0.196425
v -0.078065 1.885860 -0.191154
v -0.087000 1.889675 -0.194309
v -0.110864 1.954781 -0.191119
v -0.095834 1.948364 -0.196425
v -0.095935 1.958140 -0.191154
v -0.063136 1.954781 -0.191119
v -0.078166 1.948364 -0.196425
v -0.078065 1.958140 -0.191154
v -0.087000 1.954325 -0.194309
v -0.087000 1.911616 -0.199543
v -0.087000 1.932384 -0.199543
v -0.048842 1.948678 -0.189927
v -0.039553 1.931876 -0.193207
v -0.054672 1.948151 -0.193104
v -0.048842 1.895322 -0.189927
v -0.039553 1.912124 -0.193207
v -0.054672 1.895849 -0.193104
v -0.072706 1.905512 -0.198352
v -0.048387 1.915896 -0.196325
v -0.063607 1.899664 -0.196258
v -0.072542 1.915827 -0.199413
v -0.049149 1.905838 -0.195053
v -0.072706 1.938488 -0.198352
v -0.048387 1.928104 -0.196325
v -0.063607 1.944336 -0.196258
v -0.072542 1.928173 -0.199413
v -0.049149 1.938162 -0.195053
v -0.058085 1.922000 -0.198208
v -0.048842 1.948678 -0.186073
v -0.039553 1.931876 -0.182793
v -0.054672 1.948151 -0.182896
v -0.040214 1.941978 -0.188000
v -0.048842 1.895322 -0.186073
v -0.039553 1.912124 -0.182793
v -0.054672 1.895849 -0.182896
v -0.040214 1.902022 -0.188000
v -0.072706 1.905512 -0.177648
v -0.048387 1.915896 -0.179675
v -0.063607 1.899664 -0.179742
v -0.072542 1.915827 -0.176587
v -0.049149 1.905838 -0.180947
v -0.072706 1.938488 -0.177648
v -0.048387 1.928104 -0.179675
v -0.063607 1.944336 -0.179742
v -0.072542 1.928173 -0.176587
v -0.049149 1.938162 -0.180947
v -0.058085 1.922000 -0.177792
v -0.034093 1.922000 -0.191279
v -0.034093 1.922000 -0.184721
v -0.034692 1.931989 -0.189950
v -0.034692 1.912011 -0.189950
v -0.034692 1.931989 -0.186050
v -0.034692 1.912011 -0.186050
v -0.125158 1.948678 -0.189927
v -0.134447 1.931876 -0.193207
v -0.119328 1.948151 -0.193104
v -0.125158 1.895322 -0.189927
v -0.134447 1.912124 -0.193207
v -0.119328 1.895849 -0.193104
v -0.101294 1.905512 -0.198352
v -0.125613 1.915896 -0.196325
v -0.110393 1.899664 -0.196258
v -0.101458 1.915827 -0.199413
v -0.124851 1.905838 -0.195053
v -0.101294 1.938488 -0.198352
v -0.125613 1.928104 -0.196325
v -0.110393 1.944336 -0.196258
v -0.101458 1.928173 -0.199413
v -0.124851 1.938162 -0.195053
v -0.115915 1.922000 -0.198208
v -0.125158 1.948678 -0.186073
v -0.134447 1.931876 -0.182793
v -0.119328 1.948151 -0.182896
v -0.133786 1.941978 -0.188000
v -0.125158 1.895322 -0.186073
v -0.134447 1.912124 -0.182793
v -0.119328 1.895849 -0.182896
v -0.133786 1.902022 -0.188000
v -0.101294 1.905512 -0.177648
v -0.125613 1.915896 -0.179675
v -0.110393 1.899664 -0.179742
v -0.101458 1.915827 -0.176587
v -0.124851 1.905838 -0.180947
v -0.101294 1.938488 -0.177648
v -0.125613 1.928104 -0.179675
v -0.110393 1.944336 -0.179742
v -0.101458 1.928173 -0.176587
v -0.124851 1.938162 -0.180947
v -0.115915 1.922000 -0.177792
v -0.139907 1.922000 -0.191279
v -0.139907 1.922000 -0.184721
v -0.139308 1.931989 -0.189950
v -0.139308 1.912011 -0.189950
v -0.139308 1.931989 -0.186050
v -0.139308 1.912011 -0.186050
f 3385 3522 3438
f 3522 3422 3524
f 3438 3524 3401
f 3522 3524 3438
f 3422 3523 3539
f 3523 3396 3536
f 3539 3536 3425
f 3523 3536 3539
f 3401 3537 3439
f 3537 3425 3535
f 3439 3535 3390
f 3537 3535 3439
f 3422 3539 3524
f 3539 3425 3537
f 3524 3537 3401
f 3539 3537 3524
f 3385 3438 3427
f 3438 3401 3440
f 3427 3440 3397
f 3438 3440 3427
f 3401 3439 3444
f 3439 3390 3442
f 3444 3442 3402
f 3439 3442 3444
f 3397 3443 3428
f 3443 3402 3441
f 3428 3441 3386
f 3443 3441 3428
f 3401 3444 3440
f 3444 3402 3443
f 3440 3443 3397
f 3444 3443 3440
f 3385 3427 3454
f 3427 3397 3456
f 3454 3456 3406
f 3427 3456 3454
f 3397 3428 3459
f 3428 3386 3457
f 3459 3457 3407
f 3428 3457 3459
f 3406 3460 3455
f 3460 3407 3458
f 3455 3458 3392
f 3460 3458 3455
f 3397 3459 3456
f 3459 3407 3460
f 3456 3460 3406
f 3459 3460 3456
f 3385 3454 3505
f 3454 3406 3507
f 3505 3507 3418
f 3454 3507 3505
f 3406 3455 3518
f 3455 3392 3516
f 3518 3516 3421
f 3455 3516 3518
f 3418 3520 3506
f 3520 3421 3517
f 3506 3517 3395
f 3520 3517 3506
f 3406 3518 3507
f 3518 3421 3520
f 3507 3520 3418
f 3518 3520 3507
f 3385 3505 3522
f 3505 3418 3525
f 3522 3525 3422
f 3505 3525 3522
f 3418 3506 3543
f 3506 3395 3541
f 3543 3541 3426
f 3506 3541 3543
f 3422 3545 3523
f 3545 3426 3542
f 3523 3542 3396
f 3545 3542 3523
f 3418 3543 3525
f 3543 3426 3545
f 3525 3545 3422
f 3543 3545 3525
f 3386 3441 3480
f 3441 3402 3482
f 3480 3482 3413
f 3441 3482 3480
f 3402 3442 3495
f 3442 3390 3493
f 3495 3493 3416
f 3442 3493 3495
f 3413 3497 3481
f 3497 3416 3494
f 3481 3494 3394
f 3497 3494 3481
f 3402 3495 3482
f 3495 3416 3497
f 3482 3497 3413
f 3495 3497 3482
f 3390 3535 3446
f 3535 3425 3538
f 3446 3538 3403
f 3535 3538 3446
f 3425 3536 3540
f 3536 3396 3531
f 3540 3531 3424
f 3536 3531 3540
f 3403 3533 3445
f 3533 3424 3530
f 3445 3530 3389
f 3533 3530 3445
f 3425 3540 3538
f 3540 3424 3533
f 3538 3533 3403
f 3540 3533 3538
f 3396 3542 3527
f 3542 3426 3546
f 3527 3546 3423
f 3542 3546 3527
f 3426 3541 3544
f 3541 3395 3509
f 3544 3509 3419
f 3541 3509 3544
f 3423 3529 3526
f 3529 3419 3508
f 3526 3508 3387
f 3529 3508 3526
f 3426 3544 3546
f 3544 3419 3529
f 3546 3529 3423
f 3544 3529 3546
f 3395 3517 3512
f 3517 3421 3521
f 3512 3521 3420
f 3517 3521 3512
f 3421 3516 3519
f 3516 3392 3462
f 3519 3462 3408
f 3516 3462 3519
f 3420 3514 3511
f 3514 3408 3461
f 3511 3461 3391
f 3514 3461 3511
f 3421 3519 3521
f 3519 3408 3514
f 3521 3514 3420
f 3519 3514 3521
f 3392 3458 3474
f 3458 3407 3476
f 3474 3476 3412
f 3458 3476 3474
f 3407 3457 3465
f 3457 3386 3463
f 3465 3463 3409
f 3457 3463 3465
f 3412 3478 3475
f 3478 3409 3464
f 3475 3464 3393
f 3478 3464 3475
f 3407 3465 3476
f 3465 3409 3478
f 3476 3478 3412
f 3465 3478 3476
f 3388 3484 3434
f 3484 3414 3486
f 3434 3486 3400
f 3484 3486 3434
f 3414 3485 3492
f 3485 3394 3489
f 3492 3489 3415
f 3485 3489 3492
f 3400 3490 3435
f 3490 3415 3488
f 3435 3488 3389
f 3490 3488 3435
f 3414 3492 3486
f 3492 3415 3490
f 3486 3490 3400
f 3492 3490 3486
f 3388 3434 3430
f 3434 3400 3436
f 3430 3436 3398
f 3434 3436 3430
f 3400 3435 3437
f 3435 3389 3432
f 3437 3432 3399
f 3435 3432 3437
f 3398 3433 3429
f 3433 3399 3431
f 3429 3431 3387
f 3433 3431 3429
f 3400 3437 3436
f 3437 3399 3433
f 3436 3433 3398
f 3437 3433 3436
f 3388 3430 3450
f 3430 3398 3452
f 3450 3452 3405
f 3430 3452 3450
f 3398 3429 3449
f 3429 3387 3447
f 3449 3447 3404
f 3429 3447 3449
f 3405 3453 3451
f 3453 3404 3448
f 3451 3448 3391
f 3453 3448 3451
f 3398 3449 3452
f 3449 3404 3453
f 3452 3453 3405
f 3449 3453 3452
f 3388 3450 3466
f 3450 3405 3468
f 3466 3468 3410
f 3450 3468 3466
f 3405 3451 3471
f 3451 3391 3469
f 3471 3469 3411
f 3451 3469 3471
f 3410 3473 3467
f 3473 3411 3470
f 3467 3470 3393
f 3473 3470 3467
f 3405 3471 3468
f 3471 3411 3473
f 3468 3473 3410
f 3471 3473 3468
f 3388 3466 3484
f 3466 3410 3487
f 3484 3487 3414
f 3466 3487 3484
f 3410 3467 3502
f 3467 3393 3499
f 3502 3499 3417
f 3467 3499 3502
f 3414 3504 3485
f 3504 3417 3500
f 3485 3500 3394
f 3504 3500 3485
f 3410 3502 3487
f 3502 3417 3504
f 3487 3504 3414
f 3502 3504 3487
f 3389 3488 3445
f 3488 3415 3491
f 3445 3491 3403
f 3488 3491 3445
f 3415 3489 3498
f 3489 3394 3494
f 3498 3494 3416
f 3489 3494 3498
f 3403 3496 3446
f 3496 3416 3493
f 3446 3493 3390
f 3496 3493 3446
f 3415 3498 3491
f 3498 3416 3496
f 3491 3496 3403
f 3498 3496 3491
f 3387 3431 3526
f 3431 3399 3528
f 3526 3528 3423
f 3431 3528 3526
f 3399 3432 3532
f 3432 3389 3530
f 3532 3530 3424
f 3432 3530 3532
f 3423 3534 3527
f 3534 3424 3531
f 3527 3531 3396
f 3534 3531 3527
f 3399 3532 3528
f 3532 3424 3534
f 3528 3534 3423
f 3532 3534 3528
f 3391 3448 3511
f 3448 3404 3513
f 3511 3513 3420
f 3448 3513 3511
f 3404 3447 3510
f 3447 3387 3508
f 3510 3508 3419
f 3447 3508 3510
f 3420 3515 3512
f 3515 3419 3509
f 3512 3509 3395
f 3515 3509 3512
f 3404 3510 3513
f 3510 3419 3515
f 3513 3515 3420
f 3510 3515 3513
f 3393 3470 3475
f 3470 3411 3479
f 3475 3479 3412
f 3470 3479 3475
f 3411 3469 3472
f 3469 3391 3461
f 3472 3461 3408
f 3469 3461 3472
f 3412 3477 3474
f 3477 3408 3462
f 3474 3462 3392
f 3477 3462 3474
f 3411 3472 3479
f 3472 3408 3477
f 3479 3477 3412
f 3472 3477 3479
f 3394 3500 3481
f 3500 3417 3503
f 3481 3503 3413
f 3500 3503 3481
f 3417 3499 3501
f 3499 3393 3464
f 3501 3464 3409
f 3499 3464 3501
f 3413 3483 3480
f 3483 3409 3463
f 3480 3463 3386
f 3483 3463 3480
f 3417 3501 3503
f 3501 3409 3483
f 3503 3483 3413
f 3501 3483 3503
o FaceDetails_001
usemtl Iris
v -0.100143 1.946669 -0.202000
v -0.073857 1.946669 -0.202000
v -0.100143 1.897331 -0.202000
v -0.073857 1.897331 -0.202000
v -0.087000 1.906754 -0.194344
v -0.087000 1.937246 -0.194344
v -0.087000 1.906754 -0.209656
v -0.087000 1.937246 -0.209656
v -0.065734 1.922000 -0.206732
v -0.065734 1.922000 -0.197268
v -0.108266 1.922000 -0.206732
v -0.108266 1.922000 -0.197268
v -0.087000 1.951000 -0.202000
v -0.087000 1.893000 -0.202000
v -0.094725 1.898539 -0.197500
v -0.079275 1.898539 -0.197500
v -0.094725 1.945461 -0.197500
v -0.079275 1.945461 -0.197500
v -0.087000 1.922000 -0.193000
v -0.094725 1.898539 -0.206500
v -0.079275 1.898539 -0.206500
v -0.094725 1.945461 -0.206500
v -0.079275 1.945461 -0.206500
v -0.087000 1.922000 -0.211000
v -0.066775 1.936500 -0.204781
v -0.066775 1.907500 -0.204781
v -0.074500 1.913039 -0.209281
v -0.074500 1.930961 -0.209281
v -0.066775 1.936500 -0.199219
v -0.066775 1.907500 -0.199219
v -0.074500 1.913039 -0.194719
v -0.074500 1.930961 -0.194719
v -0.062000 1.922000 -0.202000
v -0.107225 1.936500 -0.204781
v -0.107225 1.907500 -0.204781
v -0.099500 1.913039 -0.209281
v -0.099500 1.930961 -0.209281
v -0.107225 1.936500 -0.199219
v -0.107225 1.907500 -0.199219
v -0.099500 1.913039 -0.194719
v -0.099500 1.930961 -0.194719
v -0.112000 1.922000 -0.202000
v -0.093832 1.949896 -0.202000
v -0.080168 1.949896 -0.202000
v -0.093832 1.894104 -0.202000
v -0.080168 1.894104 -0.202000
v -0.097847 1.896983 -0.199661
v -0.091016 1.901880 -0.195682
v -0.091061 1.894419 -0.199634
v -0.076153 1.896983 -0.199661
v -0.082984 1.901880 -0.195682
v -0.082939 1.894419 -0.199634
v -0.087000 1.897331 -0.197268
v -0.097847 1.947017 -0.199661
v -0.091016 1.942120 -0.195682
v -0.091061 1.949581 -0.199634
v -0.076153 1.947017 -0.199661
v -0.082984 1.942120 -0.195682
v -0.082939 1.949581 -0.199634
v -0.087000 1.946669 -0.197268
v -0.087000 1.914075 -0.193343
v -0.087000 1.929925 -0.193343
v -0.097847 1.896983 -0.204339
v -0.091016 1.901880 -0.208318
v -0.091061 1.894419 -0.204366
v -0.076153 1.896983 -0.204339
v -0.082984 1.901880 -0.208318
v -0.082939 1.894419 -0.204366
v -0.087000 1.897331 -0.206732
v -0.097847 1.947017 -0.204339
v -0.091016 1.942120 -0.208318
v -0.091061 1.949581 -0.204366
v -0.076153 1.947017 -0.204339
v -0.082984 1.942120 -0.208318
v -0.082939 1.949581 -0.204366
v -0.087000 1.946669 -0.206732
v -0.087000 1.914075 -0.210657
v -0.087000 1.929925 -0.210657
v -0.069655 1.942359 -0.203446
v -0.065433 1.929537 -0.205905
v -0.072305 1.941958 -0.205828
v -0.069655 1.901641 -0.203446
v -0.065433 1.914463 -0.205905
v -0.072305 1.902042 -0.205828
v -0.080503 1.909417 -0.209764
v -0.069449 1.917342 -0.208244
v -0.076367 1.904954 -0.208194
v -0.080428 1.917289 -0.210560
v -0.069795 1.909666 -0.207290
v -0.080503 1.934583 -0.209764
v -0.069449 1.926658 -0.208244
v -0.076367 1.939046 -0.208194
v -0.080428 1.926711 -0.210560
v -0.069795 1.934334 -0.207290
v -0.073857 1.922000 -0.209656
v -0.069655 1.942359 -0.200554
v -0.065433 1.929537 -0.198095
v -0.072305 1.941958 -0.198172
v -0.065734 1.937246 -0.202000
v -0.069655 1.901641 -0.200554
v -0.065433 1.914463 -0.198095
v -0.072305 1.902042 -0.198172
v -0.065734 1.906754 -0.202000
v -0.080503 1.909417 -0.194236
v -0.069449 1.917342 -0.195756
v -0.076367 1.904954 -0.195806
v -0.080428 1.917289 -0.193440
v -0.069795 1.909666 -0.196710
v -0.080503 1.934583 -0.194236
v -0.069449 1.926658 -0.195756
v -0.076367 1.939046 -0.195806
v -0.080428 1.926711 -0.193440
v -0.069795 1.934334 -0.196710
v -0.073857 1.922000 -0.194344
v -0.062952 1.922000 -0.204459
v -0.062952 1.922000 -0.199541
v -0.063224 1.929623 -0.203462
v -0.063224 1.914377 -0.203462
v -0.063224 1.929623 -0.200538
v -0.063224 1.914377 -0.200538
v -0.104345 1.942359 -0.203446
v -0.108567 1.929537 -0.205905
v -0.101695 1.941958 -0.205828
v -0.104345 1.901641 -0.203446
v -0.108567 1.914463 -0.205905
v -0.101695 1.902042 -0.205828
v -0.093497 1.909417 -0.209764
v -0.104551 1.917342 -0.208244
v -0.097633 1.904954 -0.208194
v -0.093572 1.917289 -0.210560
v -0.104205 1.909666 -0.207290
v -0.093497 1.934583 -0.209764
v -0.104551 1.926658 -0.208244
v -0.097633 1.939046 -0.208194
v -0.093572 1.926711 -0.210560
v -0.104205 1.934334 -0.207290
v -0.100143 1.922000 -0.209656
v -0.104345 1.942359 -0.200554
v -0.108567 1.929537 -0.198095
v -0.101695 1.941958 -0.198172
v -0.108266 1.937246 -0.202000
v -0.104345 1.901641 -0.200554
v -0.108567 1.914463 -0.198095
v -0.101695 1.902042 -0.198172
v -0.108266 1.906754 -0.202000
v -0.093497 1.909417 -0.194236
v -0.104551 1.917342 -0.195756
v -0.097633 1.904954 -0.195806
v -0.093572 1.917289 -0.193440
v -0.104205 1.909666 -0.196710
v -0.093497 1.934583 -0.194236
v -0.104551 1.926658 -0.195756
v -0.097633 1.939046 -0.195806
v -0.093572 1.926711 -0.193440
v -0.104205 1.934334 -0.196710
v -0.100143 1.922000 -0.194344
v -0.111048 1.922000 -0.204459
v -0.111048 1.922000 -0.199541
v -0.110776 1.929623 -0.203462
v -0.110776 1.914377 -0.203462
v -0.110776 1.929623 -0.200538
v -0.110776 1.914377 -0.200538
f 3547 3684 3600
f 3684 3584 3686
f 3600 3686 3563
f 3684 3686 3600
f 3584 3685 3701
f 3685 3558 3698
f 3701 3698 3587
f 3685 3698 3701
f 3563 3699 3601
f 3699 3587 3697
f 3601 3697 3552
f 3699 3697 3601
f 3584 3701 3686
f 3701 3587 3699
f 3686 3699 3563
f 3701 3699 3686
f 3547 3600 3589
f 3600 3563 3602
f 3589 3602 3559
f 3600 3602 3589
f 3563 3601 3606
f 3601 3552 3604
f 3606 3604 3564
f 3601 3604 3606
f 3559 3605 3590
f 3605 3564 3603
f 3590 3603 3548
f 3605 3603 3590
f 3563 3606 3602
f 3606 3564 3605
f 3602 3605 3559
f 3606 3605 3602
f 3547 3589 3616
f 3589 3559 3618
f 3616 3618 3568
f 3589 3618 3616
f 3559 3590 3621
f 3590 3548 3619
f 3621 3619 3569
f 3590 3619 3621
f 3568 3622 3617
f 3622 3569 3620
f 3617 3620 3554
f 3622 3620 3617
f 3559 3621 3618
f 3621 3569 3622
f 3618 3622 3568
f 3621 3622 3618
f 3547 3616 3667
f 3616 3568 3669
f 3667 3669 3580
f 3616 3669 3667
f 3568 3617 3680
f 3617 3554 3678
f 3680 3678 3583
f 3617 3678 3680
f 3580 3682 3668
f 3682 3583 3679
f 3668 3679 3557
f 3682 3679 3668
f 3568 3680 3669
f 3680 3583 3682
f 3669 3682 3580
f 3680 3682 3669
f 3547 3667 3684
f 3667 3580 3687
f 3684 3687 3584
f 3667 3687 3684
f 3580 3668 3705
f 3668 3557 3703
f 3705 3703 3588
f 3668 3703 3705
f 3584 3707 3685
f 3707 3588 3704
f 3685 3704 3558
f 3707 3704 3685
f 3580 3705 3687
f 3705 3588 3707
f 3687 3707 3584
f 3705 3707 3687
f 3548 3603 3642
f 3603 3564 3644
f 3642 3644 3575
f 3603 3644 3642
f 3564 3604 3657
f 3604 3552 3655
f 3657 3655 3578
f 3604 3655 3657
f 3575 3659 3643
f 3659 3578 3656
f 3643 3656 3556
f 3659 3656 3643
f 3564 3657 3644
f 3657 3578 3659
f 3644 3659 3575
f 3657 3659 3644
f 3552 3697 3608
f 3697 3587 3700
f 3608 3700 3565
f 3697 3700 3608
f 3587 3698 3702
f 3698 3558 3693
f 3702 3693 3586
f 3698 3693 3702
f 3565 3695 3607
f 3695 3586 3692
f 3607 3692 3551
f 3695 3692 3607
f 3587 3702 3700
f 3702 3586 3695
f 3700 3695 3565
f 3702 3695 3700
f 3558 3704 3689
f 3704 3588 3708
f 3689 3708 3585
f 3704 3708 3689
f 3588 3703 3706
f 3703 3557 3671
f 3706 3671 3581
f 3703 3671 3706
f 3585 3691 3688
f 3691 3581 3670
f 3688 3670 3549
f 3691 3670 3688
f 3588 3706 3708
f 3706 3581 3691
f 3708 3691 3585
f 3706 3691 3708
f 3557 3679 3674
f 3679 3583 3683
f 3674 3683 3582
f 3679 3683 3674
f 3583 3678 3681
f 3678 3554 3624
f 3681 3624 3570
f 3678 3624 3681
f 3582 3676 3673
f 3676 3570 3623
f 3673 3623 3553
f 3676 3623 3673
f 3583 3681 3683
f 3681 3570 3676
f 3683 3676 3582
f 3681 3676 3683
f 3554 3620 3636
f 3620 3569 3638
f 3636 3638 3574
f 3620 3638 3636
f 3569 3619 3627
f 3619 3548 3625
f 3627 3625 3571
f 3619 3625 3627
f 3574 3640 3637
f 3640 3571 3626
f 3637 3626 3555
f 3640 3626 3637
f 3569 3627 3638
f 3627 3571 3640
f 3638 3640 3574
f 3627 3640 3638
f 3550 3646 3596
f 3646 3576 3648
f 3596 3648 3562
f 3646 3648 3596
f 3576 3647 3654
f 3647 3556 3651
f 3654 3651 3577
f 3647 3651 3654
f 3562 3652 3597
f 3652 3577 3650
f 3597 3650 3551
f 3652 3650 3597
f 3576 3654 3648
f 3654 3577 3652
f 3648 3652 3562
f 3654 3652 3648
f 3550 3596 3592
f 3596 3562 3598
f 3592 3598 3560
f 3596 3598 3592
f 3562 3597 3599
f 3597 3551 3594
f 3599 3594 3561
f 3597 3594 3599
f 3560 3595 3591
f 3595 3561 3593
f 3591 3593 3549
f 3595 3593 3591
f 3562 3599 3598
f 3599 3561 3595
f 3598 3595 3560
f 3599 3595 3598
f 3550 3592 3612
f 3592 3560 3614
f 3612 3614 3567
f 3592 3614 3612
f 3560 3591 3611
f 3591 3549 3609
f 3611 3609 3566
f 3591 3609 3611
f 3567 3615 3613
f 3615 3566 3610
f 3613 3610 3553
f 3615 3610 3613
f 3560 3611 3614
f 3611 3566 3615
f 3614 3615 3567
f 3611 3615 3614
f 3550 3612 3628
f 3612 3567 3630
f 3628 3630 3572
f 3612 3630 3628
f 3567 3613 3633
f 3613 3553 3631
f 3633 3631 3573
f 3613 3631 3633
f 3572 3635 3629
f 3635 3573 3632
f 3629 3632 3555
f 3635 3632 3629
f 3567 3633 3630
f 3633 3573 3635
f 3630 3635 3572
f 3633 3635 3630
f 3550 3628 3646
f 3628 3572 3649
f 3646 3649 3576
f 3628 3649 3646
f 3572 3629 3664
f 3629 3555 3661
f 3664 3661 3579
f 3629 3661 3664
f 3576 3666 3647
f 3666 3579 3662
f 3647 3662 3556
f 3666 3662 3647
f 3572 3664 3649
f 3664 3579 3666
f 3649 3666 3576
f 3664 3666 3649
f 3551 3650 3607
f 3650 3577 3653
f 3607 3653 3565
f 3650 3653 3607
f 3577 3651 3660
f 3651 3556 3656
f 3660 3656 3578
f 3651 3656 3660
f 3565 3658 3608
f 3658 3578 3655
f 3608 3655 3552
f 3658 3655 3608
f 3577 3660 3653
f 3660 3578 3658
f 3653 3658 3565
f 3660 3658 3653
f 3549 3593 3688
f 3593 3561 3690
f 3688 3690 3585
f 3593 3690 3688
f 3561 3594 3694
f 3594 3551 3692
f 3694 3692 3586
f 3594 3692 3694
f 3585 3696 3689
f 3696 3586 3693
f 3689 3693 3558
f 3696 3693 3689
f 3561 3694 3690
f 3694 3586 3696
f 3690 3696 3585
f 3694 3696 3690
f 3553 3610 3673
f 3610 3566 3675
f 3673 3675 3582
f 3610 3675 3673
f 3566 3609 3672
f 3609 3549 3670
f 3672 3670 3581
f 3609 3670 3672
f 3582 3677 3674
f 3677 3581 3671
f 3674 3671 3557
f 3677 3671 3674
f 3566 3672 3675
f 3672 3581 3677
f 3675 3677 3582
f 3672 3677 3675
f 3555 3632 3637
f 3632 3573 3641
f 3637 3641 3574
f 3632 3641 3637
f 3573 3631 3634
f 3631 3553 3623
f 3634 3623 3570
f 3631 3623 3634
f 3574 3639 3636
f 3639 3570 3624
f 3636 3624 3554
f 3639 3624 3636
f 3573 3634 3641
f 3634 3570 3639
f 3641 3639 3574
f 3634 3639 3641
f 3556 3662 3643
f 3662 3579 3665
f 3643 3665 3575
f 3662 3665 3643
f 3579 3661 3663
f 3661 3555 3626
f 3663 3626 3571
f 3661 3626 3663
f 3575 3645 3642
f 3645 3571 3625
f 3642 3625 3548
f 3645 3625 3642
f 3579 3663 3665
f 3663 3571 3645
f 3665 3645 3575
f 3663 3645 3665
o FaceDetails_002
usemtl Pupil
v -0.092783 1.936461 -0.211000
v -0.081217 1.936461 -0.211000
v -0.092783 1.907539 -0.211000
v -0.081217 1.907539 -0.211000
v -0.087000 1.913063 -0.205896
v -0.087000 1.930937 -0.205896
v -0.087000 1.913063 -0.216104
v -0.087000 1.930937 -0.216104
v -0.077643 1.922000 -0.214154
v -0.077643 1.922000 -0.207846
v -0.096357 1.922000 -0.214154
v -0.096357 1.922000 -0.207846
v -0.087000 1.939000 -0.211000
v -0.087000 1.905000 -0.211000
v -0.090399 1.908247 -0.208000
v -0.083601 1.908247 -0.208000
v -0.090399 1.935753 -0.208000
v -0.083601 1.935753 -0.208000
v -0.087000 1.922000 -0.205000
v -0.090399 1.908247 -0.214000
v -0.083601 1.908247 -0.214000
v -0.090399 1.935753 -0.214000
v -0.083601 1.935753 -0.214000
v -0.087000 1.922000 -0.217000
v -0.078101 1.930500 -0.212854
v -0.078101 1.913500 -0.212854
v -0.081500 1.916747 -0.215854
v -0.081500 1.927253 -0.215854
v -0.078101 1.930500 -0.209146
v -0.078101 1.913500 -0.209146
v -0.081500 1.916747 -0.206146
v -0.081500 1.927253 -0.206146
v -0.076000 1.922000 -0.211000
v -0.095899 1.930500 -0.212854
v -0.095899 1.913500 -0.212854
v -0.092500 1.916747 -0.215854
v -0.092500 1.927253 -0.215854
v -0.095899 1.930500 -0.209146
v -0.095899 1.913500 -0.209146
v -0.092500 1.916747 -0.206146
v -0.092500 1.927253 -0.206146
v -0.098000 1.922000 -0.211000
v -0.090006 1.938353 -0.211000
v -0.083994 1.938353 -0.211000
v -0.090006 1.905647 -0.211000
v -0.083994 1.905647 -0.211000
v -0.091773 1.907335 -0.209441
v -0.088767 1.910206 -0.206788
v -0.088787 1.905832 -0.209423
v -0.082227 1.907335 -0.209441
v -0.085233 1.910206 -0.206788
v -0.085213 1.905832 -0.209423
v -0.087000 1.907539 -0.207846
v -0.091773 1.936665 -0.209441
v -0.088767 1.933794 -0.206788
v -0.088787 1.938168 -0.209423
v -0.082227 1.936665 -0.209441
v -0.085233 1.933794 -0.206788
v -0.085213 1.938168 -0.209423
v -0.087000 1.936461 -0.207846
v -0.087000 1.917354 -0.205228
v -0.087000 1.926646 -0.205228
v -0.091773 1.907335 -0.212559
v -0.088767 1.910206 -0.215212
v -0.088787 1.905832 -0.212577
v -0.082227 1.907335 -0.212559
v -0.085233 1.910206 -0.215212
v -0.085213 1.905832 -0.212577
v -0.087000 1.907539 -0.214154
v -0.091773 1.936665 -0.212559
v -0.088767 1.933794 -0.215212
v -0.088787 1.938168 -0.212577
v -0.082227 1.936665 -0.212559
v -0.085233 1.933794 -0.215212
v -0.085213 1.938168 -0.212577
v -0.087000 1.936461 -0.214154
v -0.087000 1.917354 -0.216772
v -0.087000 1.926646 -0.216772
v -0.079368 1.933935 -0.211964
v -0.077511 1.926418 -0.213603
v -0.080534 1.933699 -0.213552
v -0.079368 1.910065 -0.211964
v -0.077511 1.917582 -0.213603
v -0.080534 1.910301 -0.213552
v -0.084141 1.914624 -0.216176
v -0.079277 1.919269 -0.215163
v -0.082321 1.912008 -0.215129
v -0.084108 1.919238 -0.216706
v -0.079430 1.914769 -0.214527
v -0.084141 1.929376 -0.216176
v -0.079277 1.924731 -0.215163
v -0.082321 1.931992 -0.215129
v -0.084108 1.924762 -0.216706
v -0.079430 1.929231 -0.214527
v -0.081217 1.922000 -0.216104
v -0.079368 1.933935 -0.210036
v -0.077511 1.926418 -0.208397
v -0.080534 1.933699 -0.208448
v -0.077643 1.930937 -0.211000
v -0.079368 1.910065 -0.210036
v -0.077511 1.917582 -0.208397
v -0.080534 1.910301 -0.208448
v -0.077643 1.913063 -0.211000
v -0.084141 1.914624 -0.205824
v -0.079277 1.919269 -0.206837
v -0.082321 1.912008 -0.206871
v -0.084108 1.919238 -0.205294
v -0.079430 1.914769 -0.207473
v -0.084141 1.929376 -0.205824
v -0.079277 1.924731 -0.206837
v -0.082321 1.931992 -0.206871
v -0.084108 1.924762 -0.205294
v -0.079430 1.929231 -0.207473
v -0.081217 1.922000 -0.205896
v -0.076419 1.922000 -0.212640
v -0.076419 1.922000 -0.209360
v -0.076538 1.926469 -0.211975
v -0.076538 1.917531 -0.211975
v -0.076538 1.926469 -0.210025
v -0.076538 1.917531 -0.210025
v -0.094632 1.933935 -0.211964
v -0.096489 1.926418 -0.213603
v -0.093466 1.933699 -0.213552
v -0.094632 1.910065 -0.211964
v -0.096489 1.917582 -0.213603
v -0.093466 1.910301 -0.213552
v -0.089859 1.914624 -0.216176
v -0.094723 1.919269 -0.215163
v -0.091679 1.912008 -0.215129
v -0.089892 1.919238 -0.216706
v -0.094570 1.914769 -0.214527
v -0.089859 1.929376 -0.216176
v -0.094723 1.924731 -0.215163
v -0.091679 1.931992 -0.215129
v -0.089892 1.924762 -0.216706
v -0.094570 1.929231 -0.214527
v -0.092783 1.922000 -0.216104
v -0.094632 1.933935 -0.210036
v -0.096489 1.926418 -0.208397
v -0.093466 1.933699 -0.208448
v -0.096357 1.930937 -0.211000
v -0.094632 1.910065 -0.210036
v -0.096489 1.917582 -0.208397
v -0.093466 1.910301 -0.208448
v -0.096357 1.913063 -0.211000
v -0.089859 1.914624 -0.205824
v -0.094723 1.919269 -0.206837
v -0.091679 1.912008 -0.206871
v -0.089892 1.919238 -0.205294
v -0.094570 1.914769 -0.207473
v -0.089859 1.929376 -0.205824
v -0.094723 1.924731 -0.206837
v -0.091679 1.931992 -0.206871
v -0.089892 1.924762 -0.205294
v -0.094570 1.929231 -0.207473
v -0.092783 1.922000 -0.205896
v -0.097581 1.922000 -0.212640
v -0.097581 1.922000 -0.209360
v -0.097462 1.926469 -0.211975
v -0.097462 1.917531 -0.211975
v -0.097462 1.926469 -0.210025
v -0.097462 1.917531 -0.210025
f 3709 3846 3762
f 3846 3746 3848
f 3762 3848 3725
f 3846 3848 3762
f 3746 3847 3863
f 3847 3720 3860
f 3863 3860 3749
f 3847 3860 3863
f 3725 3861 3763
f 3861 3749 3859
f 3763 3859 3714
f 3861 3859 3763
f 3746 3863 3848
f 3863 3749 3861
f 3848 3861 3725
f 3863 3861 3848
f 3709 3762 3751
f 3762 3725 3764
f 3751 3764 3721
f 3762 3764 3751
f 3725 3763 3768
f 3763 3714 3766
f 3768 3766 3726
f 3763 3766 3768
f 3721 3767 3752
f 3767 3726 3765
f 3752 3765 3710
f 3767 3765 3752
f 3725 3768 3764
f 3768 3726 3767
f 3764 3767 3721
f 3768 3767 3764
f 3709 3751 3778
f 3751 3721 3780
f 3778 3780 3730
f 3751 3780 3778
f 3721 3752 3783
f 3752 3710 3781
f 3783 3781 3731
f 3752 3781 3783
f 3730 3784 3779
f 3784 3731 3782
f 3779 3782 3716
f 3784 3782 3779
f 3721 3783 3780
f 3783 3731 3784
f 3780 3784 3730
f 3783 3784 3780
f 3709 3778 3829
f 3778 3730 3831
f 3829 3831 3742
f 3778 3831 3829
f 3730 3779 3842
f 3779 3716 3840
f 3842 3840 3745
f 3779 3840 3842
f 3742 3844 3830
f 3844 3745 3841
f 3830 3841 3719
f 3844 3841 3830
f 3730 3842 3831
f 3842 3745 3844
f 3831 3844 3742
f 3842 3844 3831
f 3709 3829 3846
f 3829 3742 3849
f 3846 3849 3746
f 3829 3849 3846
f 3742 3830 3867
f 3830 3719 3865
f 3867 3865 3750
f 3830 3865 3867
f 3746 3869 3847
f 3869 3750 3866
f 3847 3866 3720
f 3869 3866 3847
f 3742 3867 3849
f 3867 3750 3869
f 3849 3869 3746
f 3867 3869 3849
f 3710 3765 3804
f 3765 3726 3806
f 3804 3806 3737
f 3765 3806 3804
f 3726 3766 3819
f 3766 3714 3817
f 3819 3817 3740
f 3766 3817 3819
f 3737 3821 3805
f 3821 3740 3818
f 3805 3818 3718
f 3821 3818 3805
f 3726 3819 3806
f 3819 3740 3821
f 3806 3821 3737
f 3819 3821 3806
f 3714 3859 3770
f 3859 3749 3862
f 3770 3862 3727
f 3859 3862 3770
f 3749 3860 3864
f 3860 3720 3855
f 3864 3855 3748
f 3860 3855 3864
f 3727 3857 3769
f 3857 3748 3854
f 3769 3854 3713
f 3857 3854 3769
f 3749 3864 3862
f 3864 3748 3857
f 3862 3857 3727
f 3864 3857 3862
f 3720 3866 3851
f 3866 3750 3870
f 3851 3870 3747
f 3866 3870 3851
f 3750 3865 3868
f 3865 3719 3833
f 3868 3833 3743
f 3865 3833 3868
f 3747 3853 3850
f 3853 3743 3832
f 3850 3832 3711
f 3853 3832 3850
f 3750 3868 3870
f 3868 3743 3853
f 3870 3853 3747
f 3868 3853 3870
f 3719 3841 3836
f 3841 3745 3845
f 3836 3845 3744
f 3841 3845 3836
f 3745 3840 3843
f 3840 3716 3786
f 3843 3786 3732
f 3840 3786 3843
f 3744 3838 3835
f 3838 3732 3785
f 3835 3785 3715
f 3838 3785 3835
f 3745 3843 3845
f 3843 3732 3838
f 3845 3838 3744
f 3843 3838 3845
f 3716 3782 3798
f 3782 3731 3800
f 3798 3800 3736
f 3782 3800 3798
f 3731 3781 3789
f 3781 3710 3787
f 3789 3787 3733
f 3781 3787 3789
f 3736 3802 3799
f 3802 3733 3788
f 3799 3788 3717
f 3802 3788 3799
f 3731 3789 3800
f 3789 3733 3802
f 3800 3802 3736
f 3789 3802 3800
f 3712 3808 3758
f 3808 3738 3810
f 3758 3810 3724
f 3808 3810 3758
f 3738 3809 3816
f 3809 3718 3813
f 3816 3813 3739
f 3809 3813 3816
f 3724 3814 3759
f 3814 3739 3812
f 3759 3812 3713
f 3814 3812 3759
f 3738 3816 3810
f 3816 3739 3814
f 3810 3814 3724
f 3816 3814 3810
f 3712 3758 3754
f 3758 3724 3760
f 3754 3760 3722
f 3758 3760 3754
f 3724 3759 3761
f 3759 3713 3756
f 3761 3756 3723
f 3759 3756 3761
f 3722 3757 3753
f 3757 3723 3755
f 3753 3755 3711
f 3757 3755 3753
f 3724 3761 3760
f 3761 3723 3757
f 3760 3757 3722
f 3761 3757 3760
f 3712 3754 3774
f 3754 3722 3776
f 3774 3776 3729
f 3754 3776 3774
f 3722 3753 3773
f 3753 3711 3771
f 3773 3771 3728
f 3753 3771 3773
f 3729 3777 3775
f 3777 3728 3772
f 3775 3772 3715
f 3777 3772 3775
f 3722 3773 3776
f 3773 3728 3777
f 3776 3777 3729
f 3773 3777 3776
f 3712 3774 3790
f 3774 3729 3792
f 3790 3792 3734
f 3774 3792 3790
f 3729 3775 3795
f 3775 3715 3793
f 3795 3793 3735
f 3775 3793 3795
f 3734 3797 3791
f 3797 3735 3794
f 3791 3794 3717
f 3797 3794 3791
f 3729 3795 3792
f 3795 3735 3797
f 3792 3797 3734
f 3795 3797 3792
f 3712 3790 3808
f 3790 3734 3811
f 3808 3811 3738
f 3790 3811 3808
f 3734 3791 3826
f 3791 3717 3823
f 3826 3823 3741
f 3791 3823 3826
f 3738 3828 3809
f 3828 3741 3824
f 3809 3824 3718
f 3828 3824 3809
f 3734 3826 3811
f 3826 3741 3828
f 3811 3828 3738
f 3826 3828 3811
f 3713 3812 3769
f 3812 3739 3815
f 3769 3815 3727
f 3812 3815 3769
f 3739 3813 3822
f 3813 3718 3818
f 3822 3818 3740
f 3813 3818 3822
f 3727 3820 3770
f 3820 3740 3817
f 3770 3817 3714
f 3820 3817 3770
f 3739 3822 3815
f 3822 3740 3820
f 3815 3820 3727
f 3822 3820 3815
f 3711 3755 3850
f 3755 3723 3852
f 3850 3852 3747
f 3755 3852 3850
f 3723 3756 3856
f 3756 3713 3854
f 3856 3854 3748
f 3756 3854 3856
f 3747 3858 3851
f 3858 3748 3855
f 3851 3855 3720
f 3858 3855 3851
f 3723 3856 3852
f 3856 3748 3858
f 3852 3858 3747
f 3856 3858 3852
f 3715 3772 3835
f 3772 3728 3837
f 3835 3837 3744
f 3772 3837 3835
f 3728 3771 3834
f 3771 3711 3832
f 3834 3832 3743
f 3771 3832 3834
f 3744 3839 3836
f 3839 3743 3833
f 3836 3833 3719
f 3839 3833 3836
f 3728 3834 3837
f 3834 3743 3839
f 3837 3839 3744
f 3834 3839 3837
f 3717 3794 3799
f 3794 3735 3803
f 3799 3803 3736
f 3794 3803 3799
f 3735 3793 3796
f 3793 3715 3785
f 3796 3785 3732
f 3793 3785 3796
f 3736 3801 3798
f 3801 3732 3786
f 3798 3786 3716
f 3801 3786 3798
f 3735 3796 3803
f 3796 3732 3801
f 3803 3801 3736
f 3796 3801 3803
f 3718 3824 3805
f 3824 3741 3827
f 3805 3827 3737
f 3824 3827 3805
f 3741 3823 3825
f 3823 3717 3788
f 3825 3788 3733
f 3823 3788 3825
f 3737 3807 3804
f 3807 3733 3787
f 3804 3787 3710
f 3807 3787 3804
f 3741 3825 3827
f 3825 3733 3807
f 3827 3807 3737
f 3825 3807 3827
o FaceDetails_003
usemtl Navy
v -0.129500 1.960500 -0.199500
v -0.129500 1.960500 -0.184500
v -0.129500 1.973500 -0.199500
v -0.129500 1.973500 -0.184500
v -0.044500 1.960500 -0.199500
v -0.044500 1.960500 -0.184500
v -0.044500 1.973500 -0.199500
v -0.044500 1.973500 -0.184500
f 3872 3874 3871
f 3875 3872 3871
f 3871 3874 3873
f 3873 3875 3871
f 3872 3878 3874
f 3876 3872 3875
f 3876 3878 3872
f 3874 3878 3873
f 3877 3875 3873
f 3873 3878 3877
f 3877 3876 3875
f 3878 3876 3877
o FaceDetails_004
usemtl SkinShadow
v -0.120000 1.860000 -0.164000
v -0.118028 1.859911 -0.160521
v -0.190028 1.866911 -0.119521
v -0.192000 1.867000 -0.123000
v -0.118722 1.863406 -0.162338
v -0.190722 1.870406 -0.121338
v -0.120695 1.863495 -0.165816
v -0.192695 1.870495 -0.124816
v -0.121972 1.860089 -0.167479
v -0.193972 1.867089 -0.126479
v -0.121278 1.856594 -0.165662
v -0.193278 1.863594 -0.124662
v -0.119305 1.856505 -0.162184
v -0.191305 1.863505 -0.121184
f 3880 3879 3883
f 3880 3883 3881
f 3881 3883 3884
f 3881 3884 3882
f 3883 3879 3885
f 3883 3885 3884
f 3884 3885 3886
f 3884 3886 3882
f 3885 3879 3887
f 3885 3887 3886
f 3886 3887 3888
f 3886 3888 3882
f 3887 3879 3889
f 3887 3889 3888
f 3888 3889 3890
f 3888 3890 3882
f 3889 3879 3891
f 3889 3891 3890
f 3890 3891 3892
f 3890 3892 3882
f 3891 3879 3880
f 3891 3880 3892
f 3892 3880 3881
f 3892 3881 3882
o FaceDetails_005
usemtl SkinShadow
v -0.120000 1.835000 -0.164000
v -0.118028 1.834911 -0.160521
v -0.190028 1.841911 -0.119521
v -0.192000 1.842000 -0.123000
v -0.118722 1.838406 -0.162338
v -0.190722 1.845406 -0.121338
v -0.120695 1.838495 -0.165816
v -0.192695 1.845495 -0.124816
v -0.121972 1.835089 -0.167479
v -0.193972 1.842089 -0.126479
v -0.121278 1.831594 -0.165662
v -0.193278 1.838594 -0.124662
v -0.119305 1.831505 -0.162184
v -0.191305 1.838505 -0.121184
f 3894 3893 3897
f 3894 3897 3895
f 3895 3897 3898
f 3895 3898 3896
f 3897 3893 3899
f 3897 3899 3898
f 3898 3899 3900
f 3898 3900 3896
f 3899 3893 3901
f 3899 3901 3900
f 3900 3901 3902
f 3900 3902 3896
f 3901 3893 3903
f 3901 3903 3902
f 3902 3903 3904
f 3902 3904 3896
f 3903 3893 3905
f 3903 3905 3904
f 3904 3905 3906
f 3904 3906 3896
f 3905 3893 3894
f 3905 3894 3906
f 3906 3894 3895
f 3906 3895 3896
o FaceDetails_006
usemtl SkinShadow
v -0.120000 1.810000 -0.164000
v -0.118028 1.809911 -0.160521
v -0.190028 1.816911 -0.119521
v -0.192000 1.817000 -0.123000
v -0.118722 1.813406 -0.162338
v -0.190722 1.820406 -0.121338
v -0.120695 1.813495 -0.165816
v -0.192695 1.820495 -0.124816
v -0.121972 1.810089 -0.167479
v -0.193972 1.817089 -0.126479
v -0.121278 1.806594 -0.165662
v -0.193278 1.813594 -0.124662
v -0.119305 1.806505 -0.162184
v -0.191305 1.813505 -0.121184
f 3908 3907 3911
f 3908 3911 3909
f 3909 3911 3912
f 3909 3912 3910
f 3911 3907 3913
f 3911 3913 3912
f 3912 3913 3914
f 3912 3914 3910
f 3913 3907 3915
f 3913 3915 3914
f 3914 3915 3916
f 3914 3916 3910
f 3915 3907 3917
f 3915 3917 3916
f 3916 3917 3918
f 3916 3918 3910
f 3917 3907 3919
f 3917 3919 3918
f 3918 3919 3920
f 3918 3920 3910
f 3919 3907 3908
f 3919 3908 3920
f 3920 3908 3909
f 3920 3909 3910
o FaceDetails_007
usemtl EyeWhite
v 0.058085 1.954325 -0.188000
v 0.115915 1.954325 -0.188000
v 0.058085 1.889675 -0.188000
v 0.115915 1.889675 -0.188000
v 0.087000 1.902022 -0.177792
v 0.087000 1.941978 -0.177792
v 0.087000 1.902022 -0.198208
v 0.087000 1.941978 -0.198208
v 0.133786 1.922000 -0.194309
v 0.133786 1.922000 -0.181691
v 0.040214 1.922000 -0.194309
v 0.040214 1.922000 -0.181691
v 0.087000 1.960000 -0.188000
v 0.087000 1.884000 -0.188000
v 0.070004 1.891257 -0.182000
v 0.103996 1.891257 -0.182000
v 0.070004 1.952743 -0.182000
v 0.103996 1.952743 -0.182000
v 0.087000 1.922000 -0.176000
v 0.070004 1.891257 -0.194000
v 0.103996 1.891257 -0.194000
v 0.070004 1.952743 -0.194000
v 0.103996 1.952743 -0.194000
v 0.087000 1.922000 -0.200000
v 0.131496 1.941000 -0.191708
v 0.131496 1.903000 -0.191708
v 0.114500 1.910257 -0.197708
v 0.114500 1.933743 -0.197708
v 0.131496 1.941000 -0.184292
v 0.131496 1.903000 -0.184292
v 0.114500 1.910257 -0.178292
v 0.114500 1.933743 -0.178292
v 0.142000 1.922000 -0.188000
v 0.042504 1.941000 -0.191708
v 0.042504 1.903000 -0.191708
v 0.059500 1.910257 -0.197708
v 0.059500 1.933743 -0.197708
v 0.042504 1.941000 -0.184292
v 0.042504 1.903000 -0.184292
v 0.059500 1.910257 -0.178292
v 0.059500 1.933743 -0.178292
v 0.032000 1.922000 -0.188000
v 0.071970 1.958554 -0.188000
v 0.102030 1.958554 -0.188000
v 0.071970 1.885446 -0.188000
v 0.102030 1.885446 -0.188000
v 0.063136 1.889219 -0.184881
v 0.078166 1.895636 -0.179575
v 0.078065 1.885860 -0.184846
v 0.110864 1.889219 -0.184881
v 0.095834 1.895636 -0.179575
v 0.095935 1.885860 -0.184846
v 0.087000 1.889675 -0.181691
v 0.063136 1.954781 -0.184881
v 0.078166 1.948364 -0.179575
v 0.078065 1.958140 -0.184846
v 0.110864 1.954781 -0.184881
v 0.095834 1.948364 -0.179575
v 0.095935 1.958140 -0.184846
v 0.087000 1.954325 -0.181691
v 0.087000 1.911616 -0.176457
v 0.087000 1.932384 -0.176457
v 0.063136 1.889219 -0.191119
v 0.078166 1.895636 -0.196425
v 0.078065 1.885860 -0.191154
v 0.110864 1.889219 -0.191119
v 0.095834 1.895636 -0.196425
v 0.095935 1.885860 -0.191154
v 0.087000 1.889675 -0.194309
v 0.063136 1.954781 -0.191119
v 0.078166 1.948364 -0.196425
v 0.078065 1.958140 -0.191154
v 0.110864 1.954781 -0.191119
v 0.095834 1.948364 -0.196425
v 0.095935 1.958140 -0.191154
v 0.087000 1.954325 -0.194309
v 0.087000 1.911616 -0.199543
v 0.087000 1.932384 -0.199543
v 0.125158 1.948678 -0.189927
v 0.134447 1.931876 -0.193207
v 0.119328 1.948151 -0.193104
v 0.125158 1.895322 -0.189927
v 0.134447 1.912124 -0.193207
v 0.119328 1.895849 -0.193104
v 0.101294 1.905512 -0.198352
v 0.125613 1.915896 -0.196325
v 0.110393 1.899664 -0.196258
v 0.101458 1.915827 -0.199413
v 0.124851 1.905838 -0.195053
v 0.101294 1.938488 -0.198352
v 0.125613 1.928104 -0.196325
v 0.110393 1.944336 -0.196258
v 0.101458 1.928173 -0.199413
v 0.124851 1.938162 -0.195053
v 0.115915 1.922000 -0.198208
v 0.125158 1.948678 -0.186073
v 0.134447 1.931876 -0.182793
v 0.119328 1.948151 -0.182896
v 0.133786 1.941978 -0.188000
v 0.125158 1.895322 -0.186073
v 0.134447 1.912124 -0.182793
v 0.119328 1.895849 -0.182896
v 0.133786 1.902022 -0.188000
v 0.101294 1.905512 -0.177648
v 0.125613 1.915896 -0.179675
v 0.110393 1.899664 -0.179742
v 0.101458 1.915827 -0.176587
v 0.124851 1.905838 -0.180947
v 0.101294 1.938488 -0.177648
v 0.125613 1.928104 -0.179675
v 0.110393 1.944336 -0.179742
v 0.101458 1.928173 -0.176587
v 0.124851 1.938162 -0.180947
v 0.115915 1.922000 -0.177792
v 0.139907 1.922000 -0.191279
v 0.139907 1.922000 -0.184721
v 0.139308 1.931989 -0.189950
v 0.139308 1.912011 -0.189950
v 0.139308 1.931989 -0.186050
v 0.139308 1.912011 -0.186050
v 0.048842 1.948678 -0.189927
v 0.039553 1.931876 -0.193207
v 0.054672 1.948151 -0.193104
v 0.048842 1.895322 -0.189927
v 0.039553 1.912124 -0.193207
v 0.054672 1.895849 -0.193104
v 0.072706 1.905512 -0.198352
v 0.048387 1.915896 -0.196325
v 0.063607 1.899664 -0.196258
v 0.072542 1.915827 -0.199413
v 0.049149 1.905838 -0.195053
v 0.072706 1.938488 -0.198352
v 0.048387 1.928104 -0.196325
v 0.063607 1.944336 -0.196258
v 0.072542 1.928173 -0.199413
v 0.049149 1.938162 -0.195053
v 0.058085 1.922000 -0.198208
v 0.048842 1.948678 -0.186073
v 0.039553 1.931876 -0.182793
v 0.054672 1.948151 -0.182896
v 0.040214 1.941978 -0.188000
v 0.048842 1.895322 -0.186073
v 0.039553 1.912124 -0.182793
v 0.054672 1.895849 -0.182896
v 0.040214 1.902022 -0.188000
v 0.072706 1.905512 -0.177648
v 0.048387 1.915896 -0.179675
v 0.063607 1.899664 -0.179742
v 0.072542 1.915827 -0.176587
v 0.049149 1.905838 -0.180947
v 0.072706 1.938488 -0.177648
v 0.048387 1.928104 -0.179675
v 0.063607 1.944336 -0.179742
v 0.072542 1.928173 -0.176587
v 0.049149 1.938162 -0.180947
v 0.058085 1.922000 -0.177792
v 0.034093 1.922000 -0.191279
v 0.034093 1.922000 -0.184721
v 0.034692 1.931989 -0.189950
v 0.034692 1.912011 -0.189950
v 0.034692 1.931989 -0.186050
v 0.034692 1.912011 -0.186050
f 3921 4058 3974
f 4058 3958 4060
f 3974 4060 3937
f 4058 4060 3974
f 3958 4059 4075
f 4059 3932 4072
f 4075 4072 3961
f 4059 4072 4075
f 3937 4073 3975
f 4073 3961 4071
f 3975 4071 3926
f 4073 4071 3975
f 3958 4075 4060
f 4075 3961 4073
f 4060 4073 3937
f 4075 4073 4060
f 3921 3974 3963
f 3974 3937 3976
f 3963 3976 3933
f 3974 3976 3963
f 3937 3975 3980
f 3975 3926 3978
f 3980 3978 3938
f 3975 3978 3980
f 3933 3979 3964
f 3979 3938 3977
f 3964 3977 3922
f 3979 3977 3964
f 3937 3980 3976
f 3980 3938 3979
f 3976 3979 3933
f 3980 3979 3976
f 3921 3963 3990
f 3963 3933 3992
f 3990 3992 3942
f 3963 3992 3990
f 3933 3964 3995
f 3964 3922 3993
f 3995 3993 3943
f 3964 3993 3995
f 3942 3996 3991
f 3996 3943 3994
f 3991 3994 3928
f 3996 3994 3991
f 3933 3995 3992
f 3995 3943 3996
f 3992 3996 3942
f 3995 3996 3992
f 3921 3990 4041
f 3990 3942 4043
f 4041 4043 3954
f 3990 4043 4041
f 3942 3991 4054
f 3991 3928 4052
f 4054 4052 3957
f 3991 4052 4054
f 3954 4056 4042
f 4056 3957 4053
f 4042 4053 3931
f 4056 4053 4042
f 3942 4054 4043
f 4054 3957 4056
f 4043 4056 3954
f 4054 4056 4043
f 3921 4041 4058
f 4041 3954 4061
f 4058 4061 3958
f 4041 4061 4058
f 3954 4042 4079
f 4042 3931 4077
f 4079 4077 3962
f 4042 4077 4079
f 3958 4081 4059
f 4081 3962 4078
f 4059 4078 3932
f 4081 4078 4059
f 3954 4079 4061
f 4079 3962 4081
f 4061 4081 3958
f 4079 4081 4061
f 3922 3977 4016
f 3977 3938 4018
f 4016 4018 3949
f 3977 4018 4016
f 3938 3978 4031
f 3978 3926 4029
f 4031 4029 3952
f 3978 4029 4031
f 3949 4033 4017
f 4033 3952 4030
f 4017 4030 3930
f 4033 4030 4017
f 3938 4031 4018
f 4031 3952 4033
f 4018 4033 3949
f 4031 4033 4018
f 3926 4071 3982
f 4071 3961 4074
f 3982 4074 3939
f 4071 4074 3982
f 3961 4072 4076
f 4072 3932 4067
f 4076 4067 3960
f 4072 4067 4076
f 3939 4069 3981
f 4069 3960 4066
f 3981 4066 3925
f 4069 4066 3981
f 3961 4076 4074
f 4076 3960 4069
f 4074 4069 3939
f 4076 4069 4074
f 3932 4078 4063
f 4078 3962 4082
f 4063 4082 3959
f 4078 4082 4063
f 3962 4077 4080
f 4077 3931 4045
f 4080 4045 3955
f 4077 4045 4080
f 3959 4065 4062
f 4065 3955 4044
f 4062 4044 3923
f 4065 4044 4062
f 3962 4080 4082
f 4080 3955 4065
f 4082 4065 3959
f 4080 4065 4082
f 3931 4053 4048
f 4053 3957 4057
f 4048 4057 3956
f 4053 4057 4048
f 3957 4052 4055
f 4052 3928 3998
f 4055 3998 3944
f 4052 3998 4055
f 3956 4050 4047
f 4050 3944 3997
f 4047 3997 3927
f 4050 3997 4047
f 3957 4055 4057
f 4055 3944 4050
f 4057 4050 3956
f 4055 4050 4057
f 3928 3994 4010
f 3994 3943 4012
f 4010 4012 3948
f 3994 4012 4010
f 3943 3993 4001
f 3993 3922 3999
f 4001 3999 3945
f 3993 3999 4001
f 3948 4014 4011
f 4014 3945 4000
f 4011 4000 3929
f 4014 4000 4011
f 3943 4001 4012
f 4001 3945 4014
f 4012 4014 3948
f 4001 4014 4012
f 3924 4020 3970
f 4020 3950 4022
f 3970 4022 3936
f 4020 4022 3970
f 3950 4021 4028
f 4021 3930 4025
f 4028 4025 3951
f 4021 4025 4028
f 3936 4026 3971
f 4026 3951 4024
f 3971 4024 3925
f 4026 4024 3971
f 3950 4028 4022
f 4028 3951 4026
f 4022 4026 3936
f 4028 4026 4022
f 3924 3970 3966
f 3970 3936 3972
f 3966 3972 3934
f 3970 3972 3966
f 3936 3971 3973
f 3971 3925 3968
f 3973 3968 3935
f 3971 3968 3973
f 3934 3969 3965
f 3969 3935 3967
f 3965 3967 3923
f 3969 3967 3965
f 3936 3973 3972
f 3973 3935 3969
f 3972 3969 3934
f 3973 3969 3972
f 3924 3966 3986
f 3966 3934 3988
f 3986 3988 3941
f 3966 3988 3986
f 3934 3965 3985
f 3965 3923 3983
f 3985 3983 3940
f 3965 3983 3985
f 3941 3989 3987
f 3989 3940 3984
f 3987 3984 3927
f 3989 3984 3987
f 3934 3985 3988
f 3985 3940 3989
f 3988 3989 3941
f 3985 3989 3988
f 3924 3986 4002
f 3986 3941 4004
f 4002 4004 3946
f 3986 4004 4002
f 3941 3987 4007
f 3987 3927 4005
f 4007 4005 3947
f 3987 4005 4007
f 3946 4009 4003
f 4009 3947 4006
f 4003 4006 3929
f 4009 4006 4003
f 3941 4007 4004
f 4007 3947 4009
f 4004 4009 3946
f 4007 4009 4004
f 3924 4002 4020
f 4002 3946 4023
f 4020 4023 3950
f 4002 4023 4020
f 3946 4003 4038
f 4003 3929 4035
f 4038 4035 3953
f 4003 4035 4038
f 3950 4040 4021
f 4040 3953 4036
f 4021 4036 3930
f 4040 4036 4021
f 3946 4038 4023
f 4038 3953 4040
f 4023 4040 3950
f 4038 4040 4023
f 3925 4024 3981
f 4024 3951 4027
f 3981 4027 3939
f 4024 4027 3981
f 3951 4025 4034
f 4025 3930 4030
f 4034 4030 3952
f 4025 4030 4034
f 3939 4032 3982
f 4032 3952 4029
f 3982 4029 3926
f 4032 4029 3982
f 3951 4034 4027
f 4034 3952 4032
f 4027 4032 3939
f 4034 4032 4027
f 3923 3967 4062
f 3967 3935 4064
f 4062 4064 3959
f 3967 4064 4062
f 3935 3968 4068
f 3968 3925 4066
f 4068 4066 3960
f 3968 4066 4068
f 3959 4070 4063
f 4070 3960 4067
f 4063 4067 3932
f 4070 4067 4063
f 3935 4068 4064
f 4068 3960 4070
f 4064 4070 3959
f 4068 4070 4064
f 3927 3984 4047
f 3984 3940 4049
f 4047 4049 3956
f 3984 4049 4047
f 3940 3983 4046
f 3983 3923 4044
f 4046 4044 3955
f 3983 4044 4046
f 3956 4051 4048
f 4051 3955 4045
f 4048 4045 3931
f 4051 4045 4048
f 3940 4046 4049
f 4046 3955 4051
f 4049 4051 3956
f 4046 4051 4049
f 3929 4006 4011
f 4006 3947 4015
f 4011 4015 3948
f 4006 4015 4011
f 3947 4005 4008
f 4005 3927 3997
f 4008 3997 3944
f 4005 3997 4008
f 3948 4013 4010
f 4013 3944 3998
f 4010 3998 3928
f 4013 3998 4010
f 3947 4008 4015
f 4008 3944 4013
f 4015 4013 3948
f 4008 4013 4015
f 3930 4036 4017
f 4036 3953 4039
f 4017 4039 3949
f 4036 4039 4017
f 3953 4035 4037
f 4035 3929 4000
f 4037 4000 3945
f 4035 4000 4037
f 3949 4019 4016
f 4019 3945 3999
f 4016 3999 3922
f 4019 3999 4016
f 3953 4037 4039
f 4037 3945 4019
f 4039 4019 3949
f 4037 4019 4039
o FaceDetails_008
usemtl Iris
v 0.073857 1.946669 -0.202000
v 0.100143 1.946669 -0.202000
v 0.073857 1.897331 -0.202000
v 0.100143 1.897331 -0.202000
v 0.087000 1.906754 -0.194344
v 0.087000 1.937246 -0.194344
v 0.087000 1.906754 -0.209656
v 0.087000 1.937246 -0.209656
v 0.108266 1.922000 -0.206732
v 0.108266 1.922000 -0.197268
v 0.065734 1.922000 -0.206732
v 0.065734 1.922000 -0.197268
v 0.087000 1.951000 -0.202000
v 0.087000 1.893000 -0.202000
v 0.079275 1.898539 -0.197500
v 0.094725 1.898539 -0.197500
v 0.079275 1.945461 -0.197500
v 0.094725 1.945461 -0.197500
v 0.087000 1.922000 -0.193000
v 0.079275 1.898539 -0.206500
v 0.094725 1.898539 -0.206500
v 0.079275 1.945461 -0.206500
v 0.094725 1.945461 -0.206500
v 0.087000 1.922000 -0.211000
v 0.107225 1.936500 -0.204781
v 0.107225 1.907500 -0.204781
v 0.099500 1.913039 -0.209281
v 0.099500 1.930961 -0.209281
v 0.107225 1.936500 -0.199219
v 0.107225 1.907500 -0.199219
v 0.099500 1.913039 -0.194719
v 0.099500 1.930961 -0.194719
v 0.112000 1.922000 -0.202000
v 0.066775 1.936500 -0.204781
v 0.066775 1.907500 -0.204781
v 0.074500 1.913039 -0.209281
v 0.074500 1.930961 -0.209281
v 0.066775 1.936500 -0.199219
v 0.066775 1.907500 -0.199219
v 0.074500 1.913039 -0.194719
v 0.074500 1.930961 -0.194719
v 0.062000 1.922000 -0.202000
v 0.080168 1.949896 -0.202000
v 0.093832 1.949896 -0.202000
v 0.080168 1.894104 -0.202000
v 0.093832 1.894104 -0.202000
v 0.076153 1.896983 -0.199661
v 0.082984 1.901880 -0.195682
v 0.082939 1.894419 -0.199634
v 0.097847 1.896983 -0.199661
v 0.091016 1.901880 -0.195682
v 0.091061 1.894419 -0.199634
v 0.087000 1.897331 -0.197268
v 0.076153 1.947017 -0.199661
v 0.082984 1.942120 -0.195682
v 0.082939 1.949581 -0.199634
v 0.097847 1.947017 -0.199661
v 0.091016 1.942120 -0.195682
v 0.091061 1.949581 -0.199634
v 0.087000 1.946669 -0.197268
v 0.087000 1.914075 -0.193343
v 0.087000 1.929925 -0.193343
v 0.076153 1.896983 -0.204339
v 0.082984 1.901880 -0.208318
v 0.082939 1.894419 -0.204366
v 0.097847 1.896983 -0.204339
v 0.091016 1.901880 -0.208318
v 0.091061 1.894419 -0.204366
v 0.087000 1.897331 -0.206732
v 0.076153 1.947017 -0.204339
v 0.082984 1.942120 -0.208318
v 0.082939 1.949581 -0.204366
v 0.097847 1.947017 -0.204339
v 0.091016 1.942120 -0.208318
v 0.091061 1.949581 -0.204366
v 0.087000 1.946669 -0.206732
v 0.087000 1.914075 -0.210657
v 0.087000 1.929925 -0.210657
v 0.104345 1.942359 -0.203446
v 0.108567 1.929537 -0.205905
v 0.101695 1.941958 -0.205828
v 0.104345 1.901641 -0.203446
v 0.108567 1.914463 -0.205905
v 0.101695 1.902042 -0.205828
v 0.093497 1.909417 -0.209764
v 0.104551 1.917342 -0.208244
v 0.097633 1.904954 -0.208194
v 0.093572 1.917289 -0.210560
v 0.104205 1.909666 -0.207290
v 0.093497 1.934583 -0.209764
v 0.104551 1.926658 -0.208244
v 0.097633 1.939046 -0.208194
v 0.093572 1.926711 -0.210560
v 0.104205 1.934334 -0.207290
v 0.100143 1.922000 -0.209656
v 0.104345 1.942359 -0.200554
v 0.108567 1.929537 -0.198095
v 0.101695 1.941958 -0.198172
v 0.108266 1.937246 -0.202000
v 0.104345 1.901641 -0.200554
v 0.108567 1.914463 -0.198095
v 0.101695 1.902042 -0.198172
v 0.108266 1.906754 -0.202000
v 0.093497 1.909417 -0.194236
v 0.104551 1.917342 -0.195756
v 0.097633 1.904954 -0.195806
v 0.093572 1.917289 -0.193440
v 0.104205 1.909666 -0.196710
v 0.093497 1.934583 -0.194236
v 0.104551 1.926658 -0.195756
v 0.097633 1.939046 -0.195806
v 0.093572 1.926711 -0.193440
v 0.104205 1.934334 -0.196710
v 0.100143 1.922000 -0.194344
v 0.111048 1.922000 -0.204459
v 0.111048 1.922000 -0.199541
v 0.110776 1.929623 -0.203462
v 0.110776 1.914377 -0.203462
v 0.110776 1.929623 -0.200538
v 0.110776 1.914377 -0.200538
v 0.069655 1.942359 -0.203446
v 0.065433 1.929537 -0.205905
v 0.072305 1.941958 -0.205828
v 0.069655 1.901641 -0.203446
v 0.065433 1.914463 -0.205905
v 0.072305 1.902042 -0.205828
v 0.080503 1.909417 -0.209764
v 0.069449 1.917342 -0.208244
v 0.076367 1.904954 -0.208194
v 0.080428 1.917289 -0.210560
v 0.069795 1.909666 -0.207290
v 0.080503 1.934583 -0.209764
v 0.069449 1.926658 -0.208244
v 0.076367 1.939046 -0.208194
v 0.080428 1.926711 -0.210560
v 0.069795 1.934334 -0.207290
v 0.073857 1.922000 -0.209656
v 0.069655 1.942359 -0.200554
v 0.065433 1.929537 -0.198095
v 0.072305 1.941958 -0.198172
v 0.065734 1.937246 -0.202000
v 0.069655 1.901641 -0.200554
v 0.065433 1.914463 -0.198095
v 0.072305 1.902042 -0.198172
v 0.065734 1.906754 -0.202000
v 0.080503 1.909417 -0.194236
v 0.069449 1.917342 -0.195756
v 0.076367 1.904954 -0.195806
v 0.080428 1.917289 -0.193440
v 0.069795 1.909666 -0.196710
v 0.080503 1.934583 -0.194236
v 0.069449 1.926658 -0.195756
v 0.076367 1.939046 -0.195806
v 0.080428 1.926711 -0.193440
v 0.069795 1.934334 -0.196710
v 0.073857 1.922000 -0.194344
v 0.062952 1.922000 -0.204459
v 0.062952 1.922000 -0.199541
v 0.063224 1.929623 -0.203462
v 0.063224 1.914377 -0.203462
v 0.063224 1.929623 -0.200538
v 0.063224 1.914377 -0.200538
f 4083 4220 4136
f 4220 4120 4222
f 4136 4222 4099
f 4220 4222 4136
f 4120 4221 4237
f 4221 4094 4234
f 4237 4234 4123
f 4221 4234 4237
f 4099 4235 4137
f 4235 4123 4233
f 4137 4233 4088
f 4235 4233 4137
f 4120 4237 4222
f 4237 4123 4235
f 4222 4235 4099
f 4237 4235 4222
f 4083 4136 4125
f 4136 4099 4138
f 4125 4138 4095
f 4136 4138 4125
f 4099 4137 4142
f 4137 4088 4140
f 4142 4140 4100
f 4137 4140 4142
f 4095 4141 4126
f 4141 4100 4139
f 4126 4139 4084
f 4141 4139 4126
f 4099 4142 4138
f 4142 4100 4141
f 4138 4141 4095
f 4142 4141 4138
f 4083 4125 4152
f 4125 4095 4154
f 4152 4154 4104
f 4125 4154 4152
f 4095 4126 4157
f 4126 4084 4155
f 4157 4155 4105
f 4126 4155 4157
f 4104 4158 4153
f 4158 4105 4156
f 4153 4156 4090
f 4158 4156 4153
f 4095 4157 4154
f 4157 4105 4158
f 4154 4158 4104
f 4157 4158 4154
f 4083 4152 4203
f 4152 4104 4205
f 4203 4205 4116
f 4152 4205 4203
f 4104 4153 4216
f 4153 4090 4214
f 4216 4214 4119
f 4153 4214 4216
f 4116 4218 4204
f 4218 4119 4215
f 4204 4215 4093
f 4218 4215 4204
f 4104 4216 4205
f 4216 4119 4218
f 4205 4218 4116
f 4216 4218 4205
f 4083 4203 4220
f 4203 4116 4223
f 4220 4223 4120
f 4203 4223 4220
f 4116 4204 4241
f 4204 4093 4239
f 4241 4239 4124
f 4204 4239 4241
f 4120 4243 4221
f 4243 4124 4240
f 4221 4240 4094
f 4243 4240 4221
f 4116 4241 4223
f 4241 4124 4243
f 4223 4243 4120
f 4241 4243 4223
f 4084 4139 4178
f 4139 4100 4180
f 4178 4180 4111
f 4139 4180 4178
f 4100 4140 4193
f 4140 4088 4191
f 4193 4191 4114
f 4140 4191 4193
f 4111 4195 4179
f 4195 4114 4192
f 4179 4192 4092
f 4195 4192 4179
f 4100 4193 4180
f 4193 4114 4195
f 4180 4195 4111
f 4193 4195 4180
f 4088 4233 4144
f 4233 4123 4236
f 4144 4236 4101
f 4233 4236 4144
f 4123 4234 4238
f 4234 4094 4229
f 4238 4229 4122
f 4234 4229 4238
f 4101 4231 4143
f 4231 4122 4228
f 4143 4228 4087
f 4231 4228 4143
f 4123 4238 4236
f 4238 4122 4231
f 4236 4231 4101
f 4238 4231 4236
f 4094 4240 4225
f 4240 4124 4244
f 4225 4244 4121
f 4240 4244 4225
f 4124 4239 4242
f 4239 4093 4207
f 4242 4207 4117
f 4239 4207 4242
f 4121 4227 4224
f 4227 4117 4206
f 4224 4206 4085
f 4227 4206 4224
f 4124 4242 4244
f 4242 4117 4227
f 4244 4227 4121
f 4242 4227 4244
f 4093 4215 4210
f 4215 4119 4219
f 4210 4219 4118
f 4215 4219 4210
f 4119 4214 4217
f 4214 4090 4160
f 4217 4160 4106
f 4214 4160 4217
f 4118 4212 4209
f 4212 4106 4159
f 4209 4159 4089
f 4212 4159 4209
f 4119 4217 4219
f 4217 4106 4212
f 4219 4212 4118
f 4217 4212 4219
f 4090 4156 4172
f 4156 4105 4174
f 4172 4174 4110
f 4156 4174 4172
f 4105 4155 4163
f 4155 4084 4161
f 4163 4161 4107
f 4155 4161 4163
f 4110 4176 4173
f 4176 4107 4162
f 4173 4162 4091
f 4176 4162 4173
f 4105 4163 4174
f 4163 4107 4176
f 4174 4176 4110
f 4163 4176 4174
f 4086 4182 4132
f 4182 4112 4184
f 4132 4184 4098
f 4182 4184 4132
f 4112 4183 4190
f 4183 4092 4187
f 4190 4187 4113
f 4183 4187 4190
f 4098 4188 4133
f 4188 4113 4186
f 4133 4186 4087
f 4188 4186 4133
f 4112 4190 4184
f 4190 4113 4188
f 4184 4188 4098
f 4190 4188 4184
f 4086 4132 4128
f 4132 4098 4134
f 4128 4134 4096
f 4132 4134 4128
f 4098 4133 4135
f 4133 4087 4130
f 4135 4130 4097
f 4133 4130 4135
f 4096 4131 4127
f 4131 4097 4129
f 4127 4129 4085
f 4131 4129 4127
f 4098 4135 4134
f 4135 4097 4131
f 4134 4131 4096
f 4135 4131 4134
f 4086 4128 4148
f 4128 4096 4150
f 4148 4150 4103
f 4128 4150 4148
f 4096 4127 4147
f 4127 4085 4145
f 4147 4145 4102
f 4127 4145 4147
f 4103 4151 4149
f 4151 4102 4146
f 4149 4146 4089
f 4151 4146 4149
f 4096 4147 4150
f 4147 4102 4151
f 4150 4151 4103
f 4147 4151 4150
f 4086 4148 4164
f 4148 4103 4166
f 4164 4166 4108
f 4148 4166 4164
f 4103 4149 4169
f 4149 4089 4167
f 4169 4167 4109
f 4149 4167 4169
f 4108 4171 4165
f 4171 4109 4168
f 4165 4168 4091
f 4171 4168 4165
f 4103 4169 4166
f 4169 4109 4171
f 4166 4171 4108
f 4169 4171 4166
f 4086 4164 4182
f 4164 4108 4185
f 4182 4185 4112
f 4164 4185 4182
f 4108 4165 4200
f 4165 4091 4197
f 4200 4197 4115
f 4165 4197 4200
f 4112 4202 4183
f 4202 4115 4198
f 4183 4198 4092
f 4202 4198 4183
f 4108 4200 4185
f 4200 4115 4202
f 4185 4202 4112
f 4200 4202 4185
f 4087 4186 4143
f 4186 4113 4189
f 4143 4189 4101
f 4186 4189 4143
f 4113 4187 4196
f 4187 4092 4192
f 4196 4192 4114
f 4187 4192 4196
f 4101 4194 4144
f 4194 4114 4191
f 4144 4191 4088
f 4194 4191 4144
f 4113 4196 4189
f 4196 4114 4194
f 4189 4194 4101
f 4196 4194 4189
f 4085 4129 4224
f 4129 4097 4226
f 4224 4226 4121
f 4129 4226 4224
f 4097 4130 4230
f 4130 4087 4228
f 4230 4228 4122
f 4130 4228 4230
f 4121 4232 4225
f 4232 4122 4229
f 4225 4229 4094
f 4232 4229 4225
f 4097 4230 4226
f 4230 4122 4232
f 4226 4232 4121
f 4230 4232 4226
f 4089 4146 4209
f 4146 4102 4211
f 4209 4211 4118
f 4146 4211 4209
f 4102 4145 4208
f 4145 4085 4206
f 4208 4206 4117
f 4145 4206 4208
f 4118 4213 4210
f 4213 4117 4207
f 4210 4207 4093
f 4213 4207 4210
f 4102 4208 4211
f 4208 4117 4213
f 4211 4213 4118
f 4208 4213 4211
f 4091 4168 4173
f 4168 4109 4177
f 4173 4177 4110
f 4168 4177 4173
f 4109 4167 4170
f 4167 4089 4159
f 4170 4159 4106
f 4167 4159 4170
f 4110 4175 4172
f 4175 4106 4160
f 4172 4160 4090
f 4175 4160 4172
f 4109 4170 4177
f 4170 4106 4175
f 4177 4175 4110
f 4170 4175 4177
f 4092 4198 4179
f 4198 4115 4201
f 4179 4201 4111
f 4198 4201 4179
f 4115 4197 4199
f 4197 4091 4162
f 4199 4162 4107
f 4197 4162 4199
f 4111 4181 4178
f 4181 4107 4161
f 4178 4161 4084
f 4181 4161 4178
f 4115 4199 4201
f 4199 4107 4181
f 4201 4181 4111
f 4199 4181 4201
o FaceDetails_009
usemtl Pupil
v 0.081217 1.936461 -0.211000
v 0.092783 1.936461 -0.211000
v 0.081217 1.907539 -0.211000
v 0.092783 1.907539 -0.211000
v 0.087000 1.913063 -0.205896
v 0.087000 1.930937 -0.205896
v 0.087000 1.913063 -0.216104
v 0.087000 1.930937 -0.216104
v 0.096357 1.922000 -0.214154
v 0.096357 1.922000 -0.207846
v 0.077643 1.922000 -0.214154
v 0.077643 1.922000 -0.207846
v 0.087000 1.939000 -0.211000
v 0.087000 1.905000 -0.211000
v 0.083601 1.908247 -0.208000
v 0.090399 1.908247 -0.208000
v 0.083601 1.935753 -0.208000
v 0.090399 1.935753 -0.208000
v 0.087000 1.922000 -0.205000
v 0.083601 1.908247 -0.214000
v 0.090399 1.908247 -0.214000
v 0.083601 1.935753 -0.214000
v 0.090399 1.935753 -0.214000
v 0.087000 1.922000 -0.217000
v 0.095899 1.930500 -0.212854
v 0.095899 1.913500 -0.212854
v 0.092500 1.916747 -0.215854
v 0.092500 1.927253 -0.215854
v 0.095899 1.930500 -0.209146
v 0.095899 1.913500 -0.209146
v 0.092500 1.916747 -0.206146
v 0.092500 1.927253 -0.206146
v 0.098000 1.922000 -0.211000
v 0.078101 1.930500 -0.212854
v 0.078101 1.913500 -0.212854
v 0.081500 1.916747 -0.215854
v 0.081500 1.927253 -0.215854
v 0.078101 1.930500 -0.209146
v 0.078101 1.913500 -0.209146
v 0.081500 1.916747 -0.206146
v 0.081500 1.927253 -0.206146
v 0.076000 1.922000 -0.211000
v 0.083994 1.938353 -0.211000
v 0.090006 1.938353 -0.211000
v 0.083994 1.905647 -0.211000
v 0.090006 1.905647 -0.211000
v 0.082227 1.907335 -0.209441
v 0.085233 1.910206 -0.206788
v 0.085213 1.905832 -0.209423
v 0.091773 1.907335 -0.209441
v 0.088767 1.910206 -0.206788
v 0.088787 1.905832 -0.209423
v 0.087000 1.907539 -0.207846
v 0.082227 1.936665 -0.209441
v 0.085233 1.933794 -0.206788
v 0.085213 1.938168 -0.209423
v 0.091773 1.936665 -0.209441
v 0.088767 1.933794 -0.206788
v 0.088787 1.938168 -0.209423
v 0.087000 1.936461 -0.207846
v 0.087000 1.917354 -0.205228
v 0.087000 1.926646 -0.205228
v 0.082227 1.907335 -0.212559
v 0.085233 1.910206 -0.215212
v 0.085213 1.905832 -0.212577
v 0.091773 1.907335 -0.212559
v 0.088767 1.910206 -0.215212
v 0.088787 1.905832 -0.212577
v 0.087000 1.907539 -0.214154
v 0.082227 1.936665 -0.212559
v 0.085233 1.933794 -0.215212
v 0.085213 1.938168 -0.212577
v 0.091773 1.936665 -0.212559
v 0.088767 1.933794 -0.215212
v 0.088787 1.938168 -0.212577
v 0.087000 1.936461 -0.214154
v 0.087000 1.917354 -0.216772
v 0.087000 1.926646 -0.216772
v 0.094632 1.933935 -0.211964
v 0.096489 1.926418 -0.213603
v 0.093466 1.933699 -0.213552
v 0.094632 1.910065 -0.211964
v 0.096489 1.917582 -0.213603
v 0.093466 1.910301 -0.213552
v 0.089859 1.914624 -0.216176
v 0.094723 1.919269 -0.215163
v 0.091679 1.912008 -0.215129
v 0.089892 1.919238 -0.216706
v 0.094570 1.914769 -0.214527
v 0.089859 1.929376 -0.216176
v 0.094723 1.924731 -0.215163
v 0.091679 1.931992 -0.215129
v 0.089892 1.924762 -0.216706
v 0.094570 1.929231 -0.214527
v 0.092783 1.922000 -0.216104
v 0.094632 1.933935 -0.210036
v 0.096489 1.926418 -0.208397
v 0.093466 1.933699 -0.208448
v 0.096357 1.930937 -0.211000
v 0.094632 1.910065 -0.210036
v 0.096489 1.917582 -0.208397
v 0.093466 1.910301 -0.208448
v 0.096357 1.913063 -0.211000
v 0.089859 1.914624 -0.205824
v 0.094723 1.919269 -0.206837
v 0.091679 1.912008 -0.206871
v 0.089892 1.919238 -0.205294
v 0.094570 1.914769 -0.207473
v 0.089859 1.929376 -0.205824
v 0.094723 1.924731 -0.206837
v 0.091679 1.931992 -0.206871
v 0.089892 1.924762 -0.205294
v 0.094570 1.929231 -0.207473
v 0.092783 1.922000 -0.205896
v 0.097581 1.922000 -0.212640
v 0.097581 1.922000 -0.209360
v 0.097462 1.926469 -0.211975
v 0.097462 1.917531 -0.211975
v 0.097462 1.926469 -0.210025
v 0.097462 1.917531 -0.210025
v 0.079368 1.933935 -0.211964
v 0.077511 1.926418 -0.213603
v 0.080534 1.933699 -0.213552
v 0.079368 1.910065 -0.211964
v 0.077511 1.917582 -0.213603
v 0.080534 1.910301 -0.213552
v 0.084141 1.914624 -0.216176
v 0.079277 1.919269 -0.215163
v 0.082321 1.912008 -0.215129
v 0.084108 1.919238 -0.216706
v 0.079430 1.914769 -0.214527
v 0.084141 1.929376 -0.216176
v 0.079277 1.924731 -0.215163
v 0.082321 1.931992 -0.215129
v 0.084108 1.924762 -0.216706
v 0.079430 1.929231 -0.214527
v 0.081217 1.922000 -0.216104
v 0.079368 1.933935 -0.210036
v 0.077511 1.926418 -0.208397
v 0.080534 1.933699 -0.208448
v 0.077643 1.930937 -0.211000
v 0.079368 1.910065 -0.210036
v 0.077511 1.917582 -0.208397
v 0.080534 1.910301 -0.208448
v 0.077643 1.913063 -0.211000
v 0.084141 1.914624 -0.205824
v 0.079277 1.919269 -0.206837
v 0.082321 1.912008 -0.206871
v 0.084108 1.919238 -0.205294
v 0.079430 1.914769 -0.207473
v 0.084141 1.929376 -0.205824
v 0.079277 1.924731 -0.206837
v 0.082321 1.931992 -0.206871
v 0.084108 1.924762 -0.205294
v 0.079430 1.929231 -0.207473
v 0.081217 1.922000 -0.205896
v 0.076419 1.922000 -0.212640
v 0.076419 1.922000 -0.209360
v 0.076538 1.926469 -0.211975
v 0.076538 1.917531 -0.211975
v 0.076538 1.926469 -0.210025
v 0.076538 1.917531 -0.210025
f 4245 4382 4298
f 4382 4282 4384
f 4298 4384 4261
f 4382 4384 4298
f 4282 4383 4399
f 4383 4256 4396
f 4399 4396 4285
f 4383 4396 4399
f 4261 4397 4299
f 4397 4285 4395
f 4299 4395 4250
f 4397 4395 4299
f 4282 4399 4384
f 4399 4285 4397
f 4384 4397 4261
f 4399 4397 4384
f 4245 4298 4287
f 4298 4261 4300
f 4287 4300 4257
f 4298 4300 4287
f 4261 4299 4304
f 4299 4250 4302
f 4304 4302 4262
f 4299 4302 4304
f 4257 4303 4288
f 4303 4262 4301
f 4288 4301 4246
f 4303 4301 4288
f 4261 4304 4300
f 4304 4262 4303
f 4300 4303 4257
f 4304 4303 4300
f 4245 4287 4314
f 4287 4257 4316
f 4314 4316 4266
f 4287 4316 4314
f 4257 4288 4319
f 4288 4246 4317
f 4319 4317 4267
f 4288 4317 4319
f 4266 4320 4315
f 4320 4267 4318
f 4315 4318 4252
f 4320 4318 4315
f 4257 4319 4316
f 4319 4267 4320
f 4316 4320 4266
f 4319 4320 4316
f 4245 4314 4365
f 4314 4266 4367
f 4365 4367 4278
f 4314 4367 4365
f 4266 4315 4378
f 4315 4252 4376
f 4378 4376 4281
f 4315 4376 4378
f 4278 4380 4366
f 4380 4281 4377
f 4366 4377 4255
f 4380 4377 4366
f 4266 4378 4367
f 4378 4281 4380
f 4367 4380 4278
f 4378 4380 4367
f 4245 4365 4382
f 4365 4278 4385
f 4382 4385 4282
f 4365 4385 4382
f 4278 4366 4403
f 4366 4255 4401
f 4403 4401 4286
f 4366 4401 4403
f 4282 4405 4383
f 4405 4286 4402
f 4383 4402 4256
f 4405 4402 4383
f 4278 4403 4385
f 4403 4286 4405
f 4385 4405 4282
f 4403 4405 4385
f 4246 4301 4340
f 4301 4262 4342
f 4340 4342 4273
f 4301 4342 4340
f 4262 4302 4355
f 4302 4250 4353
f 4355 4353 4276
f 4302 4353 4355
f 4273 4357 4341
f 4357 4276 4354
f 4341 4354 4254
f 4357 4354 4341
f 4262 4355 4342
f 4355 4276 4357
f 4342 4357 4273
f 4355 4357 4342
f 4250 4395 4306
f 4395 4285 4398
f 4306 4398 4263
f 4395 4398 4306
f 4285 4396 4400
f 4396 4256 4391
f 4400 4391 4284
f 4396 4391 4400
f 4263 4393 4305
f 4393 4284 4390
f 4305 4390 4249
f 4393 4390 4305
f 4285 4400 4398
f 4400 4284 4393
f 4398 4393 4263
f 4400 4393 4398
f 4256 4402 4387
f 4402 4286 4406
f 4387 4406 4283
f 4402 4406 4387
f 4286 4401 4404
f 4401 4255 4369
f 4404 4369 4279
f 4401 4369 4404
f 4283 4389 4386
f 4389 4279 4368
f 4386 4368 4247
f 4389 4368 4386
f 4286 4404 4406
f 4404 4279 4389
f 4406 4389 4283
f 4404 4389 4406
f 4255 4377 4372
f 4377 4281 4381
f 4372 4381 4280
f 4377 4381 4372
f 4281 4376 4379
f 4376 4252 4322
f 4379 4322 4268
f 4376 4322 4379
f 4280 4374 4371
f 4374 4268 4321
f 4371 4321 4251
f 4374 4321 4371
f 4281 4379 4381
f 4379 4268 4374
f 4381 4374 4280
f 4379 4374 4381
f 4252 4318 4334
f 4318 4267 4336
f 4334 4336 4272
f 4318 4336 4334
f 4267 4317 4325
f 4317 4246 4323
f 4325 4323 4269
f 4317 4323 4325
f 4272 4338 4335
f 4338 4269 4324
f 4335 4324 4253
f 4338 4324 4335
f 4267 4325 4336
f 4325 4269 4338
f 4336 4338 4272
f 4325 4338 4336
f 4248 4344 4294
f 4344 4274 4346
f 4294 4346 4260
f 4344 4346 4294
f 4274 4345 4352
f 4345 4254 4349
f 4352 4349 4275
f 4345 4349 4352
f 4260 4350 4295
f 4350 4275 4348
f 4295 4348 4249
f 4350 4348 4295
f 4274 4352 4346
f 4352 4275 4350
f 4346 4350 4260
f 4352 4350 4346
f 4248 4294 4290
f 4294 4260 4296
f 4290 4296 4258
f 4294 4296 4290
f 4260 4295 4297
f 4295 4249 4292
f 4297 4292 4259
f 4295 4292 4297
f 4258 4293 4289
f 4293 4259 4291
f 4289 4291 4247
f 4293 4291 4289
f 4260 4297 4296
f 4297 4259 4293
f 4296 4293 4258
f 4297 4293 4296
f 4248 4290 4310
f 4290 4258 4312
f 4310 4312 4265
f 4290 4312 4310
f 4258 4289 4309
f 4289 4247 4307
f 4309 4307 4264
f 4289 4307 4309
f 4265 4313 4311
f 4313 4264 4308
f 4311 4308 4251
f 4313 4308 4311
f 4258 4309 4312
f 4309 4264 4313
f 4312 4313 4265
f 4309 4313 4312
f 4248 4310 4326
f 4310 4265 4328
f 4326 4328 4270
f 4310 4328 4326
f 4265 4311 4331
f 4311 4251 4329
f 4331 4329 4271
f 4311 4329 4331
f 4270 4333 4327
f 4333 4271 4330
f 4327 4330 4253
f 4333 4330 4327
f 4265 4331 4328
f 4331 4271 4333
f 4328 4333 4270
f 4331 4333 4328
f 4248 4326 4344
f 4326 4270 4347
f 4344 4347 4274
f 4326 4347 4344
f 4270 4327 4362
f 4327 4253 4359
f 4362 4359 4277
f 4327 4359 4362
f 4274 4364 4345
f 4364 4277 4360
f 4345 4360 4254
f 4364 4360 4345
f 4270 4362 4347
f 4362 4277 4364
f 4347 4364 4274
f 4362 4364 4347
f 4249 4348 4305
f 4348 4275 4351
f 4305 4351 4263
f 4348 4351 4305
f 4275 4349 4358
f 4349 4254 4354
f 4358 4354 4276
f 4349 4354 4358
f 4263 4356 4306
f 4356 4276 4353
f 4306 4353 4250
f 4356 4353 4306
f 4275 4358 4351
f 4358 4276 4356
f 4351 4356 4263
f 4358 4356 4351
f 4247 4291 4386
f 4291 4259 4388
f 4386 4388 4283
f 4291 4388 4386
f 4259 4292 4392
f 4292 4249 4390
f 4392 4390 4284
f 4292 4390 4392
f 4283 4394 4387
f 4394 4284 4391
f 4387 4391 4256
f 4394 4391 4387
f 4259 4392 4388
f 4392 4284 4394
f 4388 4394 4283
f 4392 4394 4388
f 4251 4308 4371
f 4308 4264 4373
f 4371 4373 4280
f 4308 4373 4371
f 4264 4307 4370
f 4307 4247 4368
f 4370 4368 4279
f 4307 4368 4370
f 4280 4375 4372
f 4375 4279 4369
f 4372 4369 4255
f 4375 4369 4372
f 4264 4370 4373
f 4370 4279 4375
f 4373 4375 4280
f 4370 4375 4373
f 4253 4330 4335
f 4330 4271 4339
f 4335 4339 4272
f 4330 4339 4335
f 4271 4329 4332
f 4329 4251 4321
f 4332 4321 4268
f 4329 4321 4332
f 4272 4337 4334
f 4337 4268 4322
f 4334 4322 4252
f 4337 4322 4334
f 4271 4332 4339
f 4332 4268 4337
f 4339 4337 4272
f 4332 4337 4339
f 4254 4360 4341
f 4360 4277 4363
f 4341 4363 4273
f 4360 4363 4341
f 4277 4359 4361
f 4359 4253 4324
f 4361 4324 4269
f 4359 4324 4361
f 4273 4343 4340
f 4343 4269 4323
f 4340 4323 4246
f 4343 4323 4340
f 4277 4361 4363
f 4361 4269 4343
f 4363 4343 4273
f 4361 4343 4363
o FaceDetails_010
usemtl Navy
v 0.044500 1.960500 -0.199500
v 0.044500 1.960500 -0.184500
v 0.044500 1.973500 -0.199500
v 0.044500 1.973500 -0.184500
v 0.129500 1.960500 -0.199500
v 0.129500 1.960500 -0.184500
v 0.129500 1.973500 -0.199500
v 0.129500 1.973500 -0.184500
f 4408 4410 4407
f 4411 4408 4407
f 4407 4410 4409
f 4409 4411 4407
f 4408 4414 4410
f 4412 4408 4411
f 4412 4414 4408
f 4410 4414 4409
f 4413 4411 4409
f 4409 4414 4413
f 4413 4412 4411
f 4414 4412 4413
o FaceDetails_011
usemtl SkinShadow
v 0.120000 1.860000 -0.164000
v 0.121972 1.860089 -0.167479
v 0.193972 1.867089 -0.126479
v 0.192000 1.867000 -0.123000
v 0.120695 1.863495 -0.165816
v 0.192695 1.870495 -0.124816
v 0.118722 1.863406 -0.162338
v 0.190722 1.870406 -0.121338
v 0.118028 1.859911 -0.160521
v 0.190028 1.866911 -0.119521
v 0.119305 1.856505 -0.162184
v 0.191305 1.863505 -0.121184
v 0.121278 1.856594 -0.165662
v 0.193278 1.863594 -0.124662
f 4416 4415 4419
f 4416 4419 4417
f 4417 4419 4420
f 4417 4420 4418
f 4419 4415 4421
f 4419 4421 4420
f 4420 4421 4422
f 4420 4422 4418
f 4421 4415 4423
f 4421 4423 4422
f 4422 4423 4424
f 4422 4424 4418
f 4423 4415 4425
f 4423 4425 4424
f 4424 4425 4426
f 4424 4426 4418
f 4425 4415 4427
f 4425 4427 4426
f 4426 4427 4428
f 4426 4428 4418
f 4427 4415 4416
f 4427 4416 4428
f 4428 4416 4417
f 4428 4417 4418
o FaceDetails_012
usemtl SkinShadow
v 0.120000 1.835000 -0.164000
v 0.121972 1.835089 -0.167479
v 0.193972 1.842089 -0.126479
v 0.192000 1.842000 -0.123000
v 0.120695 1.838495 -0.165816
v 0.192695 1.845495 -0.124816
v 0.118722 1.838406 -0.162338
v 0.190722 1.845406 -0.121338
v 0.118028 1.834911 -0.160521
v 0.190028 1.841911 -0.119521
v 0.119305 1.831505 -0.162184
v 0.191305 1.838505 -0.121184
v 0.121278 1.831594 -0.165662
v 0.193278 1.838594 -0.124662
f 4430 4429 4433
f 4430 4433 4431
f 4431 4433 4434
f 4431 4434 4432
f 4433 4429 4435
f 4433 4435 4434
f 4434 4435 4436
f 4434 4436 4432
f 4435 4429 4437
f 4435 4437 4436
f 4436 4437 4438
f 4436 4438 4432
f 4437 4429 4439
f 4437 4439 4438
f 4438 4439 4440
f 4438 4440 4432
f 4439 4429 4441
f 4439 4441 4440
f 4440 4441 4442
f 4440 4442 4432
f 4441 4429 4430
f 4441 4430 4442
f 4442 4430 4431
f 4442 4431 4432
o FaceDetails_013
usemtl SkinShadow
v 0.120000 1.810000 -0.164000
v 0.121972 1.810089 -0.167479
v 0.193972 1.817089 -0.126479
v 0.192000 1.817000 -0.123000
v 0.120695 1.813495 -0.165816
v 0.192695 1.820495 -0.124816
v 0.118722 1.813406 -0.162338
v 0.190722 1.820406 -0.121338
v 0.118028 1.809911 -0.160521
v 0.190028 1.816911 -0.119521
v 0.119305 1.806505 -0.162184
v 0.191305 1.813505 -0.121184
v 0.121278 1.806594 -0.165662
v 0.193278 1.813594 -0.124662
f 4444 4443 4447
f 4444 4447 4445
f 4445 4447 4448
f 4445 4448 4446
f 4447 4443 4449
f 4447 4449 4448
f 4448 4449 4450
f 4448 4450 4446
f 4449 4443 4451
f 4449 4451 4450
f 4450 4451 4452
f 4450 4452 4446
f 4451 4443 4453
f 4451 4453 4452
f 4452 4453 4454
f 4452 4454 4446
f 4453 4443 4455
f 4453 4455 4454
f 4454 4455 4456
f 4454 4456 4446
f 4455 4443 4444
f 4455 4444 4456
f 4456 4444 4445
f 4456 4445 4446
o FaceDetails_014
usemtl SkinShadow
v -0.035000 1.773500 -0.195000
v -0.035000 1.773500 -0.187000
v -0.035000 1.780500 -0.195000
v -0.035000 1.780500 -0.187000
v 0.035000 1.773500 -0.195000
v 0.035000 1.773500 -0.187000
v 0.035000 1.780500 -0.195000
v 0.035000 1.780500 -0.187000
f 4458 4460 4457
f 4461 4458 4457
f 4457 4460 4459
f 4459 4461 4457
f 4458 4464 4460
f 4462 4458 4461
f 4462 4464 4458
f 4460 4464 4459
f 4463 4461 4459
f 4459 4464 4463
f 4463 4462 4461
f 4464 4462 4463
o Headband_000
usemtl Navy
v -0.225000 1.989000 -0.202500
v -0.225000 1.989000 0.042500
v -0.225000 2.109000 -0.202500
v -0.225000 2.109000 0.042500
v 0.225000 1.989000 -0.202500
v 0.225000 1.989000 0.042500
v 0.225000 2.109000 -0.202500
v 0.225000 2.109000 0.042500
f 4466 4468 4465
f 4469 4466 4465
f 4465 4468 4467
f 4467 4469 4465
f 4466 4472 4468
f 4470 4466 4469
f 4470 4472 4466
f 4468 4472 4467
f 4471 4469 4467
f 4467 4472 4471
f 4471 4470 4469
f 4472 4470 4471
o Headband_001
usemtl Metal
v -0.137500 2.009500 -0.224000
v -0.137500 2.009500 -0.206000
v -0.137500 2.102500 -0.224000
v -0.137500 2.102500 -0.206000
v 0.137500 2.009500 -0.224000
v 0.137500 2.009500 -0.206000
v 0.137500 2.102500 -0.224000
v 0.137500 2.102500 -0.206000
f 4474 4476 4473
f 4477 4474 4473
f 4473 4476 4475
f 4475 4477 4473
f 4474 4480 4476
f 4478 4474 4477
f 4478 4480 4474
f 4476 4480 4475
f 4479 4477 4475
f 4475 4480 4479
f 4479 4478 4477
f 4480 4478 4479
o Headband_002
usemtl MetalDark
v -0.126783 2.066357 -0.228000
v -0.115217 2.066357 -0.228000
v -0.126783 2.047643 -0.228000
v -0.115217 2.047643 -0.228000
v -0.121000 2.051217 -0.221195
v -0.121000 2.062783 -0.221195
v -0.121000 2.051217 -0.234805
v -0.121000 2.062783 -0.234805
v -0.111643 2.057000 -0.232206
v -0.111643 2.057000 -0.223794
v -0.130357 2.057000 -0.232206
v -0.130357 2.057000 -0.223794
v -0.121000 2.068000 -0.228000
v -0.121000 2.046000 -0.228000
v -0.124399 2.048101 -0.224000
v -0.117601 2.048101 -0.224000
v -0.124399 2.065899 -0.224000
v -0.117601 2.065899 -0.224000
v -0.121000 2.057000 -0.220000
v -0.124399 2.048101 -0.232000
v -0.117601 2.048101 -0.232000
v -0.124399 2.065899 -0.232000
v -0.117601 2.065899 -0.232000
v -0.121000 2.057000 -0.236000
v -0.112101 2.062500 -0.230472
v -0.112101 2.051500 -0.230472
v -0.115500 2.053601 -0.234472
v -0.115500 2.060399 -0.234472
v -0.112101 2.062500 -0.225528
v -0.112101 2.051500 -0.225528
v -0.115500 2.053601 -0.221528
v -0.115500 2.060399 -0.221528
v -0.110000 2.057000 -0.228000
v -0.129899 2.062500 -0.230472
v -0.129899 2.051500 -0.230472
v -0.126500 2.053601 -0.234472
v -0.126500 2.060399 -0.234472
v -0.129899 2.062500 -0.225528
v -0.129899 2.051500 -0.225528
v -0.126500 2.053601 -0.221528
v -0.126500 2.060399 -0.221528
v -0.132000 2.057000 -0.228000
f 4481 4518 4497
f 4518 4492 4521
f 4497 4521 4486
f 4518 4521 4497
f 4481 4497 4493
f 4497 4486 4498
f 4493 4498 4482
f 4497 4498 4493
f 4481 4493 4502
f 4493 4482 4503
f 4502 4503 4488
f 4493 4503 4502
f 4481 4502 4514
f 4502 4488 4517
f 4514 4517 4491
f 4502 4517 4514
f 4481 4514 4518
f 4514 4491 4522
f 4518 4522 4492
f 4514 4522 4518
f 4482 4498 4509
f 4498 4486 4512
f 4509 4512 4490
f 4498 4512 4509
f 4486 4521 4499
f 4521 4492 4520
f 4499 4520 4485
f 4521 4520 4499
f 4492 4522 4519
f 4522 4491 4515
f 4519 4515 4483
f 4522 4515 4519
f 4491 4517 4516
f 4517 4488 4504
f 4516 4504 4487
f 4517 4504 4516
f 4488 4503 4508
f 4503 4482 4505
f 4508 4505 4489
f 4503 4505 4508
f 4484 4510 4496
f 4510 4490 4511
f 4496 4511 4485
f 4510 4511 4496
f 4484 4496 4494
f 4496 4485 4495
f 4494 4495 4483
f 4496 4495 4494
f 4484 4494 4501
f 4494 4483 4500
f 4501 4500 4487
f 4494 4500 4501
f 4484 4501 4506
f 4501 4487 4507
f 4506 4507 4489
f 4501 4507 4506
f 4484 4506 4510
f 4506 4489 4513
f 4510 4513 4490
f 4506 4513 4510
f 4485 4511 4499
f 4511 4490 4512
f 4499 4512 4486
f 4511 4512 4499
f 4483 4495 4519
f 4495 4485 4520
f 4519 4520 4492
f 4495 4520 4519
f 4487 4500 4516
f 4500 4483 4515
f 4516 4515 4491
f 4500 4515 4516
f 4489 4507 4508
f 4507 4487 4504
f 4508 4504 4488
f 4507 4504 4508
f 4490 4513 4509
f 4513 4489 4505
f 4509 4505 4482
f 4513 4505 4509
o Headband_003
usemtl MetalDark
v 0.115217 2.066357 -0.228000
v 0.126783 2.066357 -0.228000
v 0.115217 2.047643 -0.228000
v 0.126783 2.047643 -0.228000
v 0.121000 2.051217 -0.221195
v 0.121000 2.062783 -0.221195
v 0.121000 2.051217 -0.234805
v 0.121000 2.062783 -0.234805
v 0.130357 2.057000 -0.232206
v 0.130357 2.057000 -0.223794
v 0.111643 2.057000 -0.232206
v 0.111643 2.057000 -0.223794
v 0.121000 2.068000 -0.228000
v 0.121000 2.046000 -0.228000
v 0.117601 2.048101 -0.224000
v 0.124399 2.048101 -0.224000
v 0.117601 2.065899 -0.224000
v 0.124399 2.065899 -0.224000
v 0.121000 2.057000 -0.220000
v 0.117601 2.048101 -0.232000
v 0.124399 2.048101 -0.232000
v 0.117601 2.065899 -0.232000
v 0.124399 2.065899 -0.232000
v 0.121000 2.057000 -0.236000
v 0.129899 2.062500 -0.230472
v 0.129899 2.051500 -0.230472
v 0.126500 2.053601 -0.234472
v 0.126500 2.060399 -0.234472
v 0.129899 2.062500 -0.225528
v 0.129899 2.051500 -0.225528
v 0.126500 2.053601 -0.221528
v 0.126500 2.060399 -0.221528
v 0.132000 2.057000 -0.228000
v 0.112101 2.062500 -0.230472
v 0.112101 2.051500 -0.230472
v 0.115500 2.053601 -0.234472
v 0.115500 2.060399 -0.234472
v 0.112101 2.062500 -0.225528
v 0.112101 2.051500 -0.225528
v 0.115500 2.053601 -0.221528
v 0.115500 2.060399 -0.221528
v 0.110000 2.057000 -0.228000
f 4523 4560 4539
f 4560 4534 4563
f 4539 4563 4528
f 4560 4563 4539
f 4523 4539 4535
f 4539 4528 4540
f 4535 4540 4524
f 4539 4540 4535
f 4523 4535 4544
f 4535 4524 4545
f 4544 4545 4530
f 4535 4545 4544
f 4523 4544 4556
f 4544 4530 4559
f 4556 4559 4533
f 4544 4559 4556
f 4523 4556 4560
f 4556 4533 4564
f 4560 4564 4534
f 4556 4564 4560
f 4524 4540 4551
f 4540 4528 4554
f 4551 4554 4532
f 4540 4554 4551
f 4528 4563 4541
f 4563 4534 4562
f 4541 4562 4527
f 4563 4562 4541
f 4534 4564 4561
f 4564 4533 4557
f 4561 4557 4525
f 4564 4557 4561
f 4533 4559 4558
f 4559 4530 4546
f 4558 4546 4529
f 4559 4546 4558
f 4530 4545 4550
f 4545 4524 4547
f 4550 4547 4531
f 4545 4547 4550
f 4526 4552 4538
f 4552 4532 4553
f 4538 4553 4527
f 4552 4553 4538
f 4526 4538 4536
f 4538 4527 4537
f 4536 4537 4525
f 4538 4537 4536
f 4526 4536 4543
f 4536 4525 4542
f 4543 4542 4529
f 4536 4542 4543
f 4526 4543 4548
f 4543 4529 4549
f 4548 4549 4531
f 4543 4549 4548
f 4526 4548 4552
f 4548 4531 4555
f 4552 4555 4532
f 4548 4555 4552
f 4527 4553 4541
f 4553 4532 4554
f 4541 4554 4528
f 4553 4554 4541
f 4525 4537 4561
f 4537 4527 4562
f 4561 4562 4534
f 4537 4562 4561
f 4529 4542 4558
f 4542 4525 4557
f 4558 4557 4533
f 4542 4557 4558
f 4531 4549 4550
f 4549 4529 4546
f 4550 4546 4530
f 4549 4546 4550
f 4532 4555 4551
f 4555 4531 4547
f 4551 4547 4524
f 4555 4547 4551
o Headband_004
usemtl MetalDark
v 0.007897 2.057403 -0.228000
v 0.012103 2.057403 -0.228000
v 0.007897 2.050597 -0.228000
v 0.012103 2.050597 -0.228000
v 0.010000 2.051897 -0.225448
v 0.010000 2.056103 -0.225448
v 0.010000 2.051897 -0.230552
v 0.010000 2.056103 -0.230552
v 0.013403 2.054000 -0.229577
v 0.013403 2.054000 -0.226423
v 0.006597 2.054000 -0.229577
v 0.006597 2.054000 -0.226423
v 0.010000 2.058000 -0.228000
v 0.010000 2.050000 -0.228000
v 0.008764 2.050764 -0.226500
v 0.011236 2.050764 -0.226500
v 0.008764 2.057236 -0.226500
v 0.011236 2.057236 -0.226500
v 0.010000 2.054000 -0.225000
v 0.008764 2.050764 -0.229500
v 0.011236 2.050764 -0.229500
v 0.008764 2.057236 -0.229500
v 0.011236 2.057236 -0.229500
v 0.010000 2.054000 -0.231000
v 0.013236 2.056000 -0.228927
v 0.013236 2.052000 -0.228927
v 0.012000 2.052764 -0.230427
v 0.012000 2.055236 -0.230427
v 0.013236 2.056000 -0.227073
v 0.013236 2.052000 -0.227073
v 0.012000 2.052764 -0.225573
v 0.012000 2.055236 -0.225573
v 0.014000 2.054000 -0.228000
v 0.006764 2.056000 -0.228927
v 0.006764 2.052000 -0.228927
v 0.008000 2.052764 -0.230427
v 0.008000 2.055236 -0.230427
v 0.006764 2.056000 -0.227073
v 0.006764 2.052000 -0.227073
v 0.008000 2.052764 -0.225573
v 0.008000 2.055236 -0.225573
v 0.006000 2.054000 -0.228000
f 4565 4602 4581
f 4602 4576 4605
f 4581 4605 4570
f 4602 4605 4581
f 4565 4581 4577
f 4581 4570 4582
f 4577 4582 4566
f 4581 4582 4577
f 4565 4577 4586
f 4577 4566 4587
f 4586 4587 4572
f 4577 4587 4586
f 4565 4586 4598
f 4586 4572 4601
f 4598 4601 4575
f 4586 4601 4598
f 4565 4598 4602
f 4598 4575 4606
f 4602 4606 4576
f 4598 4606 4602
f 4566 4582 4593
f 4582 4570 4596
f 4593 4596 4574
f 4582 4596 4593
f 4570 4605 4583
f 4605 4576 4604
f 4583 4604 4569
f 4605 4604 4583
f 4576 4606 4603
f 4606 4575 4599
f 4603 4599 4567
f 4606 4599 4603
f 4575 4601 4600
f 4601 4572 4588
f 4600 4588 4571
f 4601 4588 4600
f 4572 4587 4592
f 4587 4566 4589
f 4592 4589 4573
f 4587 4589 4592
f 4568 4594 4580
f 4594 4574 4595
f 4580 4595 4569
f 4594 4595 4580
f 4568 4580 4578
f 4580 4569 4579
f 4578 4579 4567
f 4580 4579 4578
f 4568 4578 4585
f 4578 4567 4584
f 4585 4584 4571
f 4578 4584 4585
f 4568 4585 4590
f 4585 4571 4591
f 4590 4591 4573
f 4585 4591 4590
f 4568 4590 4594
f 4590 4573 4597
f 4594 4597 4574
f 4590 4597 4594
f 4569 4595 4583
f 4595 4574 4596
f 4583 4596 4570
f 4595 4596 4583
f 4567 4579 4603
f 4579 4569 4604
f 4603 4604 4576
f 4579 4604 4603
f 4571 4584 4600
f 4584 4567 4599
f 4600 4599 4575
f 4584 4599 4600
f 4573 4591 4592
f 4591 4571 4588
f 4592 4588 4572
f 4591 4588 4592
f 4574 4597 4593
f 4597 4573 4589
f 4593 4589 4566
f 4597 4589 4593
o Headband_005
usemtl MetalDark
v 0.009684 2.059547 -0.228000
v 0.013889 2.059547 -0.228000
v 0.009684 2.052742 -0.228000
v 0.013889 2.052742 -0.228000
v 0.011786 2.054042 -0.225448
v 0.011786 2.058248 -0.225448
v 0.011786 2.054042 -0.230552
v 0.011786 2.058248 -0.230552
v 0.015189 2.056145 -0.229577
v 0.015189 2.056145 -0.226423
v 0.008384 2.056145 -0.229577
v 0.008384 2.056145 -0.226423
v 0.011786 2.060145 -0.228000
v 0.011786 2.052145 -0.228000
v 0.010550 2.052909 -0.226500
v 0.013023 2.052909 -0.226500
v 0.010550 2.059381 -0.226500
v 0.013023 2.059381 -0.226500
v 0.011786 2.056145 -0.225000
v 0.010550 2.052909 -0.229500
v 0.013023 2.052909 -0.229500
v 0.010550 2.059381 -0.229500
v 0.013023 2.059381 -0.229500
v 0.011786 2.056145 -0.231000
v 0.015023 2.058145 -0.228927
v 0.015023 2.054145 -0.228927
v 0.013786 2.054909 -0.230427
v 0.013786 2.057381 -0.230427
v 0.015023 2.058145 -0.227073
v 0.015023 2.054145 -0.227073
v 0.013786 2.054909 -0.225573
v 0.013786 2.057381 -0.225573
v 0.015786 2.056145 -0.228000
v 0.008550 2.058145 -0.228927
v 0.008550 2.054145 -0.228927
v 0.009786 2.054909 -0.230427
v 0.009786 2.057381 -0.230427
v 0.008550 2.058145 -0.227073
v 0.008550 2.054145 -0.227073
v 0.009786 2.054909 -0.225573
v 0.009786 2.057381 -0.225573
v 0.007786 2.056145 -0.228000
f 4607 4644 4623
f 4644 4618 4647
f 4623 4647 4612
f 4644 4647 4623
f 4607 4623 4619
f 4623 4612 4624
f 4619 4624 4608
f 4623 4624 4619
f 4607 4619 4628
f 4619 4608 4629
f 4628 4629 4614
f 4619 4629 4628
f 4607 4628 4640
f 4628 4614 4643
f 4640 4643 4617
f 4628 4643 4640
f 4607 4640 4644
f 4640 4617 4648
f 4644 4648 4618
f 4640 4648 4644
f 4608 4624 4635
f 4624 4612 4638
f 4635 4638 4616
f 4624 4638 4635
f 4612 4647 4625
f 4647 4618 4646
f 4625 4646 4611
f 4647 4646 4625
f 4618 4648 4645
f 4648 4617 4641
f 4645 4641 4609
f 4648 4641 4645
f 4617 4643 4642
f 4643 4614 4630
f 4642 4630 4613
f 4643 4630 4642
f 4614 4629 4634
f 4629 4608 4631
f 4634 4631 4615
f 4629 4631 4634
f 4610 4636 4622
f 4636 4616 4637
f 4622 4637 4611
f 4636 4637 4622
f 4610 4622 4620
f 4622 4611 4621
f 4620 4621 4609
f 4622 4621 4620
f 4610 4620 4627
f 4620 4609 4626
f 4627 4626 4613
f 4620 4626 4627
f 4610 4627 4632
f 4627 4613 4633
f 4632 4633 4615
f 4627 4633 4632
f 4610 4632 4636
f 4632 4615 4639
f 4636 4639 4616
f 4632 4639 4636
f 4611 4637 4625
f 4637 4616 4638
f 4625 4638 4612
f 4637 4638 4625
f 4609 4621 4645
f 4621 4611 4646
f 4645 4646 4618
f 4621 4646 4645
f 4613 4626 4642
f 4626 4609 4641
f 4642 4641 4617
f 4626 4641 4642
f 4615 4633 4634
f 4633 4613 4630
f 4634 4630 4614
f 4633 4630 4634
f 4616 4639 4635
f 4639 4615 4631
f 4635 4631 4608
f 4639 4631 4635
o Headband_006
usemtl MetalDark
v 0.010962 2.062320 -0.228000
v 0.015168 2.062320 -0.228000
v 0.010962 2.055515 -0.228000
v 0.015168 2.055515 -0.228000
v 0.013065 2.056815 -0.225448
v 0.013065 2.061021 -0.225448
v 0.013065 2.056815 -0.230552
v 0.013065 2.061021 -0.230552
v 0.016468 2.058918 -0.229577
v 0.016468 2.058918 -0.226423
v 0.009663 2.058918 -0.229577
v 0.009663 2.058918 -0.226423
v 0.013065 2.062918 -0.228000
v 0.013065 2.054918 -0.228000
v 0.011829 2.055682 -0.226500
v 0.014301 2.055682 -0.226500
v 0.011829 2.062154 -0.226500
v 0.014301 2.062154 -0.226500
v 0.013065 2.058918 -0.225000
v 0.011829 2.055682 -0.229500
v 0.014301 2.055682 -0.229500
v 0.011829 2.062154 -0.229500
v 0.014301 2.062154 -0.229500
v 0.013065 2.058918 -0.231000
v 0.016301 2.060918 -0.228927
v 0.016301 2.056918 -0.228927
v 0.015065 2.057682 -0.230427
v 0.015065 2.060154 -0.230427
v 0.016301 2.060918 -0.227073
v 0.016301 2.056918 -0.227073
v 0.015065 2.057682 -0.225573
v 0.015065 2.060154 -0.225573
v 0.017065 2.058918 -0.228000
v 0.009829 2.060918 -0.228927
v 0.009829 2.056918 -0.228927
v 0.011065 2.057682 -0.230427
v 0.011065 2.060154 -0.230427
v 0.009829 2.060918 -0.227073
v 0.009829 2.056918 -0.227073
v 0.011065 2.057682 -0.225573
v 0.011065 2.060154 -0.225573
v 0.009065 2.058918 -0.228000
f 4649 4686 4665
f 4686 4660 4689
f 4665 4689 4654
f 4686 4689 4665
f 4649 4665 4661
f 4665 4654 4666
f 4661 4666 4650
f 4665 4666 4661
f 4649 4661 4670
f 4661 4650 4671
f 4670 4671 4656
f 4661 4671 4670
f 4649 4670 4682
f 4670 4656 4685
f 4682 4685 4659
f 4670 4685 4682
f 4649 4682 4686
f 4682 4659 4690
f 4686 4690 4660
f 4682 4690 4686
f 4650 4666 4677
f 4666 4654 4680
f 4677 4680 4658
f 4666 4680 4677
f 4654 4689 4667
f 4689 4660 4688
f 4667 4688 4653
f 4689 4688 4667
f 4660 4690 4687
f 4690 4659 4683
f 4687 4683 4651
f 4690 4683 4687
f 4659 4685 4684
f 4685 4656 4672
f 4684 4672 4655
f 4685 4672 4684
f 4656 4671 4676
f 4671 4650 4673
f 4676 4673 4657
f 4671 4673 4676
f 4652 4678 4664
f 4678 4658 4679
f 4664 4679 4653
f 4678 4679 4664
f 4652 4664 4662
f 4664 4653 4663
f 4662 4663 4651
f 4664 4663 4662
f 4652 4662 4669
f 4662 4651 4668
f 4669 4668 4655
f 4662 4668 4669
f 4652 4669 4674
f 4669 4655 4675
f 4674 4675 4657
f 4669 4675 4674
f 4652 4674 4678
f 4674 4657 4681
f 4678 4681 4658
f 4674 4681 4678
f 4653 4679 4667
f 4679 4658 4680
f 4667 4680 4654
f 4679 4680 4667
f 4651 4663 4687
f 4663 4653 4688
f 4687 4688 4660
f 4663 4688 4687
f 4655 4668 4684
f 4668 4651 4683
f 4684 4683 4659
f 4668 4683 4684
f 4657 4675 4676
f 4675 4655 4672
f 4676 4672 4656
f 4675 4672 4676
f 4658 4681 4677
f 4681 4657 4673
f 4677 4673 4650
f 4681 4673 4677
o Headband_007
usemtl MetalDark
v 0.011569 2.065598 -0.228000
v 0.015775 2.065598 -0.228000
v 0.011569 2.058793 -0.228000
v 0.015775 2.058793 -0.228000
v 0.013672 2.060092 -0.225448
v 0.013672 2.064298 -0.225448
v 0.013672 2.060092 -0.230552
v 0.013672 2.064298 -0.230552
v 0.017074 2.062195 -0.229577
v 0.017074 2.062195 -0.226423
v 0.010269 2.062195 -0.229577
v 0.010269 2.062195 -0.226423
v 0.013672 2.066195 -0.228000
v 0.013672 2.058195 -0.228000
v 0.012436 2.058959 -0.226500
v 0.014908 2.058959 -0.226500
v 0.012436 2.065431 -0.226500
v 0.014908 2.065431 -0.226500
v 0.013672 2.062195 -0.225000
v 0.012436 2.058959 -0.229500
v 0.014908 2.058959 -0.229500
v 0.012436 2.065431 -0.229500
v 0.014908 2.065431 -0.229500
v 0.013672 2.062195 -0.231000
v 0.016908 2.064195 -0.228927
v 0.016908 2.060195 -0.228927
v 0.015672 2.060959 -0.230427
v 0.015672 2.063431 -0.230427
v 0.016908 2.064195 -0.227073
v 0.016908 2.060195 -0.227073
v 0.015672 2.060959 -0.225573
v 0.015672 2.063431 -0.225573
v 0.017672 2.062195 -0.228000
v 0.010436 2.064195 -0.228927
v 0.010436 2.060195 -0.228927
v 0.011672 2.060959 -0.230427
v 0.011672 2.063431 -0.230427
v 0.010436 2.064195 -0.227073
v 0.010436 2.060195 -0.227073
v 0.011672 2.060959 -0.225573
v 0.011672 2.063431 -0.225573
v 0.009672 2.062195 -0.228000
f 4691 4728 4707
f 4728 4702 4731
f 4707 4731 4696
f 4728 4731 4707
f 4691 4707 4703
f 4707 4696 4708
f 4703 4708 4692
f 4707 4708 4703
f 4691 4703 4712
f 4703 4692 4713
f 4712 4713 4698
f 4703 4713 4712
f 4691 4712 4724
f 4712 4698 4727
f 4724 4727 4701
f 4712 4727 4724
f 4691 4724 4728
f 4724 4701 4732
f 4728 4732 4702
f 4724 4732 4728
f 4692 4708 4719
f 4708 4696 4722
f 4719 4722 4700
f 4708 4722 4719
f 4696 4731 4709
f 4731 4702 4730
f 4709 4730 4695
f 4731 4730 4709
f 4702 4732 4729
f 4732 4701 4725
f 4729 4725 4693
f 4732 4725 4729
f 4701 4727 4726
f 4727 4698 4714
f 4726 4714 4697
f 4727 4714 4726
f 4698 4713 4718
f 4713 4692 4715
f 4718 4715 4699
f 4713 4715 4718
f 4694 4720 4706
f 4720 4700 4721
f 4706 4721 4695
f 4720 4721 4706
f 4694 4706 4704
f 4706 4695 4705
f 4704 4705 4693
f 4706 4705 4704
f 4694 4704 4711
f 4704 4693 4710
f 4711 4710 4697
f 4704 4710 4711
f 4694 4711 4716
f 4711 4697 4717
f 4716 4717 4699
f 4711 4717 4716
f 4694 4716 4720
f 4716 4699 4723
f 4720 4723 4700
f 4716 4723 4720
f 4695 4721 4709
f 4721 4700 4722
f 4709 4722 4696
f 4721 4722 4709
f 4693 4705 4729
f 4705 4695 4730
f 4729 4730 4702
f 4705 4730 4729
f 4697 4710 4726
f 4710 4693 4725
f 4726 4725 4701
f 4710 4725 4726
f 4699 4717 4718
f 4717 4697 4714
f 4718 4714 4698
f 4717 4714 4718
f 4700 4723 4719
f 4723 4699 4715
f 4719 4715 4692
f 4723 4715 4719
o Headband_008
usemtl MetalDark
v 0.011369 2.069219 -0.228000
v 0.015575 2.069219 -0.228000
v 0.011369 2.062414 -0.228000
v 0.015575 2.062414 -0.228000
v 0.013472 2.063713 -0.225448
v 0.013472 2.067919 -0.225448
v 0.013472 2.063713 -0.230552
v 0.013472 2.067919 -0.230552
v 0.016875 2.065816 -0.229577
v 0.016875 2.065816 -0.226423
v 0.010070 2.065816 -0.229577
v 0.010070 2.065816 -0.226423
v 0.013472 2.069816 -0.228000
v 0.013472 2.061816 -0.228000
v 0.012236 2.062580 -0.226500
v 0.014708 2.062580 -0.226500
v 0.012236 2.069052 -0.226500
v 0.014708 2.069052 -0.226500
v 0.013472 2.065816 -0.225000
v 0.012236 2.062580 -0.229500
v 0.014708 2.062580 -0.229500
v 0.012236 2.069052 -0.229500
v 0.014708 2.069052 -0.229500
v 0.013472 2.065816 -0.231000
v 0.016708 2.067816 -0.228927
v 0.016708 2.063816 -0.228927
v 0.015472 2.064580 -0.230427
v 0.015472 2.067052 -0.230427
v 0.016708 2.067816 -0.227073
v 0.016708 2.063816 -0.227073
v 0.015472 2.064580 -0.225573
v 0.015472 2.067052 -0.225573
v 0.017472 2.065816 -0.228000
v 0.010236 2.067816 -0.228927
v 0.010236 2.063816 -0.228927
v 0.011472 2.064580 -0.230427
v 0.011472 2.067052 -0.230427
v 0.010236 2.067816 -0.227073
v 0.010236 2.063816 -0.227073
v 0.011472 2.064580 -0.225573
v 0.011472 2.067052 -0.225573
v 0.009472 2.065816 -0.228000
f 4733 4770 4749
f 4770 4744 4773
f 4749 4773 4738
f 4770 4773 4749
f 4733 4749 4745
f 4749 4738 4750
f 4745 4750 4734
f 4749 4750 4745
f 4733 4745 4754
f 4745 4734 4755
f 4754 4755 4740
f 4745 4755 4754
f 4733 4754 4766
f 4754 4740 4769
f 4766 4769 4743
f 4754 4769 4766
f 4733 4766 4770
f 4766 4743 4774
f 4770 4774 4744
f 4766 4774 4770
f 4734 4750 4761
f 4750 4738 4764
f 4761 4764 4742
f 4750 4764 4761
f 4738 4773 4751
f 4773 4744 4772
f 4751 4772 4737
f 4773 4772 4751
f 4744 4774 4771
f 4774 4743 4767
f 4771 4767 4735
f 4774 4767 4771
f 4743 4769 4768
f 4769 4740 4756
f 4768 4756 4739
f 4769 4756 4768
f 4740 4755 4760
f 4755 4734 4757
f 4760 4757 4741
f 4755 4757 4760
f 4736 4762 4748
f 4762 4742 4763
f 4748 4763 4737
f 4762 4763 4748
f 4736 4748 4746
f 4748 4737 4747
f 4746 4747 4735
f 4748 4747 4746
f 4736 4746 4753
f 4746 4735 4752
f 4753 4752 4739
f 4746 4752 4753
f 4736 4753 4758
f 4753 4739 4759
f 4758 4759 4741
f 4753 4759 4758
f 4736 4758 4762
f 4758 4741 4765
f 4762 4765 4742
f 4758 4765 4762
f 4737 4763 4751
f 4763 4742 4764
f 4751 4764 4738
f 4763 4764 4751
f 4735 4747 4771
f 4747 4737 4772
f 4771 4772 4744
f 4747 4772 4771
f 4739 4752 4768
f 4752 4735 4767
f 4768 4767 4743
f 4752 4767 4768
f 4741 4759 4760
f 4759 4739 4756
f 4760 4756 4740
f 4759 4756 4760
f 4742 4765 4761
f 4765 4741 4757
f 4761 4757 4734
f 4765 4757 4761
o Headband_009
usemtl MetalDark
v 0.010267 2.072991 -0.228000
v 0.014473 2.072991 -0.228000
v 0.010267 2.066186 -0.228000
v 0.014473 2.066186 -0.228000
v 0.012370 2.067485 -0.225448
v 0.012370 2.071691 -0.225448
v 0.012370 2.067485 -0.230552
v 0.012370 2.071691 -0.230552
v 0.015773 2.069588 -0.229577
v 0.015773 2.069588 -0.226423
v 0.008967 2.069588 -0.229577
v 0.008967 2.069588 -0.226423
v 0.012370 2.073588 -0.228000
v 0.012370 2.065588 -0.228000
v 0.011134 2.066352 -0.226500
v 0.013606 2.066352 -0.226500
v 0.011134 2.072824 -0.226500
v 0.013606 2.072824 -0.226500
v 0.012370 2.069588 -0.225000
v 0.011134 2.066352 -0.229500
v 0.013606 2.066352 -0.229500
v 0.011134 2.072824 -0.229500
v 0.013606 2.072824 -0.229500
v 0.012370 2.069588 -0.231000
v 0.015606 2.071588 -0.228927
v 0.015606 2.067588 -0.228927
v 0.014370 2.068352 -0.230427
v 0.014370 2.070824 -0.230427
v 0.015606 2.071588 -0.227073
v 0.015606 2.067588 -0.227073
v 0.014370 2.068352 -0.225573
v 0.014370 2.070824 -0.225573
v 0.016370 2.069588 -0.228000
v 0.009134 2.071588 -0.228927
v 0.009134 2.067588 -0.228927
v 0.010370 2.068352 -0.230427
v 0.010370 2.070824 -0.230427
v 0.009134 2.071588 -0.227073
v 0.009134 2.067588 -0.227073
v 0.010370 2.068352 -0.225573
v 0.010370 2.070824 -0.225573
v 0.008370 2.069588 -0.228000
f 4775 4812 4791
f 4812 4786 4815
f 4791 4815 4780
f 4812 4815 4791
f 4775 4791 4787
f 4791 4780 4792
f 4787 4792 4776
f 4791 4792 4787
f 4775 4787 4796
f 4787 4776 4797
f 4796 4797 4782
f 4787 4797 4796
f 4775 4796 4808
f 4796 4782 4811
f 4808 4811 4785
f 4796 4811 4808
f 4775 4808 4812
f 4808 4785 4816
f 4812 4816 4786
f 4808 4816 4812
f 4776 4792 4803
f 4792 4780 4806
f 4803 4806 4784
f 4792 4806 4803
f 4780 4815 4793
f 4815 4786 4814
f 4793 4814 4779
f 4815 4814 4793
f 4786 4816 4813
f 4816 4785 4809
f 4813 4809 4777
f 4816 4809 4813
f 4785 4811 4810
f 4811 4782 4798
f 4810 4798 4781
f 4811 4798 4810
f 4782 4797 4802
f 4797 4776 4799
f 4802 4799 4783
f 4797 4799 4802
f 4778 4804 4790
f 4804 4784 4805
f 4790 4805 4779
f 4804 4805 4790
f 4778 4790 4788
f 4790 4779 4789
f 4788 4789 4777
f 4790 4789 4788
f 4778 4788 4795
f 4788 4777 4794
f 4795 4794 4781
f 4788 4794 4795
f 4778 4795 4800
f 4795 4781 4801
f 4800 4801 4783
f 4795 4801 4800
f 4778 4800 4804
f 4800 4783 4807
f 4804 4807 4784
f 4800 4807 4804
f 4779 4805 4793
f 4805 4784 4806
f 4793 4806 4780
f 4805 4806 4793
f 4777 4789 4813
f 4789 4779 4814
f 4813 4814 4786
f 4789 4814 4813
f 4781 4794 4810
f 4794 4777 4809
f 4810 4809 4785
f 4794 4809 4810
f 4783 4801 4802
f 4801 4781 4798
f 4802 4798 4782
f 4801 4798 4802
f 4784 4807 4803
f 4807 4783 4799
f 4803 4799 4776
f 4807 4799 4803
o Headband_010
usemtl MetalDark
v 0.008210 2.076700 -0.228000
v 0.012416 2.076700 -0.228000
v 0.008210 2.069895 -0.228000
v 0.012416 2.069895 -0.228000
v 0.010313 2.071194 -0.225448
v 0.010313 2.075400 -0.225448
v 0.010313 2.071194 -0.230552
v 0.010313 2.075400 -0.230552
v 0.013715 2.073297 -0.229577
v 0.013715 2.073297 -0.226423
v 0.006910 2.073297 -0.229577
v 0.006910 2.073297 -0.226423
v 0.010313 2.077297 -0.228000
v 0.010313 2.069297 -0.228000
v 0.009077 2.070061 -0.226500
v 0.011549 2.070061 -0.226500
v 0.009077 2.076533 -0.226500
v 0.011549 2.076533 -0.226500
v 0.010313 2.073297 -0.225000
v 0.009077 2.070061 -0.229500
v 0.011549 2.070061 -0.229500
v 0.009077 2.076533 -0.229500
v 0.011549 2.076533 -0.229500
v 0.010313 2.073297 -0.231000
v 0.013549 2.075297 -0.228927
v 0.013549 2.071297 -0.228927
v 0.012313 2.072061 -0.230427
v 0.012313 2.074533 -0.230427
v 0.013549 2.075297 -0.227073
v 0.013549 2.071297 -0.227073
v 0.012313 2.072061 -0.225573
v 0.012313 2.074533 -0.225573
v 0.014313 2.073297 -0.228000
v 0.007077 2.075297 -0.228927
v 0.007077 2.071297 -0.228927
v 0.008313 2.072061 -0.230427
v 0.008313 2.074533 -0.230427
v 0.007077 2.075297 -0.227073
v 0.007077 2.071297 -0.227073
v 0.008313 2.072061 -0.225573
v 0.008313 2.074533 -0.225573
v 0.006313 2.073297 -0.228000
f 4817 4854 4833
f 4854 4828 4857
f 4833 4857 4822
f 4854 4857 4833
f 4817 4833 4829
f 4833 4822 4834
f 4829 4834 4818
f 4833 4834 4829
f 4817 4829 4838
f 4829 4818 4839
f 4838 4839 4824
f 4829 4839 4838
f 4817 4838 4850
f 4838 4824 4853
f 4850 4853 4827
f 4838 4853 4850
f 4817 4850 4854
f 4850 4827 4858
f 4854 4858 4828
f 4850 4858 4854
f 4818 4834 4845
f 4834 4822 4848
f 4845 4848 4826
f 4834 4848 4845
f 4822 4857 4835
f 4857 4828 4856
f 4835 4856 4821
f 4857 4856 4835
f 4828 4858 4855
f 4858 4827 4851
f 4855 4851 4819
f 4858 4851 4855
f 4827 4853 4852
f 4853 4824 4840
f 4852 4840 4823
f 4853 4840 4852
f 4824 4839 4844
f 4839 4818 4841
f 4844 4841 4825
f 4839 4841 4844
f 4820 4846 4832
f 4846 4826 4847
f 4832 4847 4821
f 4846 4847 4832
f 4820 4832 4830
f 4832 4821 4831
f 4830 4831 4819
f 4832 4831 4830
f 4820 4830 4837
f 4830 4819 4836
f 4837 4836 4823
f 4830 4836 4837
f 4820 4837 4842
f 4837 4823 4843
f 4842 4843 4825
f 4837 4843 4842
f 4820 4842 4846
f 4842 4825 4849
f 4846 4849 4826
f 4842 4849 4846
f 4821 4847 4835
f 4847 4826 4848
f 4835 4848 4822
f 4847 4848 4835
f 4819 4831 4855
f 4831 4821 4856
f 4855 4856 4828
f 4831 4856 4855
f 4823 4836 4852
f 4836 4819 4851
f 4852 4851 4827
f 4836 4851 4852
f 4825 4843 4844
f 4843 4823 4840
f 4844 4840 4824
f 4843 4840 4844
f 4826 4849 4845
f 4849 4825 4841
f 4845 4841 4818
f 4849 4841 4845
o Headband_011
usemtl MetalDark
v 0.005194 2.080119 -0.228000
v 0.009400 2.080119 -0.228000
v 0.005194 2.073314 -0.228000
v 0.009400 2.073314 -0.228000
v 0.007297 2.074614 -0.225448
v 0.007297 2.078820 -0.225448
v 0.007297 2.074614 -0.230552
v 0.007297 2.078820 -0.230552
v 0.010699 2.076717 -0.229577
v 0.010699 2.076717 -0.226423
v 0.003894 2.076717 -0.229577
v 0.003894 2.076717 -0.226423
v 0.007297 2.080717 -0.228000
v 0.007297 2.072717 -0.228000
v 0.006061 2.073481 -0.226500
v 0.008533 2.073481 -0.226500
v 0.006061 2.079953 -0.226500
v 0.008533 2.079953 -0.226500
v 0.007297 2.076717 -0.225000
v 0.006061 2.073481 -0.229500
v 0.008533 2.073481 -0.229500
v 0.006061 2.079953 -0.229500
v 0.008533 2.079953 -0.229500
v 0.007297 2.076717 -0.231000
v 0.010533 2.078717 -0.228927
v 0.010533 2.074717 -0.228927
v 0.009297 2.075481 -0.230427
v 0.009297 2.077953 -0.230427
v 0.010533 2.078717 -0.227073
v 0.010533 2.074717 -0.227073
v 0.009297 2.075481 -0.225573
v 0.009297 2.077953 -0.225573
v 0.011297 2.076717 -0.228000
v 0.004061 2.078717 -0.228927
v 0.004061 2.074717 -0.228927
v 0.005297 2.075481 -0.230427
v 0.005297 2.077953 -0.230427
v 0.004061 2.078717 -0.227073
v 0.004061 2.074717 -0.227073
v 0.005297 2.075481 -0.225573
v 0.005297 2.077953 -0.225573
v 0.003297 2.076717 -0.228000
f 4859 4896 4875
f 4896 4870 4899
f 4875 4899 4864
f 4896 4899 4875
f 4859 4875 4871
f 4875 4864 4876
f 4871 4876 4860
f 4875 4876 4871
f 4859 4871 4880
f 4871 4860 4881
f 4880 4881 4866
f 4871 4881 4880
f 4859 4880 4892
f 4880 4866 4895
f 4892 4895 4869
f 4880 4895 4892
f 4859 4892 4896
f 4892 4869 4900
f 4896 4900 4870
f 4892 4900 4896
f 4860 4876 4887
f 4876 4864 4890
f 4887 4890 4868
f 4876 4890 4887
f 4864 4899 4877
f 4899 4870 4898
f 4877 4898 4863
f 4899 4898 4877
f 4870 4900 4897
f 4900 4869 4893
f 4897 4893 4861
f 4900 4893 4897
f 4869 4895 4894
f 4895 4866 4882
f 4894 4882 4865
f 4895 4882 4894
f 4866 4881 4886
f 4881 4860 4883
f 4886 4883 4867
f 4881 4883 4886
f 4862 4888 4874
f 4888 4868 4889
f 4874 4889 4863
f 4888 4889 4874
f 4862 4874 4872
f 4874 4863 4873
f 4872 4873 4861
f 4874 4873 4872
f 4862 4872 4879
f 4872 4861 4878
f 4879 4878 4865
f 4872 4878 4879
f 4862 4879 4884
f 4879 4865 4885
f 4884 4885 4867
f 4879 4885 4884
f 4862 4884 4888
f 4884 4867 4891
f 4888 4891 4868
f 4884 4891 4888
f 4863 4889 4877
f 4889 4868 4890
f 4877 4890 4864
f 4889 4890 4877
f 4861 4873 4897
f 4873 4863 4898
f 4897 4898 4870
f 4873 4898 4897
f 4865 4878 4894
f 4878 4861 4893
f 4894 4893 4869
f 4878 4893 4894
f 4867 4885 4886
f 4885 4865 4882
f 4886 4882 4866
f 4885 4882 4886
f 4868 4891 4887
f 4891 4867 4883
f 4887 4883 4860
f 4891 4883 4887
o Headband_012
usemtl MetalDark
v 0.001267 2.083022 -0.228000
v 0.005473 2.083022 -0.228000
v 0.001267 2.076217 -0.228000
v 0.005473 2.076217 -0.228000
v 0.003370 2.077516 -0.225448
v 0.003370 2.081722 -0.225448
v 0.003370 2.077516 -0.230552
v 0.003370 2.081722 -0.230552
v 0.006773 2.079619 -0.229577
v 0.006773 2.079619 -0.226423
v -0.000032 2.079619 -0.229577
v -0.000032 2.079619 -0.226423
v 0.003370 2.083619 -0.228000
v 0.003370 2.075619 -0.228000
v 0.002134 2.076383 -0.226500
v 0.004606 2.076383 -0.226500
v 0.002134 2.082855 -0.226500
v 0.004606 2.082855 -0.226500
v 0.003370 2.079619 -0.225000
v 0.002134 2.076383 -0.229500
v 0.004606 2.076383 -0.229500
v 0.002134 2.082855 -0.229500
v 0.004606 2.082855 -0.229500
v 0.003370 2.079619 -0.231000
v 0.006606 2.081619 -0.228927
v 0.006606 2.077619 -0.228927
v 0.005370 2.078383 -0.230427
v 0.005370 2.080855 -0.230427
v 0.006606 2.081619 -0.227073
v 0.006606 2.077619 -0.227073
v 0.005370 2.078383 -0.225573
v 0.005370 2.080855 -0.225573
v 0.007370 2.079619 -0.228000
v 0.000134 2.081619 -0.228927
v 0.000134 2.077619 -0.228927
v 0.001370 2.078383 -0.230427
v 0.001370 2.080855 -0.230427
v 0.000134 2.081619 -0.227073
v 0.000134 2.077619 -0.227073
v 0.001370 2.078383 -0.225573
v 0.001370 2.080855 -0.225573
v -0.000630 2.079619 -0.228000
f 4901 4938 4917
f 4938 4912 4941
f 4917 4941 4906
f 4938 4941 4917
f 4901 4917 4913
f 4917 4906 4918
f 4913 4918 4902
f 4917 4918 4913
f 4901 4913 4922
f 4913 4902 4923
f 4922 4923 4908
f 4913 4923 4922
f 4901 4922 4934
f 4922 4908 4937
f 4934 4937 4911
f 4922 4937 4934
f 4901 4934 4938
f 4934 4911 4942
f 4938 4942 4912
f 4934 4942 4938
f 4902 4918 4929
f 4918 4906 4932
f 4929 4932 4910
f 4918 4932 4929
f 4906 4941 4919
f 4941 4912 4940
f 4919 4940 4905
f 4941 4940 4919
f 4912 4942 4939
f 4942 4911 4935
f 4939 4935 4903
f 4942 4935 4939
f 4911 4937 4936
f 4937 4908 4924
f 4936 4924 4907
f 4937 4924 4936
f 4908 4923 4928
f 4923 4902 4925
f 4928 4925 4909
f 4923 4925 4928
f 4904 4930 4916
f 4930 4910 4931
f 4916 4931 4905
f 4930 4931 4916
f 4904 4916 4914
f 4916 4905 4915
f 4914 4915 4903
f 4916 4915 4914
f 4904 4914 4921
f 4914 4903 4920
f 4921 4920 4907
f 4914 4920 4921
f 4904 4921 4926
f 4921 4907 4927
f 4926 4927 4909
f 4921 4927 4926
f 4904 4926 4930
f 4926 4909 4933
f 4930 4933 4910
f 4926 4933 4930
f 4905 4931 4919
f 4931 4910 4932
f 4919 4932 4906
f 4931 4932 4919
f 4903 4915 4939
f 4915 4905 4940
f 4939 4940 4912
f 4915 4940 4939
f 4907 4920 4936
f 4920 4903 4935
f 4936 4935 4911
f 4920 4935 4936
f 4909 4927 4928
f 4927 4907 4924
f 4928 4924 4908
f 4927 4924 4928
f 4910 4933 4929
f 4933 4909 4925
f 4929 4925 4902
f 4933 4925 4929
o Headband_013
usemtl MetalDark
v -0.003471 2.085189 -0.228000
v 0.000735 2.085189 -0.228000
v -0.003471 2.078384 -0.228000
v 0.000735 2.078384 -0.228000
v -0.001368 2.079683 -0.225448
v -0.001368 2.083889 -0.225448
v -0.001368 2.079683 -0.230552
v -0.001368 2.083889 -0.230552
v 0.002034 2.081786 -0.229577
v 0.002034 2.081786 -0.226423
v -0.004771 2.081786 -0.229577
v -0.004771 2.081786 -0.226423
v -0.001368 2.085786 -0.228000
v -0.001368 2.077786 -0.228000
v -0.002604 2.078550 -0.226500
v -0.000132 2.078550 -0.226500
v -0.002604 2.085022 -0.226500
v -0.000132 2.085022 -0.226500
v -0.001368 2.081786 -0.225000
v -0.002604 2.078550 -0.229500
v -0.000132 2.078550 -0.229500
v -0.002604 2.085022 -0.229500
v -0.000132 2.085022 -0.229500
v -0.001368 2.081786 -0.231000
v 0.001868 2.083786 -0.228927
v 0.001868 2.079786 -0.228927
v 0.000632 2.080550 -0.230427
v 0.000632 2.083022 -0.230427
v 0.001868 2.083786 -0.227073
v 0.001868 2.079786 -0.227073
v 0.000632 2.080550 -0.225573
v 0.000632 2.083022 -0.225573
v 0.002632 2.081786 -0.228000
v -0.004604 2.083786 -0.228927
v -0.004604 2.079786 -0.228927
v -0.003368 2.080550 -0.230427
v -0.003368 2.083022 -0.230427
v -0.004604 2.083786 -0.227073
v -0.004604 2.079786 -0.227073
v -0.003368 2.080550 -0.225573
v -0.003368 2.083022 -0.225573
v -0.005368 2.081786 -0.228000
f 4943 4980 4959
f 4980 4954 4983
f 4959 4983 4948
f 4980 4983 4959
f 4943 4959 4955
f 4959 4948 4960
f 4955 4960 4944
f 4959 4960 4955
f 4943 4955 4964
f 4955 4944 4965
f 4964 4965 4950
f 4955 4965 4964
f 4943 4964 4976
f 4964 4950 4979
f 4976 4979 4953
f 4964 4979 4976
f 4943 4976 4980
f 4976 4953 4984
f 4980 4984 4954
f 4976 4984 4980
f 4944 4960 4971
f 4960 4948 4974
f 4971 4974 4952
f 4960 4974 4971
f 4948 4983 4961
f 4983 4954 4982
f 4961 4982 4947
f 4983 4982 4961
f 4954 4984 4981
f 4984 4953 4977
f 4981 4977 4945
f 4984 4977 4981
f 4953 4979 4978
f 4979 4950 4966
f 4978 4966 4949
f 4979 4966 4978
f 4950 4965 4970
f 4965 4944 4967
f 4970 4967 4951
f 4965 4967 4970
f 4946 4972 4958
f 4972 4952 4973
f 4958 4973 4947
f 4972 4973 4958
f 4946 4958 4956
f 4958 4947 4957
f 4956 4957 4945
f 4958 4957 4956
f 4946 4956 4963
f 4956 4945 4962
f 4963 4962 4949
f 4956 4962 4963
f 4946 4963 4968
f 4963 4949 4969
f 4968 4969 4951
f 4963 4969 4968
f 4946 4968 4972
f 4968 4951 4975
f 4972 4975 4952
f 4968 4975 4972
f 4947 4973 4961
f 4973 4952 4974
f 4961 4974 4948
f 4973 4974 4961
f 4945 4957 4981
f 4957 4947 4982
f 4981 4982 4954
f 4957 4982 4981
f 4949 4962 4978
f 4962 4945 4977
f 4978 4977 4953
f 4962 4977 4978
f 4951 4969 4970
f 4969 4949 4966
f 4970 4966 4950
f 4969 4966 4970
f 4952 4975 4971
f 4975 4951 4967
f 4971 4967 4944
f 4975 4967 4971
o Headband_014
usemtl MetalDark
v -0.008874 2.086423 -0.228000
v -0.004668 2.086423 -0.228000
v -0.008874 2.079618 -0.228000
v -0.004668 2.079618 -0.228000
v -0.006771 2.080918 -0.225448
v -0.006771 2.085124 -0.225448
v -0.006771 2.080918 -0.230552
v -0.006771 2.085124 -0.230552
v -0.003368 2.083021 -0.229577
v -0.003368 2.083021 -0.226423
v -0.010173 2.083021 -0.229577
v -0.010173 2.083021 -0.226423
v -0.006771 2.087021 -0.228000
v -0.006771 2.079021 -0.228000
v -0.008007 2.079785 -0.226500
v -0.005535 2.079785 -0.226500
v -0.008007 2.086257 -0.226500
v -0.005535 2.086257 -0.226500
v -0.006771 2.083021 -0.225000
v -0.008007 2.079785 -0.229500
v -0.005535 2.079785 -0.229500
v -0.008007 2.086257 -0.229500
v -0.005535 2.086257 -0.229500
v -0.006771 2.083021 -0.231000
v -0.003535 2.085021 -0.228927
v -0.003535 2.081021 -0.228927
v -0.004771 2.081785 -0.230427
v -0.004771 2.084257 -0.230427
v -0.003535 2.085021 -0.227073
v -0.003535 2.081021 -0.227073
v -0.004771 2.081785 -0.225573
v -0.004771 2.084257 -0.225573
v -0.002771 2.083021 -0.228000
v -0.010007 2.085021 -0.228927
v -0.010007 2.081021 -0.228927
v -0.008771 2.081785 -0.230427
v -0.008771 2.084257 -0.230427
v -0.010007 2.085021 -0.227073
v -0.010007 2.081021 -0.227073
v -0.008771 2.081785 -0.225573
v -0.008771 2.084257 -0.225573
v -0.010771 2.083021 -0.228000
f 4985 5022 5001
f 5022 4996 5025
f 5001 5025 4990
f 5022 5025 5001
f 4985 5001 4997
f 5001 4990 5002
f 4997 5002 4986
f 5001 5002 4997
f 4985 4997 5006
f 4997 4986 5007
f 5006 5007 4992
f 4997 5007 5006
f 4985 5006 5018
f 5006 4992 5021
f 5018 5021 4995
f 5006 5021 5018
f 4985 5018 5022
f 5018 4995 5026
f 5022 5026 4996
f 5018 5026 5022
f 4986 5002 5013
f 5002 4990 5016
f 5013 5016 4994
f 5002 5016 5013
f 4990 5025 5003
f 5025 4996 5024
f 5003 5024 4989
f 5025 5024 5003
f 4996 5026 5023
f 5026 4995 5019
f 5023 5019 4987
f 5026 5019 5023
f 4995 5021 5020
f 5021 4992 5008
f 5020 5008 4991
f 5021 5008 5020
f 4992 5007 5012
f 5007 4986 5009
f 5012 5009 4993
f 5007 5009 5012
f 4988 5014 5000
f 5014 4994 5015
f 5000 5015 4989
f 5014 5015 5000
f 4988 5000 4998
f 5000 4989 4999
f 4998 4999 4987
f 5000 4999 4998
f 4988 4998 5005
f 4998 4987 5004
f 5005 5004 4991
f 4998 5004 5005
f 4988 5005 5010
f 5005 4991 5011
f 5010 5011 4993
f 5005 5011 5010
f 4988 5010 5014
f 5010 4993 5017
f 5014 5017 4994
f 5010 5017 5014
f 4989 5015 5003
f 5015 4994 5016
f 5003 5016 4990
f 5015 5016 5003
f 4987 4999 5023
f 4999 4989 5024
f 5023 5024 4996
f 4999 5024 5023
f 4991 5004 5020
f 5004 4987 5019
f 5020 5019 4995
f 5004 5019 5020
f 4993 5011 5012
f 5011 4991 5008
f 5012 5008 4992
f 5011 5008 5012
f 4994 5017 5013
f 5017 4993 5009
f 5013 5009 4986
f 5017 5009 5013
o Headband_015
usemtl MetalDark
v -0.014748 2.086559 -0.228000
v -0.010542 2.086559 -0.228000
v -0.014748 2.079754 -0.228000
v -0.010542 2.079754 -0.228000
v -0.012645 2.081053 -0.225448
v -0.012645 2.085259 -0.225448
v -0.012645 2.081053 -0.230552
v -0.012645 2.085259 -0.230552
v -0.009242 2.083156 -0.229577
v -0.009242 2.083156 -0.226423
v -0.016047 2.083156 -0.229577
v -0.016047 2.083156 -0.226423
v -0.012645 2.087156 -0.228000
v -0.012645 2.079156 -0.228000
v -0.013881 2.079920 -0.226500
v -0.011409 2.079920 -0.226500
v -0.013881 2.086392 -0.226500
v -0.011409 2.086392 -0.226500
v -0.012645 2.083156 -0.225000
v -0.013881 2.079920 -0.229500
v -0.011409 2.079920 -0.229500
v -0.013881 2.086392 -0.229500
v -0.011409 2.086392 -0.229500
v -0.012645 2.083156 -0.231000
v -0.009409 2.085156 -0.228927
v -0.009409 2.081156 -0.228927
v -0.010645 2.081920 -0.230427
v -0.010645 2.084392 -0.230427
v -0.009409 2.085156 -0.227073
v -0.009409 2.081156 -0.227073
v -0.010645 2.081920 -0.225573
v -0.010645 2.084392 -0.225573
v -0.008645 2.083156 -0.228000
v -0.015881 2.085156 -0.228927
v -0.015881 2.081156 -0.228927
v -0.014645 2.081920 -0.230427
v -0.014645 2.084392 -0.230427
v -0.015881 2.085156 -0.227073
v -0.015881 2.081156 -0.227073
v -0.014645 2.081920 -0.225573
v -0.014645 2.084392 -0.225573
v -0.016645 2.083156 -0.228000
f 5027 5064 5043
f 5064 5038 5067
f 5043 5067 5032
f 5064 5067 5043
f 5027 5043 5039
f 5043 5032 5044
f 5039 5044 5028
f 5043 5044 5039
f 5027 5039 5048
f 5039 5028 5049
f 5048 5049 5034
f 5039 5049 5048
f 5027 5048 5060
f 5048 5034 5063
f 5060 5063 5037
f 5048 5063 5060
f 5027 5060 5064
f 5060 5037 5068
f 5064 5068 5038
f 5060 5068 5064
f 5028 5044 5055
f 5044 5032 5058
f 5055 5058 5036
f 5044 5058 5055
f 5032 5067 5045
f 5067 5038 5066
f 5045 5066 5031
f 5067 5066 5045
f 5038 5068 5065
f 5068 5037 5061
f 5065 5061 5029
f 5068 5061 5065
f 5037 5063 5062
f 5063 5034 5050
f 5062 5050 5033
f 5063 5050 5062
f 5034 5049 5054
f 5049 5028 5051
f 5054 5051 5035
f 5049 5051 5054
f 5030 5056 5042
f 5056 5036 5057
f 5042 5057 5031
f 5056 5057 5042
f 5030 5042 5040
f 5042 5031 5041
f 5040 5041 5029
f 5042 5041 5040
f 5030 5040 5047
f 5040 5029 5046
f 5047 5046 5033
f 5040 5046 5047
f 5030 5047 5052
f 5047 5033 5053
f 5052 5053 5035
f 5047 5053 5052
f 5030 5052 5056
f 5052 5035 5059
f 5056 5059 5036
f 5052 5059 5056
f 5031 5057 5045
f 5057 5036 5058
f 5045 5058 5032
f 5057 5058 5045
f 5029 5041 5065
f 5041 5031 5066
f 5065 5066 5038
f 5041 5066 5065
f 5033 5046 5062
f 5046 5029 5061
f 5062 5061 5037
f 5046 5061 5062
f 5035 5053 5054
f 5053 5033 5050
f 5054 5050 5034
f 5053 5050 5054
f 5036 5059 5055
f 5059 5035 5051
f 5055 5051 5028
f 5059 5051 5055
o Headband_016
usemtl MetalDark
v -0.020863 2.085470 -0.228000
v -0.016657 2.085470 -0.228000
v -0.020863 2.078665 -0.228000
v -0.016657 2.078665 -0.228000
v -0.018760 2.079965 -0.225448
v -0.018760 2.084170 -0.225448
v -0.018760 2.079965 -0.230552
v -0.018760 2.084170 -0.230552
v -0.015358 2.082068 -0.229577
v -0.015358 2.082068 -0.226423
v -0.022163 2.082068 -0.229577
v -0.022163 2.082068 -0.226423
v -0.018760 2.086068 -0.228000
v -0.018760 2.078068 -0.228000
v -0.019996 2.078831 -0.226500
v -0.017524 2.078831 -0.226500
v -0.019996 2.085304 -0.226500
v -0.017524 2.085304 -0.226500
v -0.018760 2.082068 -0.225000
v -0.019996 2.078831 -0.229500
v -0.017524 2.078831 -0.229500
v -0.019996 2.085304 -0.229500
v -0.017524 2.085304 -0.229500
v -0.018760 2.082068 -0.231000
v -0.015524 2.084068 -0.228927
v -0.015524 2.080068 -0.228927
v -0.016760 2.080831 -0.230427
v -0.016760 2.083304 -0.230427
v -0.015524 2.084068 -0.227073
v -0.015524 2.080068 -0.227073
v -0.016760 2.080831 -0.225573
v -0.016760 2.083304 -0.225573
v -0.014760 2.082068 -0.228000
v -0.021996 2.084068 -0.228927
v -0.021996 2.080068 -0.228927
v -0.020760 2.080831 -0.230427
v -0.020760 2.083304 -0.230427
v -0.021996 2.084068 -0.227073
v -0.021996 2.080068 -0.227073
v -0.020760 2.080831 -0.225573
v -0.020760 2.083304 -0.225573
v -0.022760 2.082068 -0.228000
f 5069 5106 5085
f 5106 5080 5109
f 5085 5109 5074
f 5106 5109 5085
f 5069 5085 5081
f 5085 5074 5086
f 5081 5086 5070
f 5085 5086 5081
f 5069 5081 5090
f 5081 5070 5091
f 5090 5091 5076
f 5081 5091 5090
f 5069 5090 5102
f 5090 5076 5105
f 5102 5105 5079
f 5090 5105 5102
f 5069 5102 5106
f 5102 5079 5110
f 5106 5110 5080
f 5102 5110 5106
f 5070 5086 5097
f 5086 5074 5100
f 5097 5100 5078
f 5086 5100 5097
f 5074 5109 5087
f 5109 5080 5108
f 5087 5108 5073
f 5109 5108 5087
f 5080 5110 5107
f 5110 5079 5103
f 5107 5103 5071
f 5110 5103 5107
f 5079 5105 5104
f 5105 5076 5092
f 5104 5092 5075
f 5105 5092 5104
f 5076 5091 5096
f 5091 5070 5093
f 5096 5093 5077
f 5091 5093 5096
f 5072 5098 5084
f 5098 5078 5099
f 5084 5099 5073
f 5098 5099 5084
f 5072 5084 5082
f 5084 5073 5083
f 5082 5083 5071
f 5084 5083 5082
f 5072 5082 5089
f 5082 5071 5088
f 5089 5088 5075
f 5082 5088 5089
f 5072 5089 5094
f 5089 5075 5095
f 5094 5095 5077
f 5089 5095 5094
f 5072 5094 5098
f 5094 5077 5101
f 5098 5101 5078
f 5094 5101 5098
f 5073 5099 5087
f 5099 5078 5100
f 5087 5100 5074
f 5099 5100 5087
f 5071 5083 5107
f 5083 5073 5108
f 5107 5108 5080
f 5083 5108 5107
f 5075 5088 5104
f 5088 5071 5103
f 5104 5103 5079
f 5088 5103 5104
f 5077 5095 5096
f 5095 5075 5092
f 5096 5092 5076
f 5095 5092 5096
f 5078 5101 5097
f 5101 5077 5093
f 5097 5093 5070
f 5101 5093 5097
o Headband_017
usemtl MetalDark
v -0.026962 2.083081 -0.228000
v -0.022757 2.083081 -0.228000
v -0.026962 2.076275 -0.228000
v -0.022757 2.076275 -0.228000
v -0.024859 2.077575 -0.225448
v -0.024859 2.081781 -0.225448
v -0.024859 2.077575 -0.230552
v -0.024859 2.081781 -0.230552
v -0.021457 2.079678 -0.229577
v -0.021457 2.079678 -0.226423
v -0.028262 2.079678 -0.229577
v -0.028262 2.079678 -0.226423
v -0.024859 2.083678 -0.228000
v -0.024859 2.075678 -0.228000
v -0.026096 2.076442 -0.226500
v -0.023623 2.076442 -0.226500
v -0.026096 2.082914 -0.226500
v -0.023623 2.082914 -0.226500
v -0.024859 2.079678 -0.225000
v -0.026096 2.076442 -0.229500
v -0.023623 2.076442 -0.229500
v -0.026096 2.082914 -0.229500
v -0.023623 2.082914 -0.229500
v -0.024859 2.079678 -0.231000
v -0.021623 2.081678 -0.228927
v -0.021623 2.077678 -0.228927
v -0.022859 2.078442 -0.230427
v -0.022859 2.080914 -0.230427
v -0.021623 2.081678 -0.227073
v -0.021623 2.077678 -0.227073
v -0.022859 2.078442 -0.225573
v -0.022859 2.080914 -0.225573
v -0.020859 2.079678 -0.228000
v -0.028096 2.081678 -0.228927
v -0.028096 2.077678 -0.228927
v -0.026859 2.078442 -0.230427
v -0.026859 2.080914 -0.230427
v -0.028096 2.081678 -0.227073
v -0.028096 2.077678 -0.227073
v -0.026859 2.078442 -0.225573
v -0.026859 2.080914 -0.225573
v -0.028859 2.079678 -0.228000
f 5111 5148 5127
f 5148 5122 5151
f 5127 5151 5116
f 5148 5151 5127
f 5111 5127 5123
f 5127 5116 5128
f 5123 5128 5112
f 5127 5128 5123
f 5111 5123 5132
f 5123 5112 5133
f 5132 5133 5118
f 5123 5133 5132
f 5111 5132 5144
f 5132 5118 5147
f 5144 5147 5121
f 5132 5147 5144
f 5111 5144 5148
f 5144 5121 5152
f 5148 5152 5122
f 5144 5152 5148
f 5112 5128 5139
f 5128 5116 5142
f 5139 5142 5120
f 5128 5142 5139
f 5116 5151 5129
f 5151 5122 5150
f 5129 5150 5115
f 5151 5150 5129
f 5122 5152 5149
f 5152 5121 5145
f 5149 5145 5113
f 5152 5145 5149
f 5121 5147 5146
f 5147 5118 5134
f 5146 5134 5117
f 5147 5134 5146
f 5118 5133 5138
f 5133 5112 5135
f 5138 5135 5119
f 5133 5135 5138
f 5114 5140 5126
f 5140 5120 5141
f 5126 5141 5115
f 5140 5141 5126
f 5114 5126 5124
f 5126 5115 5125
f 5124 5125 5113
f 5126 5125 5124
f 5114 5124 5131
f 5124 5113 5130
f 5131 5130 5117
f 5124 5130 5131
f 5114 5131 5136
f 5131 5117 5137
f 5136 5137 5119
f 5131 5137 5136
f 5114 5136 5140
f 5136 5119 5143
f 5140 5143 5120
f 5136 5143 5140
f 5115 5141 5129
f 5141 5120 5142
f 5129 5142 5116
f 5141 5142 5129
f 5113 5125 5149
f 5125 5115 5150
f 5149 5150 5122
f 5125 5150 5149
f 5117 5130 5146
f 5130 5113 5145
f 5146 5145 5121
f 5130 5145 5146
f 5119 5137 5138
f 5137 5117 5134
f 5138 5134 5118
f 5137 5134 5138
f 5120 5143 5139
f 5143 5119 5135
f 5139 5135 5112
f 5143 5135 5139
o Headband_018
usemtl MetalDark
v -0.032767 2.079368 -0.228000
v -0.028562 2.079368 -0.228000
v -0.032767 2.072563 -0.228000
v -0.028562 2.072563 -0.228000
v -0.030665 2.073863 -0.225448
v -0.030665 2.078068 -0.225448
v -0.030665 2.073863 -0.230552
v -0.030665 2.078068 -0.230552
v -0.027262 2.075966 -0.229577
v -0.027262 2.075966 -0.226423
v -0.034067 2.075966 -0.229577
v -0.034067 2.075966 -0.226423
v -0.030665 2.079966 -0.228000
v -0.030665 2.071966 -0.228000
v -0.031901 2.072729 -0.226500
v -0.029428 2.072729 -0.226500
v -0.031901 2.079202 -0.226500
v -0.029428 2.079202 -0.226500
v -0.030665 2.075966 -0.225000
v -0.031901 2.072729 -0.229500
v -0.029428 2.072729 -0.229500
v -0.031901 2.079202 -0.229500
v -0.029428 2.079202 -0.229500
v -0.030665 2.075966 -0.231000
v -0.027428 2.077966 -0.228927
v -0.027428 2.073966 -0.228927
v -0.028665 2.074729 -0.230427
v -0.028665 2.077202 -0.230427
v -0.027428 2.077966 -0.227073
v -0.027428 2.073966 -0.227073
v -0.028665 2.074729 -0.225573
v -0.028665 2.077202 -0.225573
v -0.026665 2.075966 -0.228000
v -0.033901 2.077966 -0.228927
v -0.033901 2.073966 -0.228927
v -0.032665 2.074729 -0.230427
v -0.032665 2.077202 -0.230427
v -0.033901 2.077966 -0.227073
v -0.033901 2.073966 -0.227073
v -0.032665 2.074729 -0.225573
v -0.032665 2.077202 -0.225573
v -0.034665 2.075966 -0.228000
f 5153 5190 5169
f 5190 5164 5193
f 5169 5193 5158
f 5190 5193 5169
f 5153 5169 5165
f 5169 5158 5170
f 5165 5170 5154
f 5169 5170 5165
f 5153 5165 5174
f 5165 5154 5175
f 5174 5175 5160
f 5165 5175 5174
f 5153 5174 5186
f 5174 5160 5189
f 5186 5189 5163
f 5174 5189 5186
f 5153 5186 5190
f 5186 5163 5194
f 5190 5194 5164
f 5186 5194 5190
f 5154 5170 5181
f 5170 5158 5184
f 5181 5184 5162
f 5170 5184 5181
f 5158 5193 5171
f 5193 5164 5192
f 5171 5192 5157
f 5193 5192 5171
f 5164 5194 5191
f 5194 5163 5187
f 5191 5187 5155
f 5194 5187 5191
f 5163 5189 5188
f 5189 5160 5176
f 5188 5176 5159
f 5189 5176 5188
f 5160 5175 5180
f 5175 5154 5177
f 5180 5177 5161
f 5175 5177 5180
f 5156 5182 5168
f 5182 5162 5183
f 5168 5183 5157
f 5182 5183 5168
f 5156 5168 5166
f 5168 5157 5167
f 5166 5167 5155
f 5168 5167 5166
f 5156 5166 5173
f 5166 5155 5172
f 5173 5172 5159
f 5166 5172 5173
f 5156 5173 5178
f 5173 5159 5179
f 5178 5179 5161
f 5173 5179 5178
f 5156 5178 5182
f 5178 5161 5185
f 5182 5185 5162
f 5178 5185 5182
f 5157 5183 5171
f 5183 5162 5184
f 5171 5184 5158
f 5183 5184 5171
f 5155 5167 5191
f 5167 5157 5192
f 5191 5192 5164
f 5167 5192 5191
f 5159 5172 5188
f 5172 5155 5187
f 5188 5187 5163
f 5172 5187 5188
f 5161 5179 5180
f 5179 5159 5176
f 5180 5176 5160
f 5179 5176 5180
f 5162 5185 5181
f 5185 5161 5177
f 5181 5177 5154
f 5185 5177 5181
o Headband_019
usemtl MetalDark
v -0.037995 2.074370 -0.228000
v -0.033789 2.074370 -0.228000
v -0.037995 2.067564 -0.228000
v -0.033789 2.067564 -0.228000
v -0.035892 2.068864 -0.225448
v -0.035892 2.073070 -0.225448
v -0.035892 2.068864 -0.230552
v -0.035892 2.073070 -0.230552
v -0.032489 2.070967 -0.229577
v -0.032489 2.070967 -0.226423
v -0.039294 2.070967 -0.229577
v -0.039294 2.070967 -0.226423
v -0.035892 2.074967 -0.228000
v -0.035892 2.066967 -0.228000
v -0.037128 2.067731 -0.226500
v -0.034656 2.067731 -0.226500
v -0.037128 2.074203 -0.226500
v -0.034656 2.074203 -0.226500
v -0.035892 2.070967 -0.225000
v -0.037128 2.067731 -0.229500
v -0.034656 2.067731 -0.229500
v -0.037128 2.074203 -0.229500
v -0.034656 2.074203 -0.229500
v -0.035892 2.070967 -0.231000
v -0.032656 2.072967 -0.228927
v -0.032656 2.068967 -0.228927
v -0.033892 2.069731 -0.230427
v -0.033892 2.072203 -0.230427
v -0.032656 2.072967 -0.227073
v -0.032656 2.068967 -0.227073
v -0.033892 2.069731 -0.225573
v -0.033892 2.072203 -0.225573
v -0.031892 2.070967 -0.228000
v -0.039128 2.072967 -0.228927
v -0.039128 2.068967 -0.228927
v -0.037892 2.069731 -0.230427
v -0.037892 2.072203 -0.230427
v -0.039128 2.072967 -0.227073
v -0.039128 2.068967 -0.227073
v -0.037892 2.069731 -0.225573
v -0.037892 2.072203 -0.225573
v -0.039892 2.070967 -0.228000
f 5195 5232 5211
f 5232 5206 5235
f 5211 5235 5200
f 5232 5235 5211
f 5195 5211 5207
f 5211 5200 5212
f 5207 5212 5196
f 5211 5212 5207
f 5195 5207 5216
f 5207 5196 5217
f 5216 5217 5202
f 5207 5217 5216
f 5195 5216 5228
f 5216 5202 5231
f 5228 5231 5205
f 5216 5231 5228
f 5195 5228 5232
f 5228 5205 5236
f 5232 5236 5206
f 5228 5236 5232
f 5196 5212 5223
f 5212 5200 5226
f 5223 5226 5204
f 5212 5226 5223
f 5200 5235 5213
f 5235 5206 5234
f 5213 5234 5199
f 5235 5234 5213
f 5206 5236 5233
f 5236 5205 5229
f 5233 5229 5197
f 5236 5229 5233
f 5205 5231 5230
f 5231 5202 5218
f 5230 5218 5201
f 5231 5218 5230
f 5202 5217 5222
f 5217 5196 5219
f 5222 5219 5203
f 5217 5219 5222
f 5198 5224 5210
f 5224 5204 5225
f 5210 5225 5199
f 5224 5225 5210
f 5198 5210 5208
f 5210 5199 5209
f 5208 5209 5197
f 5210 5209 5208
f 5198 5208 5215
f 5208 5197 5214
f 5215 5214 5201
f 5208 5214 5215
f 5198 5215 5220
f 5215 5201 5221
f 5220 5221 5203
f 5215 5221 5220
f 5198 5220 5224
f 5220 5203 5227
f 5224 5227 5204
f 5220 5227 5224
f 5199 5225 5213
f 5225 5204 5226
f 5213 5226 5200
f 5225 5226 5213
f 5197 5209 5233
f 5209 5199 5234
f 5233 5234 5206
f 5209 5234 5233
f 5201 5214 5230
f 5214 5197 5229
f 5230 5229 5205
f 5214 5229 5230
f 5203 5221 5222
f 5221 5201 5218
f 5222 5218 5202
f 5221 5218 5222
f 5204 5227 5223
f 5227 5203 5219
f 5223 5219 5196
f 5227 5219 5223
o Headband_020
usemtl MetalDark
v -0.042365 2.068182 -0.228000
v -0.038159 2.068182 -0.228000
v -0.042365 2.061377 -0.228000
v -0.038159 2.061377 -0.228000
v -0.040262 2.062676 -0.225448
v -0.040262 2.066882 -0.225448
v -0.040262 2.062676 -0.230552
v -0.040262 2.066882 -0.230552
v -0.036859 2.064779 -0.229577
v -0.036859 2.064779 -0.226423
v -0.043665 2.064779 -0.229577
v -0.043665 2.064779 -0.226423
v -0.040262 2.068779 -0.228000
v -0.040262 2.060779 -0.228000
v -0.041498 2.061543 -0.226500
v -0.039026 2.061543 -0.226500
v -0.041498 2.068015 -0.226500
v -0.039026 2.068015 -0.226500
v -0.040262 2.064779 -0.225000
v -0.041498 2.061543 -0.229500
v -0.039026 2.061543 -0.229500
v -0.041498 2.068015 -0.229500
v -0.039026 2.068015 -0.229500
v -0.040262 2.064779 -0.231000
v -0.037026 2.066779 -0.228927
v -0.037026 2.062779 -0.228927
v -0.038262 2.063543 -0.230427
v -0.038262 2.066015 -0.230427
v -0.037026 2.066779 -0.227073
v -0.037026 2.062779 -0.227073
v -0.038262 2.063543 -0.225573
v -0.038262 2.066015 -0.225573
v -0.036262 2.064779 -0.228000
v -0.043498 2.066779 -0.228927
v -0.043498 2.062779 -0.228927
v -0.042262 2.063543 -0.230427
v -0.042262 2.066015 -0.230427
v -0.043498 2.066779 -0.227073
v -0.043498 2.062779 -0.227073
v -0.042262 2.063543 -0.225573
v -0.042262 2.066015 -0.225573
v -0.044262 2.064779 -0.228000
f 5237 5274 5253
f 5274 5248 5277
f 5253 5277 5242
f 5274 5277 5253
f 5237 5253 5249
f 5253 5242 5254
f 5249 5254 5238
f 5253 5254 5249
f 5237 5249 5258
f 5249 5238 5259
f 5258 5259 5244
f 5249 5259 5258
f 5237 5258 5270
f 5258 5244 5273
f 5270 5273 5247
f 5258 5273 5270
f 5237 5270 5274
f 5270 5247 5278
f 5274 5278 5248
f 5270 5278 5274
f 5238 5254 5265
f 5254 5242 5268
f 5265 5268 5246
f 5254 5268 5265
f 5242 5277 5255
f 5277 5248 5276
f 5255 5276 5241
f 5277 5276 5255
f 5248 5278 5275
f 5278 5247 5271
f 5275 5271 5239
f 5278 5271 5275
f 5247 5273 5272
f 5273 5244 5260
f 5272 5260 5243
f 5273 5260 5272
f 5244 5259 5264
f 5259 5238 5261
f 5264 5261 5245
f 5259 5261 5264
f 5240 5266 5252
f 5266 5246 5267
f 5252 5267 5241
f 5266 5267 5252
f 5240 5252 5250
f 5252 5241 5251
f 5250 5251 5239
f 5252 5251 5250
f 5240 5250 5257
f 5250 5239 5256
f 5257 5256 5243
f 5250 5256 5257
f 5240 5257 5262
f 5257 5243 5263
f 5262 5263 5245
f 5257 5263 5262
f 5240 5262 5266
f 5262 5245 5269
f 5266 5269 5246
f 5262 5269 5266
f 5241 5267 5255
f 5267 5246 5268
f 5255 5268 5242
f 5267 5268 5255
f 5239 5251 5275
f 5251 5241 5276
f 5275 5276 5248
f 5251 5276 5275
f 5243 5256 5272
f 5256 5239 5271
f 5272 5271 5247
f 5256 5271 5272
f 5245 5263 5264
f 5263 5243 5260
f 5264 5260 5244
f 5263 5260 5264
f 5246 5269 5265
f 5269 5245 5261
f 5265 5261 5238
f 5269 5261 5265
o Headband_021
usemtl MetalDark
v -0.045618 2.060961 -0.228000
v -0.041412 2.060961 -0.228000
v -0.045618 2.054156 -0.228000
v -0.041412 2.054156 -0.228000
v -0.043515 2.055455 -0.225448
v -0.043515 2.059661 -0.225448
v -0.043515 2.055455 -0.230552
v -0.043515 2.059661 -0.230552
v -0.040112 2.057558 -0.229577
v -0.040112 2.057558 -0.226423
v -0.046917 2.057558 -0.229577
v -0.046917 2.057558 -0.226423
v -0.043515 2.061558 -0.228000
v -0.043515 2.053558 -0.228000
v -0.044751 2.054322 -0.226500
v -0.042279 2.054322 -0.226500
v -0.044751 2.060794 -0.226500
v -0.042279 2.060794 -0.226500
v -0.043515 2.057558 -0.225000
v -0.044751 2.054322 -0.229500
v -0.042279 2.054322 -0.229500
v -0.044751 2.060794 -0.229500
v -0.042279 2.060794 -0.229500
v -0.043515 2.057558 -0.231000
v -0.040279 2.059558 -0.228927
v -0.040279 2.055558 -0.228927
v -0.041515 2.056322 -0.230427
v -0.041515 2.058794 -0.230427
v -0.040279 2.059558 -0.227073
v -0.040279 2.055558 -0.227073
v -0.041515 2.056322 -0.225573
v -0.041515 2.058794 -0.225573
v -0.039515 2.057558 -0.228000
v -0.046751 2.059558 -0.228927
v -0.046751 2.055558 -0.228927
v -0.045515 2.056322 -0.230427
v -0.045515 2.058794 -0.230427
v -0.046751 2.059558 -0.227073
v -0.046751 2.055558 -0.227073
v -0.045515 2.056322 -0.225573
v -0.045515 2.058794 -0.225573
v -0.047515 2.057558 -0.228000
f 5279 5316 5295
f 5316 5290 5319
f 5295 5319 5284
f 5316 5319 5295
f 5279 5295 5291
f 5295 5284 5296
f 5291 5296 5280
f 5295 5296 5291
f 5279 5291 5300
f 5291 5280 5301
f 5300 5301 5286
f 5291 5301 5300
f 5279 5300 5312
f 5300 5286 5315
f 5312 5315 5289
f 5300 5315 5312
f 5279 5312 5316
f 5312 5289 5320
f 5316 5320 5290
f 5312 5320 5316
f 5280 5296 5307
f 5296 5284 5310
f 5307 5310 5288
f 5296 5310 5307
f 5284 5319 5297
f 5319 5290 5318
f 5297 5318 5283
f 5319 5318 5297
f 5290 5320 5317
f 5320 5289 5313
f 5317 5313 5281
f 5320 5313 5317
f 5289 5315 5314
f 5315 5286 5302
f 5314 5302 5285
f 5315 5302 5314
f 5286 5301 5306
f 5301 5280 5303
f 5306 5303 5287
f 5301 5303 5306
f 5282 5308 5294
f 5308 5288 5309
f 5294 5309 5283
f 5308 5309 5294
f 5282 5294 5292
f 5294 5283 5293
f 5292 5293 5281
f 5294 5293 5292
f 5282 5292 5299
f 5292 5281 5298
f 5299 5298 5285
f 5292 5298 5299
f 5282 5299 5304
f 5299 5285 5305
f 5304 5305 5287
f 5299 5305 5304
f 5282 5304 5308
f 5304 5287 5311
f 5308 5311 5288
f 5304 5311 5308
f 5283 5309 5297
f 5309 5288 5310
f 5297 5310 5284
f 5309 5310 5297
f 5281 5293 5317
f 5293 5283 5318
f 5317 5318 5290
f 5293 5318 5317
f 5285 5298 5314
f 5298 5281 5313
f 5314 5313 5289
f 5298 5313 5314
f 5287 5305 5306
f 5305 5285 5302
f 5306 5302 5286
f 5305 5302 5306
f 5288 5311 5307
f 5311 5287 5303
f 5307 5303 5280
f 5311 5303 5307
o Headband_022
usemtl MetalDark
v -0.047522 2.052919 -0.228000
v -0.043316 2.052919 -0.228000
v -0.047522 2.046113 -0.228000
v -0.043316 2.046113 -0.228000
v -0.045419 2.047413 -0.225448
v -0.045419 2.051619 -0.225448
v -0.045419 2.047413 -0.230552
v -0.045419 2.051619 -0.230552
v -0.042017 2.049516 -0.229577
v -0.042017 2.049516 -0.226423
v -0.048822 2.049516 -0.229577
v -0.048822 2.049516 -0.226423
v -0.045419 2.053516 -0.228000
v -0.045419 2.045516 -0.228000
v -0.046655 2.046280 -0.226500
v -0.044183 2.046280 -0.226500
v -0.046655 2.052752 -0.226500
v -0.044183 2.052752 -0.226500
v -0.045419 2.049516 -0.225000
v -0.046655 2.046280 -0.229500
v -0.044183 2.046280 -0.229500
v -0.046655 2.052752 -0.229500
v -0.044183 2.052752 -0.229500
v -0.045419 2.049516 -0.231000
v -0.042183 2.051516 -0.228927
v -0.042183 2.047516 -0.228927
v -0.043419 2.048280 -0.230427
v -0.043419 2.050752 -0.230427
v -0.042183 2.051516 -0.227073
v -0.042183 2.047516 -0.227073
v -0.043419 2.048280 -0.225573
v -0.043419 2.050752 -0.225573
v -0.041419 2.049516 -0.228000
v -0.048655 2.051516 -0.228927
v -0.048655 2.047516 -0.228927
v -0.047419 2.048280 -0.230427
v -0.047419 2.050752 -0.230427
v -0.048655 2.051516 -0.227073
v -0.048655 2.047516 -0.227073
v -0.047419 2.048280 -0.225573
v -0.047419 2.050752 -0.225573
v -0.049419 2.049516 -0.228000
f 5321 5358 5337
f 5358 5332 5361
f 5337 5361 5326
f 5358 5361 5337
f 5321 5337 5333
f 5337 5326 5338
f 5333 5338 5322
f 5337 5338 5333
f 5321 5333 5342
f 5333 5322 5343
f 5342 5343 5328
f 5333 5343 5342
f 5321 5342 5354
f 5342 5328 5357
f 5354 5357 5331
f 5342 5357 5354
f 5321 5354 5358
f 5354 5331 5362
f 5358 5362 5332
f 5354 5362 5358
f 5322 5338 5349
f 5338 5326 5352
f 5349 5352 5330
f 5338 5352 5349
f 5326 5361 5339
f 5361 5332 5360
f 5339 5360 5325
f 5361 5360 5339
f 5332 5362 5359
f 5362 5331 5355
f 5359 5355 5323
f 5362 5355 5359
f 5331 5357 5356
f 5357 5328 5344
f 5356 5344 5327
f 5357 5344 5356
f 5328 5343 5348
f 5343 5322 5345
f 5348 5345 5329
f 5343 5345 5348
f 5324 5350 5336
f 5350 5330 5351
f 5336 5351 5325
f 5350 5351 5336
f 5324 5336 5334
f 5336 5325 5335
f 5334 5335 5323
f 5336 5335 5334
f 5324 5334 5341
f 5334 5323 5340
f 5341 5340 5327
f 5334 5340 5341
f 5324 5341 5346
f 5341 5327 5347
f 5346 5347 5329
f 5341 5347 5346
f 5324 5346 5350
f 5346 5329 5353
f 5350 5353 5330
f 5346 5353 5350
f 5325 5351 5339
f 5351 5330 5352
f 5339 5352 5326
f 5351 5352 5339
f 5323 5335 5359
f 5335 5325 5360
f 5359 5360 5332
f 5335 5360 5359
f 5327 5340 5356
f 5340 5323 5355
f 5356 5355 5331
f 5340 5355 5356
f 5329 5347 5348
f 5347 5327 5344
f 5348 5344 5328
f 5347 5344 5348
f 5330 5353 5349
f 5353 5329 5345
f 5349 5345 5322
f 5353 5345 5349
o Headband_023
usemtl MetalDark
v -0.047889 2.044315 -0.228000
v -0.043683 2.044315 -0.228000
v -0.047889 2.037510 -0.228000
v -0.043683 2.037510 -0.228000
v -0.045786 2.038810 -0.225448
v -0.045786 2.043016 -0.225448
v -0.045786 2.038810 -0.230552
v -0.045786 2.043016 -0.230552
v -0.042384 2.040913 -0.229577
v -0.042384 2.040913 -0.226423
v -0.049189 2.040913 -0.229577
v -0.049189 2.040913 -0.226423
v -0.045786 2.044913 -0.228000
v -0.045786 2.036913 -0.228000
v -0.047022 2.037677 -0.226500
v -0.044550 2.037677 -0.226500
v -0.047022 2.044149 -0.226500
v -0.044550 2.044149 -0.226500
v -0.045786 2.040913 -0.225000
v -0.047022 2.037677 -0.229500
v -0.044550 2.037677 -0.229500
v -0.047022 2.044149 -0.229500
v -0.044550 2.044149 -0.229500
v -0.045786 2.040913 -0.231000
v -0.042550 2.042913 -0.228927
v -0.042550 2.038913 -0.228927
v -0.043786 2.039677 -0.230427
v -0.043786 2.042149 -0.230427
v -0.042550 2.042913 -0.227073
v -0.042550 2.038913 -0.227073
v -0.043786 2.039677 -0.225573
v -0.043786 2.042149 -0.225573
v -0.041786 2.040913 -0.228000
v -0.049022 2.042913 -0.228927
v -0.049022 2.038913 -0.228927
v -0.047786 2.039677 -0.230427
v -0.047786 2.042149 -0.230427
v -0.049022 2.042913 -0.227073
v -0.049022 2.038913 -0.227073
v -0.047786 2.039677 -0.225573
v -0.047786 2.042149 -0.225573
v -0.049786 2.040913 -0.228000
f 5363 5400 5379
f 5400 5374 5403
f 5379 5403 5368
f 5400 5403 5379
f 5363 5379 5375
f 5379 5368 5380
f 5375 5380 5364
f 5379 5380 5375
f 5363 5375 5384
f 5375 5364 5385
f 5384 5385 5370
f 5375 5385 5384
f 5363 5384 5396
f 5384 5370 5399
f 5396 5399 5373
f 5384 5399 5396
f 5363 5396 5400
f 5396 5373 5404
f 5400 5404 5374
f 5396 5404 5400
f 5364 5380 5391
f 5380 5368 5394
f 5391 5394 5372
f 5380 5394 5391
f 5368 5403 5381
f 5403 5374 5402
f 5381 5402 5367
f 5403 5402 5381
f 5374 5404 5401
f 5404 5373 5397
f 5401 5397 5365
f 5404 5397 5401
f 5373 5399 5398
f 5399 5370 5386
f 5398 5386 5369
f 5399 5386 5398
f 5370 5385 5390
f 5385 5364 5387
f 5390 5387 5371
f 5385 5387 5390
f 5366 5392 5378
f 5392 5372 5393
f 5378 5393 5367
f 5392 5393 5378
f 5366 5378 5376
f 5378 5367 5377
f 5376 5377 5365
f 5378 5377 5376
f 5366 5376 5383
f 5376 5365 5382
f 5383 5382 5369
f 5376 5382 5383
f 5366 5383 5388
f 5383 5369 5389
f 5388 5389 5371
f 5383 5389 5388
f 5366 5388 5392
f 5388 5371 5395
f 5392 5395 5372
f 5388 5395 5392
f 5367 5393 5381
f 5393 5372 5394
f 5381 5394 5368
f 5393 5394 5381
f 5365 5377 5401
f 5377 5367 5402
f 5401 5402 5374
f 5377 5402 5401
f 5369 5382 5398
f 5382 5365 5397
f 5398 5397 5373
f 5382 5397 5398
f 5371 5389 5390
f 5389 5369 5386
f 5390 5386 5370
f 5389 5386 5390
f 5372 5395 5391
f 5395 5371 5387
f 5391 5387 5364
f 5395 5387 5391
o Headband_024
usemtl MetalDark
v -0.046582 2.035454 -0.228000
v -0.042376 2.035454 -0.228000
v -0.046582 2.028648 -0.228000
v -0.042376 2.028648 -0.228000
v -0.044479 2.029948 -0.225448
v -0.044479 2.034154 -0.225448
v -0.044479 2.029948 -0.230552
v -0.044479 2.034154 -0.230552
v -0.041077 2.032051 -0.229577
v -0.041077 2.032051 -0.226423
v -0.047882 2.032051 -0.229577
v -0.047882 2.032051 -0.226423
v -0.044479 2.036051 -0.228000
v -0.044479 2.028051 -0.228000
v -0.045715 2.028815 -0.226500
v -0.043243 2.028815 -0.226500
v -0.045715 2.035287 -0.226500
v -0.043243 2.035287 -0.226500
v -0.044479 2.032051 -0.225000
v -0.045715 2.028815 -0.229500
v -0.043243 2.028815 -0.229500
v -0.045715 2.035287 -0.229500
v -0.043243 2.035287 -0.229500
v -0.044479 2.032051 -0.231000
v -0.041243 2.034051 -0.228927
v -0.041243 2.030051 -0.228927
v -0.042479 2.030815 -0.230427
v -0.042479 2.033287 -0.230427
v -0.041243 2.034051 -0.227073
v -0.041243 2.030051 -0.227073
v -0.042479 2.030815 -0.225573
v -0.042479 2.033287 -0.225573
v -0.040479 2.032051 -0.228000
v -0.047715 2.034051 -0.228927
v -0.047715 2.030051 -0.228927
v -0.046479 2.030815 -0.230427
v -0.046479 2.033287 -0.230427
v -0.047715 2.034051 -0.227073
v -0.047715 2.030051 -0.227073
v -0.046479 2.030815 -0.225573
v -0.046479 2.033287 -0.225573
v -0.048479 2.032051 -0.228000
f 5405 5442 5421
f 5442 5416 5445
f 5421 5445 5410
f 5442 5445 5421
f 5405 5421 5417
f 5421 5410 5422
f 5417 5422 5406
f 5421 5422 5417
f 5405 5417 5426
f 5417 5406 5427
f 5426 5427 5412
f 5417 5427 5426
f 5405 5426 5438
f 5426 5412 5441
f 5438 5441 5415
f 5426 5441 5438
f 5405 5438 5442
f 5438 5415 5446
f 5442 5446 5416
f 5438 5446 5442
f 5406 5422 5433
f 5422 5410 5436
f 5433 5436 5414
f 5422 5436 5433
f 5410 5445 5423
f 5445 5416 5444
f 5423 5444 5409
f 5445 5444 5423
f 5416 5446 5443
f 5446 5415 5439
f 5443 5439 5407
f 5446 5439 5443
f 5415 5441 5440
f 5441 5412 5428
f 5440 5428 5411
f 5441 5428 5440
f 5412 5427 5432
f 5427 5406 5429
f 5432 5429 5413
f 5427 5429 5432
f 5408 5434 5420
f 5434 5414 5435
f 5420 5435 5409
f 5434 5435 5420
f 5408 5420 5418
f 5420 5409 5419
f 5418 5419 5407
f 5420 5419 5418
f 5408 5418 5425
f 5418 5407 5424
f 5425 5424 5411
f 5418 5424 5425
f 5408 5425 5430
f 5425 5411 5431
f 5430 5431 5413
f 5425 5431 5430
f 5408 5430 5434
f 5430 5413 5437
f 5434 5437 5414
f 5430 5437 5434
f 5409 5435 5423
f 5435 5414 5436
f 5423 5436 5410
f 5435 5436 5423
f 5407 5419 5443
f 5419 5409 5444
f 5443 5444 5416
f 5419 5444 5443
f 5411 5424 5440
f 5424 5407 5439
f 5440 5439 5415
f 5424 5439 5440
f 5413 5431 5432
f 5431 5411 5428
f 5432 5428 5412
f 5431 5428 5432
f 5414 5437 5433
f 5437 5413 5429
f 5433 5429 5406
f 5437 5429 5433
o Headband_025
usemtl MetalDark
v -0.043524 2.026665 -0.228000
v -0.039318 2.026665 -0.228000
v -0.043524 2.019860 -0.228000
v -0.039318 2.019860 -0.228000
v -0.041421 2.021160 -0.225448
v -0.041421 2.025366 -0.225448
v -0.041421 2.021160 -0.230552
v -0.041421 2.025366 -0.230552
v -0.038019 2.023263 -0.229577
v -0.038019 2.023263 -0.226423
v -0.044824 2.023263 -0.229577
v -0.044824 2.023263 -0.226423
v -0.041421 2.027263 -0.228000
v -0.041421 2.019263 -0.228000
v -0.042657 2.020027 -0.226500
v -0.040185 2.020027 -0.226500
v -0.042657 2.026499 -0.226500
v -0.040185 2.026499 -0.226500
v -0.041421 2.023263 -0.225000
v -0.042657 2.020027 -0.229500
v -0.040185 2.020027 -0.229500
v -0.042657 2.026499 -0.229500
v -0.040185 2.026499 -0.229500
v -0.041421 2.023263 -0.231000
v -0.038185 2.025263 -0.228927
v -0.038185 2.021263 -0.228927
v -0.039421 2.022027 -0.230427
v -0.039421 2.024499 -0.230427
v -0.038185 2.025263 -0.227073
v -0.038185 2.021263 -0.227073
v -0.039421 2.022027 -0.225573
v -0.039421 2.024499 -0.225573
v -0.037421 2.023263 -0.228000
v -0.044657 2.025263 -0.228927
v -0.044657 2.021263 -0.228927
v -0.043421 2.022027 -0.230427
v -0.043421 2.024499 -0.230427
v -0.044657 2.025263 -0.227073
v -0.044657 2.021263 -0.227073
v -0.043421 2.022027 -0.225573
v -0.043421 2.024499 -0.225573
v -0.045421 2.023263 -0.228000
f 5447 5484 5463
f 5484 5458 5487
f 5463 5487 5452
f 5484 5487 5463
f 5447 5463 5459
f 5463 5452 5464
f 5459 5464 5448
f 5463 5464 5459
f 5447 5459 5468
f 5459 5448 5469
f 5468 5469 5454
f 5459 5469 5468
f 5447 5468 5480
f 5468 5454 5483
f 5480 5483 5457
f 5468 5483 5480
f 5447 5480 5484
f 5480 5457 5488
f 5484 5488 5458
f 5480 5488 5484
f 5448 5464 5475
f 5464 5452 5478
f 5475 5478 5456
f 5464 5478 5475
f 5452 5487 5465
f 5487 5458 5486
f 5465 5486 5451
f 5487 5486 5465
f 5458 5488 5485
f 5488 5457 5481
f 5485 5481 5449
f 5488 5481 5485
f 5457 5483 5482
f 5483 5454 5470
f 5482 5470 5453
f 5483 5470 5482
f 5454 5469 5474
f 5469 5448 5471
f 5474 5471 5455
f 5469 5471 5474
f 5450 5476 5462
f 5476 5456 5477
f 5462 5477 5451
f 5476 5477 5462
f 5450 5462 5460
f 5462 5451 5461
f 5460 5461 5449
f 5462 5461 5460
f 5450 5460 5467
f 5460 5449 5466
f 5467 5466 5453
f 5460 5466 5467
f 5450 5467 5472
f 5467 5453 5473
f 5472 5473 5455
f 5467 5473 5472
f 5450 5472 5476
f 5472 5455 5479
f 5476 5479 5456
f 5472 5479 5476
f 5451 5477 5465
f 5477 5456 5478
f 5465 5478 5452
f 5477 5478 5465
f 5449 5461 5485
f 5461 5451 5486
f 5485 5486 5458
f 5461 5486 5485
f 5453 5466 5482
f 5466 5449 5481
f 5482 5481 5457
f 5466 5481 5482
f 5455 5473 5474
f 5473 5453 5470
f 5474 5470 5454
f 5473 5470 5474
f 5456 5479 5475
f 5479 5455 5471
f 5475 5471 5448
f 5479 5471 5475
o Headband_026
usemtl MetalDark
v -0.038705 2.018301 -0.228000
v -0.034499 2.018301 -0.228000
v -0.038705 2.011495 -0.228000
v -0.034499 2.011495 -0.228000
v -0.036602 2.012795 -0.225448
v -0.036602 2.017001 -0.225448
v -0.036602 2.012795 -0.230552
v -0.036602 2.017001 -0.230552
v -0.033199 2.014898 -0.229577
v -0.033199 2.014898 -0.226423
v -0.040005 2.014898 -0.229577
v -0.040005 2.014898 -0.226423
v -0.036602 2.018898 -0.228000
v -0.036602 2.010898 -0.228000
v -0.037838 2.011662 -0.226500
v -0.035366 2.011662 -0.226500
v -0.037838 2.018134 -0.226500
v -0.035366 2.018134 -0.226500
v -0.036602 2.014898 -0.225000
v -0.037838 2.011662 -0.229500
v -0.035366 2.011662 -0.229500
v -0.037838 2.018134 -0.229500
v -0.035366 2.018134 -0.229500
v -0.036602 2.014898 -0.231000
v -0.033366 2.016898 -0.228927
v -0.033366 2.012898 -0.228927
v -0.034602 2.013662 -0.230427
v -0.034602 2.016134 -0.230427
v -0.033366 2.016898 -0.227073
v -0.033366 2.012898 -0.227073
v -0.034602 2.013662 -0.225573
v -0.034602 2.016134 -0.225573
v -0.032602 2.014898 -0.228000
v -0.039838 2.016898 -0.228927
v -0.039838 2.012898 -0.228927
v -0.038602 2.013662 -0.230427
v -0.038602 2.016134 -0.230427
v -0.039838 2.016898 -0.227073
v -0.039838 2.012898 -0.227073
v -0.038602 2.013662 -0.225573
v -0.038602 2.016134 -0.225573
v -0.040602 2.014898 -0.228000
f 5489 5526 5505
f 5526 5500 5529
f 5505 5529 5494
f 5526 5529 5505
f 5489 5505 5501
f 5505 5494 5506
f 5501 5506 5490
f 5505 5506 5501
f 5489 5501 5510
f 5501 5490 5511
f 5510 5511 5496
f 5501 5511 5510
f 5489 5510 5522
f 5510 5496 5525
f 5522 5525 5499
f 5510 5525 5522
f 5489 5522 5526
f 5522 5499 5530
f 5526 5530 5500
f 5522 5530 5526
f 5490 5506 5517
f 5506 5494 5520
f 5517 5520 5498
f 5506 5520 5517
f 5494 5529 5507
f 5529 5500 5528
f 5507 5528 5493
f 5529 5528 5507
f 5500 5530 5527
f 5530 5499 5523
f 5527 5523 5491
f 5530 5523 5527
f 5499 5525 5524
f 5525 5496 5512
f 5524 5512 5495
f 5525 5512 5524
f 5496 5511 5516
f 5511 5490 5513
f 5516 5513 5497
f 5511 5513 5516
f 5492 5518 5504
f 5518 5498 5519
f 5504 5519 5493
f 5518 5519 5504
f 5492 5504 5502
f 5504 5493 5503
f 5502 5503 5491
f 5504 5503 5502
f 5492 5502 5509
f 5502 5491 5508
f 5509 5508 5495
f 5502 5508 5509
f 5492 5509 5514
f 5509 5495 5515
f 5514 5515 5497
f 5509 5515 5514
f 5492 5514 5518
f 5514 5497 5521
f 5518 5521 5498
f 5514 5521 5518
f 5493 5519 5507
f 5519 5498 5520
f 5507 5520 5494
f 5519 5520 5507
f 5491 5503 5527
f 5503 5493 5528
f 5527 5528 5500
f 5503 5528 5527
f 5495 5508 5524
f 5508 5491 5523
f 5524 5523 5499
f 5508 5523 5524
f 5497 5515 5516
f 5515 5495 5512
f 5516 5512 5496
f 5515 5512 5516
f 5498 5521 5517
f 5521 5497 5513
f 5517 5513 5490
f 5521 5513 5517
o Headband_027
usemtl MetalDark
v -0.032186 2.010715 -0.228000
v -0.027980 2.010715 -0.228000
v -0.032186 2.003910 -0.228000
v -0.027980 2.003910 -0.228000
v -0.030083 2.005210 -0.225448
v -0.030083 2.009415 -0.225448
v -0.030083 2.005210 -0.230552
v -0.030083 2.009415 -0.230552
v -0.026680 2.007313 -0.229577
v -0.026680 2.007313 -0.226423
v -0.033485 2.007313 -0.229577
v -0.033485 2.007313 -0.226423
v -0.030083 2.011313 -0.228000
v -0.030083 2.003313 -0.228000
v -0.031319 2.004076 -0.226500
v -0.028847 2.004076 -0.226500
v -0.031319 2.010549 -0.226500
v -0.028847 2.010549 -0.226500
v -0.030083 2.007313 -0.225000
v -0.031319 2.004076 -0.229500
v -0.028847 2.004076 -0.229500
v -0.031319 2.010549 -0.229500
v -0.028847 2.010549 -0.229500
v -0.030083 2.007313 -0.231000
v -0.026847 2.009313 -0.228927
v -0.026847 2.005313 -0.228927
v -0.028083 2.006076 -0.230427
v -0.028083 2.008549 -0.230427
v -0.026847 2.009313 -0.227073
v -0.026847 2.005313 -0.227073
v -0.028083 2.006076 -0.225573
v -0.028083 2.008549 -0.225573
v -0.026083 2.007313 -0.228000
v -0.033319 2.009313 -0.228927
v -0.033319 2.005313 -0.228927
v -0.032083 2.006076 -0.230427
v -0.032083 2.008549 -0.230427
v -0.033319 2.009313 -0.227073
v -0.033319 2.005313 -0.227073
v -0.032083 2.006076 -0.225573
v -0.032083 2.008549 -0.225573
v -0.034083 2.007313 -0.228000
f 5531 5568 5547
f 5568 5542 5571
f 5547 5571 5536
f 5568 5571 5547
f 5531 5547 5543
f 5547 5536 5548
f 5543 5548 5532
f 5547 5548 5543
f 5531 5543 5552
f 5543 5532 5553
f 5552 5553 5538
f 5543 5553 5552
f 5531 5552 5564
f 5552 5538 5567
f 5564 5567 5541
f 5552 5567 5564
f 5531 5564 5568
f 5564 5541 5572
f 5568 5572 5542
f 5564 5572 5568
f 5532 5548 5559
f 5548 5536 5562
f 5559 5562 5540
f 5548 5562 5559
f 5536 5571 5549
f 5571 5542 5570
f 5549 5570 5535
f 5571 5570 5549
f 5542 5572 5569
f 5572 5541 5565
f 5569 5565 5533
f 5572 5565 5569
f 5541 5567 5566
f 5567 5538 5554
f 5566 5554 5537
f 5567 5554 5566
f 5538 5553 5558
f 5553 5532 5555
f 5558 5555 5539
f 5553 5555 5558
f 5534 5560 5546
f 5560 5540 5561
f 5546 5561 5535
f 5560 5561 5546
f 5534 5546 5544
f 5546 5535 5545
f 5544 5545 5533
f 5546 5545 5544
f 5534 5544 5551
f 5544 5533 5550
f 5551 5550 5537
f 5544 5550 5551
f 5534 5551 5556
f 5551 5537 5557
f 5556 5557 5539
f 5551 5557 5556
f 5534 5556 5560
f 5556 5539 5563
f 5560 5563 5540
f 5556 5563 5560
f 5535 5561 5549
f 5561 5540 5562
f 5549 5562 5536
f 5561 5562 5549
f 5533 5545 5569
f 5545 5535 5570
f 5569 5570 5542
f 5545 5570 5569
f 5537 5550 5566
f 5550 5533 5565
f 5566 5565 5541
f 5550 5565 5566
f 5539 5557 5558
f 5557 5537 5554
f 5558 5554 5538
f 5557 5554 5558
f 5540 5563 5559
f 5563 5539 5555
f 5559 5555 5532
f 5563 5555 5559
o Headband_028
usemtl MetalDark
v -0.024098 2.004254 -0.228000
v -0.019893 2.004254 -0.228000
v -0.024098 1.997449 -0.228000
v -0.019893 1.997449 -0.228000
v -0.021995 1.998749 -0.225448
v -0.021995 2.002955 -0.225448
v -0.021995 1.998749 -0.230552
v -0.021995 2.002955 -0.230552
v -0.018593 2.000852 -0.229577
v -0.018593 2.000852 -0.226423
v -0.025398 2.000852 -0.229577
v -0.025398 2.000852 -0.226423
v -0.021995 2.004852 -0.228000
v -0.021995 1.996852 -0.228000
v -0.023232 1.997616 -0.226500
v -0.020759 1.997616 -0.226500
v -0.023232 2.004088 -0.226500
v -0.020759 2.004088 -0.226500
v -0.021995 2.000852 -0.225000
v -0.023232 1.997616 -0.229500
v -0.020759 1.997616 -0.229500
v -0.023232 2.004088 -0.229500
v -0.020759 2.004088 -0.229500
v -0.021995 2.000852 -0.231000
v -0.018759 2.002852 -0.228927
v -0.018759 1.998852 -0.228927
v -0.019995 1.999616 -0.230427
v -0.019995 2.002088 -0.230427
v -0.018759 2.002852 -0.227073
v -0.018759 1.998852 -0.227073
v -0.019995 1.999616 -0.225573
v -0.019995 2.002088 -0.225573
v -0.017995 2.000852 -0.228000
v -0.025232 2.002852 -0.228927
v -0.025232 1.998852 -0.228927
v -0.023995 1.999616 -0.230427
v -0.023995 2.002088 -0.230427
v -0.025232 2.002852 -0.227073
v -0.025232 1.998852 -0.227073
v -0.023995 1.999616 -0.225573
v -0.023995 2.002088 -0.225573
v -0.025995 2.000852 -0.228000
f 5573 5610 5589
f 5610 5584 5613
f 5589 5613 5578
f 5610 5613 5589
f 5573 5589 5585
f 5589 5578 5590
f 5585 5590 5574
f 5589 5590 5585
f 5573 5585 5594
f 5585 5574 5595
f 5594 5595 5580
f 5585 5595 5594
f 5573 5594 5606
f 5594 5580 5609
f 5606 5609 5583
f 5594 5609 5606
f 5573 5606 5610
f 5606 5583 5614
f 5610 5614 5584
f 5606 5614 5610
f 5574 5590 5601
f 5590 5578 5604
f 5601 5604 5582
f 5590 5604 5601
f 5578 5613 5591
f 5613 5584 5612
f 5591 5612 5577
f 5613 5612 5591
f 5584 5614 5611
f 5614 5583 5607
f 5611 5607 5575
f 5614 5607 5611
f 5583 5609 5608
f 5609 5580 5596
f 5608 5596 5579
f 5609 5596 5608
f 5580 5595 5600
f 5595 5574 5597
f 5600 5597 5581
f 5595 5597 5600
f 5576 5602 5588
f 5602 5582 5603
f 5588 5603 5577
f 5602 5603 5588
f 5576 5588 5586
f 5588 5577 5587
f 5586 5587 5575
f 5588 5587 5586
f 5576 5586 5593
f 5586 5575 5592
f 5593 5592 5579
f 5586 5592 5593
f 5576 5593 5598
f 5593 5579 5599
f 5598 5599 5581
f 5593 5599 5598
f 5576 5598 5602
f 5598 5581 5605
f 5602 5605 5582
f 5598 5605 5602
f 5577 5603 5591
f 5603 5582 5604
f 5591 5604 5578
f 5603 5604 5591
f 5575 5587 5611
f 5587 5577 5612
f 5611 5612 5584
f 5587 5612 5611
f 5579 5592 5608
f 5592 5575 5607
f 5608 5607 5583
f 5592 5607 5608
f 5581 5599 5600
f 5599 5579 5596
f 5600 5596 5580
f 5599 5596 5600
f 5582 5605 5601
f 5605 5581 5597
f 5601 5597 5574
f 5605 5597 5601
o Headband_029
usemtl MetalDark
v -0.014645 1.999240 -0.228000
v -0.010439 1.999240 -0.228000
v -0.014645 1.992434 -0.228000
v -0.010439 1.992434 -0.228000
v -0.012542 1.993734 -0.225448
v -0.012542 1.997940 -0.225448
v -0.012542 1.993734 -0.230552
v -0.012542 1.997940 -0.230552
v -0.009140 1.995837 -0.229577
v -0.009140 1.995837 -0.226423
v -0.015945 1.995837 -0.229577
v -0.015945 1.995837 -0.226423
v -0.012542 1.999837 -0.228000
v -0.012542 1.991837 -0.228000
v -0.013778 1.992601 -0.226500
v -0.011306 1.992601 -0.226500
v -0.013778 1.999073 -0.226500
v -0.011306 1.999073 -0.226500
v -0.012542 1.995837 -0.225000
v -0.013778 1.992601 -0.229500
v -0.011306 1.992601 -0.229500
v -0.013778 1.999073 -0.229500
v -0.011306 1.999073 -0.229500
v -0.012542 1.995837 -0.231000
v -0.009306 1.997837 -0.228927
v -0.009306 1.993837 -0.228927
v -0.010542 1.994601 -0.230427
v -0.010542 1.997073 -0.230427
v -0.009306 1.997837 -0.227073
v -0.009306 1.993837 -0.227073
v -0.010542 1.994601 -0.225573
v -0.010542 1.997073 -0.225573
v -0.008542 1.995837 -0.228000
v -0.015778 1.997837 -0.228927
v -0.015778 1.993837 -0.228927
v -0.014542 1.994601 -0.230427
v -0.014542 1.997073 -0.230427
v -0.015778 1.997837 -0.227073
v -0.015778 1.993837 -0.227073
v -0.014542 1.994601 -0.225573
v -0.014542 1.997073 -0.225573
v -0.016542 1.995837 -0.228000
f 5615 5652 5631
f 5652 5626 5655
f 5631 5655 5620
f 5652 5655 5631
f 5615 5631 5627
f 5631 5620 5632
f 5627 5632 5616
f 5631 5632 5627
f 5615 5627 5636
f 5627 5616 5637
f 5636 5637 5622
f 5627 5637 5636
f 5615 5636 5648
f 5636 5622 5651
f 5648 5651 5625
f 5636 5651 5648
f 5615 5648 5652
f 5648 5625 5656
f 5652 5656 5626
f 5648 5656 5652
f 5616 5632 5643
f 5632 5620 5646
f 5643 5646 5624
f 5632 5646 5643
f 5620 5655 5633
f 5655 5626 5654
f 5633 5654 5619
f 5655 5654 5633
f 5626 5656 5653
f 5656 5625 5649
f 5653 5649 5617
f 5656 5649 5653
f 5625 5651 5650
f 5651 5622 5638
f 5650 5638 5621
f 5651 5638 5650
f 5622 5637 5642
f 5637 5616 5639
f 5642 5639 5623
f 5637 5639 5642
f 5618 5644 5630
f 5644 5624 5645
f 5630 5645 5619
f 5644 5645 5630
f 5618 5630 5628
f 5630 5619 5629
f 5628 5629 5617
f 5630 5629 5628
f 5618 5628 5635
f 5628 5617 5634
f 5635 5634 5621
f 5628 5634 5635
f 5618 5635 5640
f 5635 5621 5641
f 5640 5641 5623
f 5635 5641 5640
f 5618 5640 5644
f 5640 5623 5647
f 5644 5647 5624
f 5640 5647 5644
f 5619 5645 5633
f 5645 5624 5646
f 5633 5646 5620
f 5645 5646 5633
f 5617 5629 5653
f 5629 5619 5654
f 5653 5654 5626
f 5629 5654 5653
f 5621 5634 5650
f 5634 5617 5649
f 5650 5649 5625
f 5634 5649 5650
f 5623 5641 5642
f 5641 5621 5638
f 5642 5638 5622
f 5641 5638 5642
f 5624 5647 5643
f 5647 5623 5639
f 5643 5639 5616
f 5647 5639 5643
o Hair_000
usemtl YellowLight
v 0.160000 2.118270 -0.010000
v 0.163637 2.119730 -0.058249
v 0.303475 2.255956 0.004982
v 0.136137 2.146534 -0.041224
v 0.126606 2.152055 -0.000687
v 0.142222 2.132135 0.032837
v 0.171225 2.101774 0.034104
v 0.191775 2.083835 0.002160
v 0.188398 2.091827 -0.038941
f 5658 5657 5660
f 5658 5660 5659
f 5660 5657 5661
f 5660 5661 5659
f 5661 5657 5662
f 5661 5662 5659
f 5662 5657 5663
f 5662 5663 5659
f 5663 5657 5664
f 5663 5664 5659
f 5664 5657 5665
f 5664 5665 5659
f 5665 5657 5658
f 5665 5658 5659
o Hair_001
usemtl Yellow
v 0.155351 2.120032 0.021111
v 0.163136 2.123304 -0.041689
v 0.300689 2.269348 0.046909
v 0.124974 2.156807 -0.020602
v 0.109685 2.162618 0.031895
v 0.128784 2.136361 0.076272
v 0.167888 2.097808 0.079112
v 0.197551 2.075991 0.038275
v 0.195436 2.087338 -0.015486
f 5667 5666 5669
f 5667 5669 5668
f 5669 5666 5670
f 5669 5670 5668
f 5670 5666 5671
f 5670 5671 5668
f 5671 5666 5672
f 5671 5672 5668
f 5672 5666 5673
f 5672 5673 5668
f 5673 5666 5674
f 5673 5674 5668
f 5674 5666 5667
f 5674 5667 5668
o Hair_002
usemtl Yellow
v 0.141673 2.137516 0.050414
v 0.158375 2.147173 0.005826
v 0.218991 2.284429 0.111194
v 0.120523 2.163272 0.015064
v 0.098597 2.159977 0.050921
v 0.109108 2.139768 0.086396
v 0.144141 2.117864 0.094776
v 0.177316 2.110758 0.069750
v 0.183650 2.123802 0.030164
f 5676 5675 5678
f 5676 5678 5677
f 5678 5675 5679
f 5678 5679 5677
f 5679 5675 5680
f 5679 5680 5677
f 5680 5675 5681
f 5680 5681 5677
f 5681 5675 5682
f 5681 5682 5677
f 5682 5675 5683
f 5682 5683 5677
f 5683 5675 5676
f 5683 5676 5677
o Hair_003
usemtl YellowLight
v 0.119762 2.118906 0.076206
v 0.136228 2.134220 -0.001696
v 0.128030 2.276253 0.108886
v 0.068042 2.134198 0.015662
v 0.038802 2.122660 0.078610
v 0.070526 2.108295 0.139749
v 0.139326 2.101920 0.153038
v 0.193393 2.108335 0.108471
v 0.192015 2.122710 0.039608
f 5685 5684 5687
f 5685 5687 5686
f 5687 5684 5688
f 5687 5688 5686
f 5688 5684 5689
f 5688 5689 5686
f 5689 5684 5690
f 5689 5690 5686
f 5690 5684 5691
f 5690 5691 5686
f 5691 5684 5692
f 5691 5692 5686
f 5692 5684 5685
f 5692 5685 5686
o Hair_004
usemtl Yellow
v 0.090890 2.131221 0.096988
v 0.116963 2.152598 0.063495
v 0.094528 2.287391 0.199491
v 0.076090 2.156242 0.059393
v 0.046362 2.141045 0.083601
v 0.050165 2.118451 0.117889
v 0.084635 2.105473 0.136439
v 0.123815 2.111884 0.125281
v 0.138202 2.132856 0.092818
f 5694 5693 5696
f 5694 5696 5695
f 5696 5693 5697
f 5696 5697 5695
f 5697 5693 5698
f 5697 5698 5695
f 5698 5693 5699
f 5698 5699 5695
f 5699 5693 5700
f 5699 5700 5695
f 5700 5693 5701
f 5700 5701 5695
f 5701 5693 5694
f 5701 5694 5695
o Hair_005
usemtl Yellow
v 0.056737 2.151714 0.111552
v 0.071807 2.165380 0.041806
v 0.073207 2.364232 0.156750
v 0.010733 2.166800 0.057382
v -0.015699 2.156861 0.113749
v 0.012414 2.143046 0.168462
v 0.073904 2.135759 0.180320
v 0.122466 2.140486 0.140395
v 0.121533 2.153669 0.078750
f 5703 5702 5705
f 5703 5705 5704
f 5705 5702 5706
f 5705 5706 5704
f 5706 5702 5707
f 5706 5707 5704
f 5707 5702 5708
f 5707 5708 5704
f 5708 5702 5709
f 5708 5709 5704
f 5709 5702 5710
f 5709 5710 5704
f 5710 5702 5703
f 5710 5703 5704
o Hair_006
usemtl YellowLight
v 0.019286 2.141294 0.119052
v 0.033720 2.153671 0.072068
v 0.047860 2.387487 0.192684
v -0.009448 2.156285 0.080082
v -0.030979 2.147610 0.117441
v -0.014660 2.134180 0.156013
v 0.027221 2.126107 0.166753
v 0.063127 2.129470 0.141574
v 0.066019 2.141738 0.099435
f 5712 5711 5714
f 5712 5714 5713
f 5714 5711 5715
f 5714 5715 5713
f 5715 5711 5716
f 5715 5716 5713
f 5716 5711 5717
f 5716 5717 5713
f 5717 5711 5718
f 5717 5718 5713
f 5718 5711 5719
f 5718 5719 5713
f 5719 5711 5712
f 5719 5712 5713
o Hair_007
usemtl Yellow
v -0.019286 2.104472 0.119052
v -0.004577 2.116054 0.038354
v 0.023633 2.292885 0.153916
v -0.072262 2.127525 0.059682
v -0.100055 2.121637 0.125718
v -0.067027 2.102823 0.186734
v 0.001951 2.085251 0.196784
v 0.054937 2.082152 0.148301
v 0.052032 2.095861 0.077793
f 5721 5720 5723
f 5721 5723 5722
f 5723 5720 5724
f 5723 5724 5722
f 5724 5720 5725
f 5724 5725 5722
f 5725 5720 5726
f 5725 5726 5722
f 5726 5720 5727
f 5726 5727 5722
f 5727 5720 5728
f 5727 5728 5722
f 5728 5720 5721
f 5728 5721 5722
o Hair_008
usemtl Yellow
v -0.056737 2.148212 0.111552
v -0.047143 2.138887 0.169290
v -0.060469 2.391546 0.151471
v -0.005034 2.144295 0.140261
v -0.001858 2.152653 0.089613
v -0.040007 2.157666 0.055486
v -0.090754 2.155560 0.063578
v -0.115885 2.147921 0.107795
v -0.096476 2.140501 0.154842
f 5730 5729 5732
f 5730 5732 5731
f 5732 5729 5733
f 5732 5733 5731
f 5733 5729 5734
f 5733 5734 5731
f 5734 5729 5735
f 5734 5735 5731
f 5735 5729 5736
f 5735 5736 5731
f 5736 5729 5737
f 5736 5737 5731
f 5737 5729 5730
f 5737 5730 5731
o Hair_009
usemtl YellowLight
v -0.090890 2.173637 0.096988
v -0.087022 2.171052 0.169446
v -0.184683 2.400638 0.110093
v -0.036088 2.193788 0.140144
v -0.026422 2.201350 0.078345
v -0.065301 2.188043 0.030584
v -0.123450 2.163888 0.032827
v -0.157081 2.147073 0.083384
v -0.140869 2.150262 0.144186
f 5739 5738 5741
f 5739 5741 5740
f 5741 5738 5742
f 5741 5742 5740
f 5742 5738 5743
f 5742 5743 5740
f 5743 5738 5744
f 5743 5744 5740
f 5744 5738 5745
f 5744 5745 5740
f 5745 5738 5746
f 5745 5746 5740
f 5746 5738 5739
f 5746 5739 5740
o Hair_010
usemtl Yellow
v -0.119762 2.158682 0.076206
v -0.110523 2.150022 0.127574
v -0.131631 2.396771 0.118481
v -0.073324 2.156513 0.101462
v -0.071093 2.164637 0.056332
v -0.105511 2.168278 0.026167
v -0.150659 2.164693 0.033682
v -0.172541 2.156582 0.073219
v -0.154679 2.150053 0.115004
f 5748 5747 5750
f 5748 5750 5749
f 5750 5747 5751
f 5750 5751 5749
f 5751 5747 5752
f 5751 5752 5749
f 5752 5747 5753
f 5752 5753 5749
f 5753 5747 5754
f 5753 5754 5749
f 5754 5747 5755
f 5754 5755 5749
f 5755 5747 5748
f 5755 5748 5749
o Hair_011
usemtl Yellow
v -0.141673 2.111764 0.050414
v -0.147634 2.115832 0.131221
v -0.216147 2.303134 0.035284
v -0.086439 2.137493 0.103978
v -0.066836 2.139779 0.036400
v -0.103587 2.120969 -0.020625
v -0.169017 2.095227 -0.024156
v -0.213857 2.081937 0.028466
v -0.204341 2.091108 0.097615
f 5757 5756 5759
f 5757 5759 5758
f 5759 5756 5760
f 5759 5760 5758
f 5760 5756 5761
f 5760 5761 5758
f 5761 5756 5762
f 5761 5762 5758
f 5762 5756 5763
f 5762 5763 5758
f 5763 5756 5764
f 5763 5764 5758
f 5764 5756 5757
f 5764 5757 5758
o Hair_012
usemtl YellowLight
v -0.155351 2.142130 0.021111
v -0.159248 2.144746 0.066345
v -0.216638 2.292924 0.007111
v -0.124963 2.157289 0.051359
v -0.113561 2.158417 0.013596
v -0.133627 2.147281 -0.018508
v -0.170052 2.132266 -0.020778
v -0.195406 2.124679 0.008495
v -0.190598 2.130233 0.047269
f 5766 5765 5768
f 5766 5768 5767
f 5768 5765 5769
f 5768 5769 5767
f 5769 5765 5770
f 5769 5770 5767
f 5770 5765 5771
f 5770 5771 5767
f 5771 5765 5772
f 5771 5772 5767
f 5772 5765 5773
f 5772 5773 5767
f 5773 5765 5766
f 5773 5766 5767
o Hair_013
usemtl Yellow
v -0.160000 2.128175 -0.010000
v -0.166514 2.131711 0.068021
v -0.275979 2.307451 -0.027807
v -0.112792 2.163821 0.041410
v -0.094619 2.169089 -0.023914
v -0.125679 2.143548 -0.078761
v -0.182584 2.106430 -0.081829
v -0.222482 2.085686 -0.030809
v -0.215330 2.096937 0.035881
f 5775 5774 5777
f 5775 5777 5776
f 5777 5774 5778
f 5777 5778 5776
f 5778 5774 5779
f 5778 5779 5776
f 5779 5774 5780
f 5779 5780 5776
f 5780 5774 5781
f 5780 5781 5776
f 5781 5774 5782
f 5781 5782 5776
f 5782 5774 5775
f 5782 5775 5776
o Hair_014
usemtl Yellow
v -0.155351 2.174775 -0.041111
v -0.173369 2.183895 0.027506
v -0.279763 2.350252 -0.097104
v -0.122437 2.214037 0.008801
v -0.096289 2.214614 -0.047488
v -0.114616 2.185191 -0.098976
v -0.163617 2.147925 -0.106890
v -0.206393 2.130877 -0.065271
v -0.210733 2.146885 -0.005459
f 5784 5783 5786
f 5784 5786 5785
f 5786 5783 5787
f 5786 5787 5785
f 5787 5783 5788
f 5787 5788 5785
f 5788 5783 5789
f 5788 5789 5785
f 5789 5783 5790
f 5789 5790 5785
f 5790 5783 5791
f 5790 5791 5785
f 5791 5783 5784
f 5791 5784 5785
o Hair_015
usemtl YellowLight
v -0.141673 2.181862 -0.070414
v -0.151922 2.188082 -0.026492
v -0.255376 2.409168 -0.129137
v -0.117045 2.202512 -0.038166
v -0.100714 2.201392 -0.074123
v -0.115225 2.185566 -0.107287
v -0.149652 2.166950 -0.112685
v -0.178071 2.159563 -0.086252
v -0.179081 2.168968 -0.047892
f 5793 5792 5795
f 5793 5795 5794
f 5795 5792 5796
f 5795 5796 5794
f 5796 5792 5797
f 5796 5797 5794
f 5797 5792 5798
f 5797 5798 5794
f 5798 5792 5799
f 5798 5799 5794
f 5799 5792 5800
f 5799 5800 5794
f 5800 5792 5793
f 5800 5793 5794
o Hair_016
usemtl Yellow
v -0.119762 2.163965 -0.096206
v -0.137937 2.173940 -0.046053
v -0.204613 2.307787 -0.155558
v -0.096661 2.193717 -0.057138
v -0.072780 2.191091 -0.097642
v -0.084278 2.168038 -0.137064
v -0.122495 2.141919 -0.145720
v -0.158655 2.132401 -0.117090
v -0.165527 2.146652 -0.072734
f 5802 5801 5804
f 5802 5804 5803
f 5804 5801 5805
f 5804 5805 5803
f 5805 5801 5806
f 5805 5806 5803
f 5806 5801 5807
f 5806 5807 5803
f 5807 5801 5808
f 5807 5808 5803
f 5808 5801 5809
f 5808 5809 5803
f 5809 5801 5802
f 5809 5802 5803
o Hair_017
usemtl Yellow
v -0.090890 2.133859 -0.116988
v -0.106960 2.145254 -0.063980
v -0.147354 2.312373 -0.172480
v -0.060493 2.156516 -0.075029
v -0.036916 2.150717 -0.117674
v -0.053983 2.132223 -0.159802
v -0.098842 2.114961 -0.169690
v -0.137713 2.111929 -0.139893
v -0.141326 2.125410 -0.092847
f 5811 5810 5813
f 5811 5813 5812
f 5813 5810 5814
f 5813 5814 5812
f 5814 5810 5815
f 5814 5815 5812
f 5815 5810 5816
f 5815 5816 5812
f 5816 5810 5817
f 5816 5817 5812
f 5817 5810 5818
f 5817 5818 5812
f 5818 5810 5811
f 5818 5811 5812
o Hair_018
usemtl YellowLight
v -0.056737 2.107084 -0.131552
v -0.080958 2.119985 -0.078864
v -0.137711 2.241998 -0.201811
v -0.035475 2.142206 -0.088615
v -0.006003 2.137979 -0.130699
v -0.014734 2.110488 -0.173425
v -0.055094 2.080434 -0.184620
v -0.096691 2.070448 -0.155854
v -0.108202 2.088050 -0.108788
f 5820 5819 5822
f 5820 5822 5821
f 5822 5819 5823
f 5822 5823 5821
f 5823 5819 5824
f 5823 5824 5821
f 5824 5819 5825
f 5824 5825 5821
f 5825 5819 5826
f 5825 5826 5821
f 5826 5819 5827
f 5826 5827 5821
f 5827 5819 5820
f 5827 5820 5821
o Hair_019
usemtl Yellow
v -0.019286 2.167654 -0.139052
v -0.025402 2.173451 -0.092286
v -0.029302 2.386799 -0.167524
v 0.013705 2.173539 -0.105362
v 0.027969 2.169197 -0.143808
v 0.006649 2.163692 -0.178672
v -0.034200 2.161172 -0.183702
v -0.063819 2.163533 -0.155110
v -0.059904 2.168997 -0.114426
f 5829 5828 5831
f 5829 5831 5830
f 5831 5828 5832
f 5831 5832 5830
f 5832 5828 5833
f 5832 5833 5830
f 5833 5828 5834
f 5833 5834 5830
f 5834 5828 5835
f 5834 5835 5830
f 5835 5828 5836
f 5835 5836 5830
f 5836 5828 5829
f 5836 5829 5830
o Hair_020
usemtl Yellow
v 0.019286 2.100440 -0.139052
v -0.007888 2.121687 -0.072737
v -0.013260 2.274527 -0.208164
v 0.055859 2.130287 -0.081094
v 0.092066 2.116412 -0.133095
v 0.073468 2.090510 -0.189582
v 0.014070 2.072086 -0.208019
v -0.041401 2.075013 -0.174523
v -0.051173 2.097088 -0.114316
f 5838 5837 5840
f 5838 5840 5839
f 5840 5837 5841
f 5840 5841 5839
f 5841 5837 5842
f 5841 5842 5839
f 5842 5837 5843
f 5842 5843 5839
f 5843 5837 5844
f 5843 5844 5839
f 5844 5837 5845
f 5844 5845 5839
f 5845 5837 5838
f 5845 5838 5839
o Hair_021
usemtl YellowLight
v 0.056737 2.128873 -0.131552
v 0.043246 2.122119 -0.182780
v 0.143737 2.249284 -0.170338
v 0.015580 2.150022 -0.158212
v 0.018906 2.161999 -0.113569
v 0.050719 2.149031 -0.082467
v 0.087064 2.120884 -0.088328
v 0.100571 2.098752 -0.126737
v 0.081071 2.099302 -0.168772
f 5847 5846 5849
f 5847 5849 5848
f 5849 5846 5850
f 5849 5850 5848
f 5850 5846 5851
f 5850 5851 5848
f 5851 5846 5852
f 5851 5852 5848
f 5852 5846 5853
f 5852 5853 5848
f 5853 5846 5854
f 5853 5854 5848
f 5854 5846 5847
f 5854 5847 5848
o Hair_022
usemtl Yellow
v 0.090890 2.173390 -0.116988
v 0.078297 2.185555 -0.034201
v 0.084855 2.428513 -0.155393
v 0.148441 2.183954 -0.055860
v 0.175248 2.174398 -0.123550
v 0.138532 2.164083 -0.186299
v 0.065941 2.160777 -0.196855
v 0.012137 2.166969 -0.147269
v 0.017637 2.177996 -0.074882
f 5856 5855 5858
f 5856 5858 5857
f 5858 5855 5859
f 5858 5859 5857
f 5859 5855 5860
f 5859 5860 5857
f 5860 5855 5861
f 5860 5861 5857
f 5861 5855 5862
f 5861 5862 5857
f 5862 5855 5863
f 5862 5863 5857
f 5863 5855 5856
f 5863 5856 5857
o Hair_023
usemtl Yellow
v 0.119762 2.148301 -0.096206
v 0.108997 2.138841 -0.142367
v 0.146966 2.404082 -0.154967
v 0.076417 2.147998 -0.117591
v 0.076476 2.157383 -0.076712
v 0.109130 2.159929 -0.050512
v 0.149790 2.153718 -0.058721
v 0.167838 2.143428 -0.095157
v 0.149684 2.136807 -0.132383
f 5865 5864 5867
f 5865 5867 5866
f 5867 5864 5868
f 5867 5868 5866
f 5868 5864 5869
f 5868 5869 5866
f 5869 5864 5870
f 5869 5870 5866
f 5870 5864 5871
f 5870 5871 5866
f 5871 5864 5872
f 5871 5872 5866
f 5872 5864 5865
f 5872 5865 5866
o Hair_024
usemtl YellowLight
v 0.141673 2.150459 -0.070414
v 0.124645 2.139607 -0.116025
v 0.219258 2.336705 -0.143690
v 0.097219 2.161127 -0.090368
v 0.103268 2.174613 -0.049685
v 0.138236 2.169911 -0.024611
v 0.175793 2.150561 -0.034028
v 0.187656 2.131134 -0.070844
v 0.164894 2.126259 -0.107337
f 5874 5873 5876
f 5874 5876 5875
f 5876 5873 5877
f 5876 5877 5875
f 5877 5873 5878
f 5877 5878 5875
f 5878 5873 5879
f 5878 5879 5875
f 5879 5873 5880
f 5879 5880 5875
f 5880 5873 5881
f 5880 5881 5875
f 5881 5873 5874
f 5881 5874 5875
o Hair_025
usemtl Yellow
v 0.155351 2.148363 -0.041111
v 0.142230 2.140880 -0.113574
v 0.235116 2.286066 -0.069774
v 0.097886 2.173463 -0.080441
v 0.096814 2.187145 -0.017691
v 0.139822 2.171623 0.027423
v 0.194523 2.138585 0.020930
v 0.219727 2.112910 -0.032282
v 0.196454 2.113931 -0.092141
f 5883 5882 5885
f 5883 5885 5884
f 5885 5882 5886
f 5885 5886 5884
f 5886 5882 5887
f 5886 5887 5884
f 5887 5882 5888
f 5887 5888 5884
f 5888 5882 5889
f 5888 5889 5884
f 5889 5882 5890
f 5889 5890 5884
f 5890 5882 5883
f 5890 5883 5884
o Hair_026
usemtl Yellow
v -0.170000 2.099000 -0.150000
v -0.181228 2.089638 -0.192559
v -0.146296 2.252417 -0.190000
v -0.210671 2.100274 -0.169216
v -0.209487 2.109950 -0.131403
v -0.178569 2.111380 -0.107594
v -0.141198 2.103488 -0.115717
v -0.125516 2.092216 -0.149656
v -0.143331 2.086053 -0.183854
f 5892 5891 5894
f 5892 5894 5893
f 5894 5891 5895
f 5894 5895 5893
f 5895 5891 5896
f 5895 5896 5893
f 5896 5891 5897
f 5896 5897 5893
f 5897 5891 5898
f 5897 5898 5893
f 5898 5891 5899
f 5898 5899 5893
f 5899 5891 5892
f 5899 5892 5893
o Hair_027
usemtl Yellow
v -0.139000 2.099000 -0.150000
v -0.151048 2.109730 -0.107992
v -0.150687 2.242473 -0.190000
v -0.112726 2.110781 -0.115419
v -0.094188 2.102961 -0.148886
v -0.109395 2.092158 -0.183192
v -0.146895 2.086507 -0.192504
v -0.178450 2.090264 -0.169809
v -0.180298 2.100599 -0.132198
f 5901 5900 5903
f 5901 5903 5902
f 5903 5900 5904
f 5903 5904 5902
f 5904 5900 5905
f 5904 5905 5902
f 5905 5900 5906
f 5905 5906 5902
f 5906 5900 5907
f 5906 5907 5902
f 5907 5900 5908
f 5907 5908 5902
f 5908 5900 5901
f 5908 5901 5902
o Hair_028
usemtl Yellow
v -0.108000 2.099000 -0.150000
v -0.121026 2.108962 -0.108095
v -0.138193 2.227776 -0.190000
v -0.083335 2.115318 -0.116083
v -0.064217 2.109386 -0.149612
v -0.078068 2.095633 -0.183433
v -0.114459 2.084415 -0.192078
v -0.145986 2.084180 -0.169038
v -0.148909 2.095105 -0.131661
f 5910 5909 5912
f 5910 5912 5911
f 5912 5909 5913
f 5912 5913 5911
f 5913 5909 5914
f 5913 5914 5911
f 5914 5909 5915
f 5914 5915 5911
f 5915 5909 5916
f 5915 5916 5911
f 5916 5909 5917
f 5916 5917 5911
f 5917 5909 5910
f 5917 5910 5911
o Hair_029
usemtl Yellow
v -0.077000 2.099000 -0.150000
v -0.091137 2.111810 -0.109244
v -0.082916 2.219736 -0.190000
v -0.052453 2.111939 -0.114574
v -0.032254 2.102325 -0.146580
v -0.045749 2.090207 -0.181162
v -0.082777 2.084710 -0.192278
v -0.115455 2.089974 -0.171558
v -0.119175 2.102034 -0.134604
f 5919 5918 5921
f 5919 5921 5920
f 5921 5918 5922
f 5921 5922 5920
f 5922 5918 5923
f 5922 5923 5920
f 5923 5918 5924
f 5923 5924 5920
f 5924 5918 5925
f 5924 5925 5920
f 5925 5918 5926
f 5925 5926 5920
f 5926 5918 5919
f 5926 5919 5920
o Hair_030
usemtl Yellow
v -0.046000 2.099000 -0.150000
v -0.055946 2.090552 -0.193066
v -0.021234 2.273749 -0.190000
v -0.086174 2.100059 -0.170246
v -0.086150 2.108769 -0.132180
v -0.055892 2.110123 -0.107533
v -0.018185 2.103101 -0.114864
v -0.001423 2.092991 -0.148653
v -0.018229 2.087406 -0.183456
f 5928 5927 5930
f 5928 5930 5929
f 5930 5927 5931
f 5930 5931 5929
f 5931 5927 5932
f 5931 5932 5929
f 5932 5927 5933
f 5932 5933 5929
f 5933 5927 5934
f 5933 5934 5929
f 5934 5927 5935
f 5934 5935 5929
f 5935 5927 5928
f 5935 5928 5929
o Hair_031
usemtl Yellow
v -0.015000 2.099000 -0.150000
v -0.029934 2.086288 -0.190502
v -0.002733 2.212036 -0.190000
v -0.057306 2.098172 -0.165314
v -0.052821 2.110679 -0.128595
v -0.019856 2.114392 -0.107994
v 0.016766 2.106514 -0.119025
v 0.029467 2.092978 -0.153380
v 0.008684 2.083977 -0.185191
f 5937 5936 5939
f 5937 5939 5938
f 5939 5936 5940
f 5939 5940 5938
f 5940 5936 5941
f 5940 5941 5938
f 5941 5936 5942
f 5941 5942 5938
f 5942 5936 5943
f 5942 5943 5938
f 5943 5936 5944
f 5943 5944 5938
f 5944 5936 5937
f 5944 5937 5938
o Hair_032
usemtl Yellow
v 0.016000 2.099000 -0.150000
v 0.004453 2.109134 -0.107704
v 0.001051 2.248918 -0.190000
v 0.042637 2.110806 -0.115706
v 0.060763 2.103588 -0.149532
v 0.045182 2.092915 -0.183711
v 0.007626 2.086824 -0.192504
v -0.023624 2.089902 -0.169291
v -0.025036 2.099830 -0.131552
f 5946 5945 5948
f 5946 5948 5947
f 5948 5945 5949
f 5948 5949 5947
f 5949 5945 5950
f 5949 5950 5947
f 5950 5945 5951
f 5950 5951 5947
f 5951 5945 5952
f 5951 5952 5947
f 5952 5945 5953
f 5952 5953 5947
f 5953 5945 5946
f 5953 5946 5947
o Hair_033
usemtl Yellow
v 0.047000 2.099000 -0.150000
v 0.038304 2.105844 -0.106382
v 0.002267 2.297101 -0.190000
v 0.075250 2.111951 -0.117454
v 0.090923 2.108306 -0.153034
v 0.073521 2.097653 -0.186329
v 0.036149 2.088015 -0.192268
v 0.006947 2.086649 -0.166378
v 0.007907 2.094583 -0.128155
f 5955 5954 5957
f 5955 5957 5956
f 5957 5954 5958
f 5957 5958 5956
f 5958 5954 5959
f 5958 5959 5956
f 5959 5954 5960
f 5959 5960 5956
f 5960 5954 5961
f 5960 5961 5956
f 5961 5954 5962
f 5961 5962 5956
f 5962 5954 5955
f 5962 5955 5956
o Hair_034
usemtl Yellow
v 0.078000 2.099000 -0.150000
v 0.067005 2.090045 -0.192707
v 0.106119 2.255232 -0.190000
v 0.037568 2.101252 -0.169626
v 0.038578 2.110764 -0.131766
v 0.069273 2.111417 -0.107637
v 0.106540 2.102720 -0.115408
v 0.122316 2.091222 -0.149227
v 0.104721 2.085581 -0.183629
f 5964 5963 5966
f 5964 5966 5965
f 5966 5963 5967
f 5966 5967 5965
f 5967 5963 5968
f 5967 5968 5965
f 5968 5963 5969
f 5968 5969 5965
f 5969 5963 5970
f 5969 5970 5965
f 5970 5963 5971
f 5970 5971 5965
f 5971 5963 5964
f 5971 5964 5965
o Hair_035
usemtl Yellow
v 0.109000 2.099000 -0.150000
v 0.095860 2.088372 -0.191706
v 0.131569 2.228061 -0.190000
v 0.067661 2.100745 -0.167694
v 0.070591 2.111804 -0.130358
v 0.102444 2.113222 -0.107813
v 0.139233 2.103930 -0.117036
v 0.153256 2.090926 -0.151081
v 0.133954 2.084002 -0.184313
f 5973 5972 5975
f 5973 5975 5974
f 5975 5972 5976
f 5975 5976 5974
f 5976 5972 5977
f 5976 5977 5974
f 5977 5972 5978
f 5977 5978 5974
f 5978 5972 5979
f 5978 5979 5974
f 5979 5972 5980
f 5979 5980 5974
f 5980 5972 5973
f 5980 5973 5974
o Hair_036
usemtl Yellow
v 0.140000 2.099000 -0.150000
v 0.129155 2.107771 -0.107216
v 0.110238 2.257317 -0.190000
v 0.166796 2.112510 -0.116467
v 0.184259 2.107075 -0.150969
v 0.168394 2.095560 -0.184741
v 0.131148 2.086635 -0.192353
v 0.100567 2.087021 -0.168071
v 0.099681 2.096427 -0.130182
f 5982 5981 5984
f 5982 5984 5983
f 5984 5981 5985
f 5984 5985 5983
f 5985 5981 5986
f 5985 5986 5983
f 5986 5981 5987
f 5986 5987 5983
f 5987 5981 5988
f 5987 5988 5983
f 5988 5981 5989
f 5988 5989 5983
f 5989 5981 5982
f 5989 5982 5983
o Hair_037
usemtl Yellow
v 0.171000 2.099000 -0.150000
v 0.160771 2.090464 -0.192983
v 0.197835 2.268254 -0.190000
v 0.130784 2.100620 -0.170125
v 0.131080 2.109556 -0.132113
v 0.161437 2.110544 -0.107570
v 0.198995 2.102838 -0.114978
v 0.215472 2.092243 -0.148758
v 0.198461 2.086735 -0.183473
f 5991 5990 5993
f 5991 5993 5992
f 5993 5990 5994
f 5993 5994 5992
f 5994 5990 5995
f 5994 5995 5992
f 5995 5990 5996
f 5995 5996 5992
f 5996 5990 5997
f 5996 5997 5992
f 5997 5990 5998
f 5997 5998 5992
f 5998 5990 5991
f 5998 5991 5992
