mtllib house3.mtl
o mesh_0
usemtl house3_0
v 0.7614630 0.0355363 -0.4847273
v 0.7614630 0.0355363 -0.4847273
v 0.7614630 0.0355363 -0.4847273
v 0.7614630 0.5120624 -0.4847273
v 0.7614630 0.5120624 -0.4847273
v 0.7614630 0.5120624 -0.4847273
v 0.6992796 0.1165057 0.4493699
v 0.6992796 0.1165057 0.4493699
v 0.6992796 0.1165057 0.4493699
v 0.6992796 0.4310929 0.4493699
v 0.6992796 0.4310929 0.4493699
v 0.6992796 0.4310929 0.4493699
v -0.7614630 0.0355363 -0.4847275
v -0.7614630 0.0355363 -0.4847275
v -0.7614630 0.0355363 -0.4847275
v -0.7614630 0.5120624 -0.4847275
v -0.7614630 0.5120624 -0.4847275
v -0.7614630 0.5120624 -0.4847275
v -0.6992796 0.1165057 0.4493697
v -0.6992796 0.1165057 0.4493697
v -0.6992796 0.1165057 0.4493697
v -0.6992796 0.4310929 0.4493697
v -0.6992796 0.4310929 0.4493697
v -0.6992796 0.4310929 0.4493697
v 0.7614630 0.8598486 -0.0176787
v 0.7614630 0.8598486 -0.0176787
v 0.7614630 0.8598486 -0.0176787
v -0.7614630 0.8598486 -0.0176789
v -0.7614630 0.8598486 -0.0176789
v -0.7614630 0.8598486 -0.0176789
v 0.3865449 0.1165057 0.4493699
v 0.3865449 0.1165057 0.4493699
v 0.3865449 0.1165057 0.4493699
v -0.3865449 0.1165057 0.4493697
v -0.3865449 0.1165057 0.4493697
v -0.3865449 0.1165057 0.4493697
v -0.2816922 0.4693946 0.4493697
v -0.2816922 0.4693946 0.4493697
v -0.2816922 0.4693946 0.4493697
v 0.2816922 0.4693946 0.4493697
v 0.2816922 0.4693946 0.4493697
v 0.2816922 0.4693946 0.4493697
v -0.3243596 0.0355363 -0.4847274
v -0.3243596 0.0355363 -0.4847274
v 0.3243615 0.0355363 -0.4847273
v 0.3243615 0.0355363 -0.4847273
v 0.3243615 0.5120624 -0.4847273
v 0.3243615 0.5120624 -0.4847273
v -0.3243596 0.5120624 -0.4847274
v -0.3243596 0.5120624 -0.4847274
v 0.3243615 0.8598486 -0.0176788
v 0.3243615 0.8598486 -0.0176788
v -0.3243615 0.8598486 -0.0176788
v -0.3243615 0.8598486 -0.0176788
v -0.3865449 0.4310929 0.4493697
v -0.3865449 0.4310929 0.4493697
v -0.3865449 0.4310929 0.4493697
v 0.3865449 0.4310929 0.4493699
v 0.3865449 0.4310929 0.4493699
v 0.3865449 0.4310929 0.4493699
v -0.2816922 0.0355363 0.4493697
v -0.2816922 0.0355363 0.4493697
v -0.2816922 0.0355363 0.4493697
v 0.2816922 0.0355363 0.4493697
v 0.2816922 0.0355363 0.4493697
v 0.2816922 0.0355363 0.4493697
v 0.2816922 0.0355363 0.3667267
v 0.2816922 0.0355363 0.3667267
v 0.2816922 0.0355363 0.3667267
v -0.2816922 0.0355363 0.3667267
v -0.2816922 0.0355363 0.3667267
v -0.2816922 0.0355363 0.3667267
v -0.2396137 0.3960096 0.3667267
v 0.2396137 0.3960096 0.3667267
v 0.7614630 0.5120624 0.4493699
v 0.7614630 0.5120624 0.4493699
v 0.7614630 0.5120624 0.4493699
v 0.7614630 0.0355363 0.4493699
v 0.7614630 0.0355363 0.4493699
v 0.7614630 0.0355363 0.4493699
v -0.7614630 0.5120624 0.4493697
v -0.7614630 0.5120624 0.4493697
v -0.7614630 0.5120624 0.4493697
v -0.7614630 0.0355363 0.4493697
v -0.7614630 0.0355363 0.4493697
v -0.7614630 0.0355363 0.4493697
v -0.3243615 0.5120624 0.4493697
v -0.3243615 0.5120624 0.4493697
v -0.3243615 0.0355363 0.4493697
v -0.3243615 0.0355363 0.4493697
v 0.3243596 0.0355363 0.4493699
v 0.3243596 0.0355363 0.4493699
v 0.3243596 0.5120624 0.4493699
v 0.3243596 0.5120624 0.4493699
v 0.6742503 0.4060637 0.4590720
v 0.6742503 0.4060637 0.4590720
v 0.6742503 0.4060637 0.4590720
v 0.6742503 0.1415349 0.4590720
v 0.6742503 0.1415349 0.4590720
v 0.6742503 0.1415349 0.4590720
v -0.6742503 0.4060637 0.4590716
v -0.6742503 0.4060637 0.4590716
v -0.6742503 0.4060637 0.4590716
v -0.6742503 0.1415349 0.4590716
v -0.6742503 0.1415349 0.4590716
v -0.6742503 0.1415349 0.4590716
v -0.4115742 0.4060637 0.4590718
v -0.4115742 0.4060637 0.4590718
v -0.4115742 0.4060637 0.4590718
v -0.4115742 0.1415349 0.4590718
v -0.4115742 0.1415349 0.4590718
v -0.4115742 0.1415349 0.4590718
v 0.4115742 0.1415349 0.4590718
v 0.4115742 0.1415349 0.4590718
v 0.4115742 0.1415349 0.4590718
v 0.4115742 0.4060637 0.4590718
v 0.4115742 0.4060637 0.4590718
v 0.4115742 0.4060637 0.4590718
v 0.6992796 0.4310929 0.4590720
v 0.6992796 0.4310929 0.4590720
v 0.6992796 0.4310929 0.4590720
v 0.6992796 0.1165057 0.4590720
v 0.6992796 0.1165057 0.4590720
v 0.6992796 0.1165057 0.4590720
v -0.6992796 0.4310929 0.4590716
v -0.6992796 0.4310929 0.4590716
v -0.6992796 0.4310929 0.4590716
v -0.6992796 0.1165057 0.4590716
v -0.6992796 0.1165057 0.4590716
v -0.6992796 0.1165057 0.4590716
v -0.3865449 0.4310929 0.4590718
v -0.3865449 0.4310929 0.4590718
v -0.3865449 0.4310929 0.4590718
v -0.3865449 0.1165057 0.4590718
v -0.3865449 0.1165057 0.4590718
v -0.3865449 0.1165057 0.4590718
v 0.3865449 0.1165057 0.4590718
v 0.3865449 0.1165057 0.4590718
v 0.3865449 0.1165057 0.4590718
v 0.3865449 0.4310929 0.4590718
v 0.3865449 0.4310929 0.4590718
v 0.3865449 0.4310929 0.4590718
v 0.6742503 0.4060637 0.3926879
v 0.6742503 0.4060637 0.3926879
v 0.6742503 0.4060637 0.3926879
v 0.6742503 0.1415349 0.3926879
v 0.6742503 0.1415349 0.3926879
v 0.6742503 0.1415349 0.3926879
v -0.6742503 0.4060637 0.3926877
v -0.6742503 0.4060637 0.3926877
v -0.6742503 0.4060637 0.3926877
v -0.6742503 0.1415349 0.3926877
v -0.6742503 0.1415349 0.3926877
v -0.6742503 0.1415349 0.3926877
v -0.4115742 0.4060637 0.3926877
v -0.4115742 0.4060637 0.3926877
v -0.4115742 0.4060637 0.3926877
v -0.4115742 0.1415349 0.3926877
v -0.4115742 0.1415349 0.3926877
v -0.4115742 0.1415349 0.3926877
v 0.4115742 0.1415349 0.3926877
v 0.4115742 0.1415349 0.3926877
v 0.4115742 0.1415349 0.3926877
v 0.4115742 0.4060637 0.3926877
v 0.4115742 0.4060637 0.3926877
v 0.4115742 0.4060637 0.3926877
v 0.7614630 0.1293693 -0.1418601
v 0.7614630 0.1293693 -0.1418601
v 0.7614630 0.1293693 -0.1418601
v 0.7614630 0.4182293 -0.1418601
v 0.7614630 0.4182293 -0.1418601
v 0.7614630 0.4182293 -0.1418601
v 0.7614630 0.4182293 0.1065027
v 0.7614630 0.4182293 0.1065027
v 0.7614630 0.4182293 0.1065027
v 0.7614630 0.1293693 0.1065027
v 0.7614630 0.1293693 0.1065027
v 0.7614630 0.1293693 0.1065027
v -0.7614630 0.1293693 0.1065025
v -0.7614630 0.1293693 0.1065025
v -0.7614630 0.1293693 0.1065025
v -0.7614630 0.4182293 0.1065025
v -0.7614630 0.4182293 0.1065025
v -0.7614630 0.4182293 0.1065025
v -0.7614630 0.4182293 -0.1418603
v -0.7614630 0.4182293 -0.1418603
v -0.7614630 0.4182293 -0.1418603
v -0.7614630 0.1293693 -0.1418603
v -0.7614630 0.1293693 -0.1418603
v -0.7614630 0.1293693 -0.1418603
v 0.7710883 0.1293693 -0.1418601
v 0.7710883 0.1293693 -0.1418601
v 0.7710883 0.1293693 -0.1418601
v 0.7710883 0.4182293 -0.1418601
v 0.7710883 0.4182293 -0.1418601
v 0.7710883 0.4182293 -0.1418601
v 0.7710883 0.1293693 0.1065027
v 0.7710883 0.1293693 0.1065027
v 0.7710883 0.1293693 0.1065027
v 0.7710883 0.4182293 0.1065027
v 0.7710883 0.4182293 0.1065027
v 0.7710883 0.4182293 0.1065027
v -0.7710883 0.4182293 0.1065025
v -0.7710883 0.4182293 0.1065025
v -0.7710883 0.4182293 0.1065025
v -0.7710883 0.1293693 0.1065025
v -0.7710883 0.1293693 0.1065025
v -0.7710883 0.1293693 0.1065025
v -0.7710883 0.1293693 -0.1418603
v -0.7710883 0.1293693 -0.1418603
v -0.7710883 0.1293693 -0.1418603
v -0.7710883 0.4182293 -0.1418603
v -0.7710883 0.4182293 -0.1418603
v -0.7710883 0.4182293 -0.1418603
v 0.7710883 0.1400940 -0.1311355
v 0.7710883 0.1400940 -0.1311355
v 0.7710883 0.1400940 -0.1311355
v 0.7710883 0.4075046 -0.1311355
v 0.7710883 0.4075046 -0.1311355
v 0.7710883 0.4075046 -0.1311355
v 0.7710883 0.4075046 0.0957781
v 0.7710883 0.4075046 0.0957781
v 0.7710883 0.4075046 0.0957781
v 0.7710883 0.1400940 0.0957781
v 0.7710883 0.1400940 0.0957781
v 0.7710883 0.1400940 0.0957781
v -0.7710883 0.1400940 0.0957779
v -0.7710883 0.1400940 0.0957779
v -0.7710883 0.1400940 0.0957779
v -0.7710883 0.4075046 0.0957779
v -0.7710883 0.4075046 0.0957779
v -0.7710883 0.4075046 0.0957779
v -0.7710883 0.4075046 -0.1311357
v -0.7710883 0.4075046 -0.1311357
v -0.7710883 0.4075046 -0.1311357
v -0.7710883 0.1400940 -0.1311357
v -0.7710883 0.1400940 -0.1311357
v -0.7710883 0.1400940 -0.1311357
v 0.7435486 0.1400940 -0.1311355
v 0.7435486 0.1400940 -0.1311355
v 0.7435486 0.1400940 -0.1311355
v 0.7435486 0.4075046 -0.1311355
v 0.7435486 0.4075046 -0.1311355
v 0.7435486 0.4075046 -0.1311355
v 0.7435486 0.1400940 0.0957781
v 0.7435486 0.1400940 0.0957781
v 0.7435486 0.1400940 0.0957781
v 0.7435486 0.4075046 0.0957781
v 0.7435486 0.4075046 0.0957781
v 0.7435486 0.4075046 0.0957781
v -0.7435486 0.4075046 0.0957779
v -0.7435486 0.4075046 0.0957779
v -0.7435486 0.4075046 0.0957779
v -0.7435486 0.1400940 0.0957779
v -0.7435486 0.1400940 0.0957779
v -0.7435486 0.1400940 0.0957779
v -0.7435486 0.1400940 -0.1311357
v -0.7435486 0.1400940 -0.1311357
v -0.7435486 0.1400940 -0.1311357
v -0.7435486 0.4075046 -0.1311357
v -0.7435486 0.4075046 -0.1311357
v -0.7435486 0.4075046 -0.1311357
v 0.7710883 0.2559706 0.0957781
v 0.7710883 0.2559706 0.0957781
v 0.7710883 0.2559706 0.0957781
v 0.7710883 0.2916280 0.0957781
v 0.7710883 0.2916280 0.0957781
v 0.7710883 0.2916280 0.0957781
v 0.7710883 0.2916280 -0.1311355
v 0.7710883 0.2916280 -0.1311355
v 0.7710883 0.2916280 -0.1311355
v 0.7710883 0.2559706 -0.1311355
v 0.7710883 0.2559706 -0.1311355
v 0.7710883 0.2559706 -0.1311355
v 0.7435486 0.2916280 -0.1311355
v 0.7435486 0.2916280 -0.1311355
v 0.7435486 0.2916280 -0.1311355
v 0.7435486 0.2916280 -0.1311355
v 0.7435486 0.2559706 -0.1311355
v 0.7435486 0.2559706 -0.1311355
v 0.7435486 0.2559706 -0.1311355
v 0.7435486 0.2559706 -0.1311355
v 0.7435486 0.2559706 0.0957781
v 0.7435486 0.2559706 0.0957781
v 0.7435486 0.2559706 0.0957781
v 0.7435486 0.2559706 0.0957781
v 0.7435486 0.2916280 0.0957781
v 0.7435486 0.2916280 0.0957781
v 0.7435486 0.2916280 0.0957781
v 0.7435486 0.2916280 0.0957781
v -0.7435486 0.2916280 0.0957779
v -0.7435486 0.2916280 0.0957779
v -0.7435486 0.2916280 0.0957779
v -0.7435486 0.2916280 0.0957779
v -0.7435486 0.2559706 0.0957779
v -0.7435486 0.2559706 0.0957779
v -0.7435486 0.2559706 0.0957779
v -0.7435486 0.2559706 0.0957779
v -0.7435486 0.2559706 -0.1311357
v -0.7435486 0.2559706 -0.1311357
v -0.7435486 0.2559706 -0.1311357
v -0.7435486 0.2559706 -0.1311357
v -0.7435486 0.2916280 -0.1311357
v -0.7435486 0.2916280 -0.1311357
v -0.7435486 0.2916280 -0.1311357
v -0.7435486 0.2916280 -0.1311357
v -0.7710883 0.2559706 0.0957779
v -0.7710883 0.2559706 0.0957779
v -0.7710883 0.2559706 0.0957779
v -0.7710883 0.2916280 0.0957779
v -0.7710883 0.2916280 0.0957779
v -0.7710883 0.2916280 0.0957779
v -0.7710883 0.2916280 -0.1311357
v -0.7710883 0.2916280 -0.1311357
v -0.7710883 0.2916280 -0.1311357
v -0.7710883 0.2559706 -0.1311357
v -0.7710883 0.2559706 -0.1311357
v -0.7710883 0.2559706 -0.1311357
v -0.2816922 0.4693946 0.3667267
v -0.2816922 0.4693946 0.3667267
v -0.2816922 0.4693946 0.3667267
v 0.2816922 0.4693946 0.3667267
v 0.2816922 0.4693946 0.3667267
v 0.2816922 0.4693946 0.3667267
v -0.2396137 0.0355363 0.3667267
v -0.2396137 0.0355363 0.3667267
v 0.2396137 0.0355363 0.3667267
v 0.2396137 0.0355363 0.3667267
v 0.7818315 0.5071832 0.4554464
v 0.7818315 0.5071832 0.4554464
v 0.7818315 0.5071832 0.4554464
v -0.7818315 0.5071832 0.4554462
v -0.7818315 0.5071832 0.4554462
v -0.7818315 0.5071832 0.4554462
v 0.7818315 0.8642719 -0.0240946
v 0.7818315 0.8642719 -0.0240946
v 0.7818315 0.8642719 -0.0240946
v -0.7818315 0.8642719 -0.0240949
v -0.7818315 0.8642719 -0.0240949
v -0.7818315 0.8642719 -0.0240949
v 0.7818315 0.8817693 -0.0110653
v 0.7818315 0.8817693 -0.0110653
v 0.7818315 0.8817693 -0.0110653
v 0.7818315 0.5246805 0.4684757
v 0.7818315 0.5246805 0.4684757
v 0.7818315 0.5246805 0.4684757
v -0.7818315 0.8817693 -0.0110655
v -0.7818315 0.8817693 -0.0110655
v -0.7818315 0.8817693 -0.0110655
v -0.7818315 0.5246805 0.4684755
v -0.7818315 0.5246805 0.4684755
v -0.7818315 0.5246805 0.4684755
v 0.6254641 0.5071832 0.4554464
v 0.6254641 0.5071832 0.4554464
v 0.4690985 0.5071832 0.4554464
v 0.4690985 0.5071832 0.4554464
v 0.3127330 0.5071832 0.4554464
v 0.3127330 0.5071832 0.4554464
v 0.1563656 0.5071832 0.4554464
v 0.1563656 0.5071832 0.4554464
v 0.0000000 0.5071832 0.4554464
v 0.0000000 0.5071832 0.4554464
v -0.1563656 0.5071832 0.4554462
v -0.1563656 0.5071832 0.4554462
v -0.3127330 0.5071832 0.4554462
v -0.3127330 0.5071832 0.4554462
v -0.4690985 0.5071832 0.4554462
v -0.4690985 0.5071832 0.4554462
v -0.6254641 0.5071832 0.4554462
v -0.6254641 0.5071832 0.4554462
v 0.6254641 0.8642719 -0.0240946
v 0.6254641 0.8642719 -0.0240946
v 0.4690985 0.8642719 -0.0240946
v 0.4690985 0.8642719 -0.0240946
v 0.3127330 0.8642719 -0.0240947
v 0.3127330 0.8642719 -0.0240947
v 0.1563656 0.8642719 -0.0240947
v 0.1563656 0.8642719 -0.0240947
v 0.0000000 0.8642719 -0.0240947
v 0.0000000 0.8642719 -0.0240947
v -0.1563656 0.8642719 -0.0240947
v -0.1563656 0.8642719 -0.0240947
v -0.3127330 0.8642719 -0.0240947
v -0.3127330 0.8642719 -0.0240947
v -0.4690985 0.8642719 -0.0240949
v -0.4690985 0.8642719 -0.0240949
v -0.6254641 0.8642719 -0.0240949
v -0.6254641 0.8642719 -0.0240949
v 0.6254641 0.5246805 0.4684757
v 0.6254641 0.5246805 0.4684757
v 0.4690985 0.5246805 0.4684757
v 0.4690985 0.5246805 0.4684757
v 0.3127330 0.5246805 0.4684757
v 0.3127330 0.5246805 0.4684757
v 0.1563656 0.5246805 0.4684755
v 0.1563656 0.5246805 0.4684755
v 0.0000000 0.5246805 0.4684755
v 0.0000000 0.5246805 0.4684755
v -0.1563656 0.5246805 0.4684755
v -0.1563656 0.5246805 0.4684755
v -0.3127330 0.5246805 0.4684755
v -0.3127330 0.5246805 0.4684755
v -0.4690985 0.5246805 0.4684755
v -0.4690985 0.5246805 0.4684755
v -0.6254641 0.5246805 0.4684755
v -0.6254641 0.5246805 0.4684755
v 0.6254641 0.8817693 -0.0110653
v 0.6254641 0.8817693 -0.0110653
v 0.4690985 0.8817693 -0.0110653
v 0.4690985 0.8817693 -0.0110653
v 0.3127330 0.8817693 -0.0110654
v 0.3127330 0.8817693 -0.0110654
v 0.1563656 0.8817693 -0.0110654
v 0.1563656 0.8817693 -0.0110654
v 0.0000000 0.8817693 -0.0110654
v 0.0000000 0.8817693 -0.0110654
v -0.1563656 0.8817693 -0.0110654
v -0.1563656 0.8817693 -0.0110654
v -0.3127330 0.8817693 -0.0110654
v -0.3127330 0.8817693 -0.0110654
v -0.4690985 0.8817693 -0.0110655
v -0.4690985 0.8817693 -0.0110655
v -0.6254641 0.8817693 -0.0110655
v -0.6254641 0.8817693 -0.0110655
v 0.6636125 0.8589855 0.0195314
v 0.6636125 0.8589855 0.0195314
v 0.6636125 0.8589855 0.0195314
v 0.6636125 0.5474643 0.4378789
v 0.6636125 0.5474643 0.4378789
v 0.6636125 0.5474643 0.4378789
v 0.7436831 0.5474643 0.4378789
v 0.7436831 0.5474643 0.4378789
v 0.7436831 0.5474643 0.4378789
v 0.7436831 0.8589855 0.0195314
v 0.7436831 0.8589855 0.0195314
v 0.7436831 0.8589855 0.0195314
v -0.7436831 0.8589855 0.0195312
v -0.7436831 0.8589855 0.0195312
v -0.7436831 0.8589855 0.0195312
v -0.7436831 0.5474643 0.4378787
v -0.7436831 0.5474643 0.4378787
v -0.7436831 0.5474643 0.4378787
v -0.6636125 0.5474643 0.4378787
v -0.6636125 0.5474643 0.4378787
v -0.6636125 0.5474643 0.4378787
v -0.6636125 0.8589855 0.0195312
v -0.6636125 0.8589855 0.0195312
v -0.6636125 0.8589855 0.0195312
v -0.5873175 0.8589855 0.0195312
v -0.5873175 0.8589855 0.0195312
v -0.5873175 0.8589855 0.0195312
v -0.5873175 0.5474643 0.4378787
v -0.5873175 0.5474643 0.4378787
v -0.5873175 0.5474643 0.4378787
v -0.5072470 0.5474643 0.4378787
v -0.5072470 0.5474643 0.4378787
v -0.5072470 0.5474643 0.4378787
v -0.5072470 0.8589855 0.0195312
v -0.5072470 0.8589855 0.0195312
v -0.5072470 0.8589855 0.0195312
v -0.4309501 0.8589855 0.0195313
v -0.4309501 0.8589855 0.0195313
v -0.4309501 0.8589855 0.0195313
v -0.4309501 0.5474643 0.4378789
v -0.4309501 0.5474643 0.4378789
v -0.4309501 0.5474643 0.4378789
v -0.3508796 0.5474643 0.4378789
v -0.3508796 0.5474643 0.4378789
v -0.3508796 0.5474643 0.4378789
v -0.3508796 0.8589855 0.0195313
v -0.3508796 0.8589855 0.0195313
v -0.3508796 0.8589855 0.0195313
v -0.2745846 0.8589855 0.0195313
v -0.2745846 0.8589855 0.0195313
v -0.2745846 0.8589855 0.0195313
v -0.2745846 0.5474643 0.4378789
v -0.2745846 0.5474643 0.4378789
v -0.2745846 0.5474643 0.4378789
v -0.1945140 0.5474643 0.4378789
v -0.1945140 0.5474643 0.4378789
v -0.1945140 0.5474643 0.4378789
v -0.1945140 0.8589855 0.0195313
v -0.1945140 0.8589855 0.0195313
v -0.1945140 0.8589855 0.0195313
v -0.1182190 0.8589855 0.0195313
v -0.1182190 0.8589855 0.0195313
v -0.1182190 0.8589855 0.0195313
v -0.1182190 0.5474643 0.4378789
v -0.1182190 0.5474643 0.4378789
v -0.1182190 0.5474643 0.4378789
v -0.0381484 0.5474643 0.4378789
v -0.0381484 0.5474643 0.4378789
v -0.0381484 0.5474643 0.4378789
v -0.0381484 0.8589855 0.0195313
v -0.0381484 0.8589855 0.0195313
v -0.0381484 0.8589855 0.0195313
v 0.0381484 0.8589855 0.0195313
v 0.0381484 0.8589855 0.0195313
v 0.0381484 0.8589855 0.0195313
v 0.0381484 0.5474643 0.4378789
v 0.0381484 0.5474643 0.4378789
v 0.0381484 0.5474643 0.4378789
v 0.1182190 0.5474643 0.4378789
v 0.1182190 0.5474643 0.4378789
v 0.1182190 0.5474643 0.4378789
v 0.1182190 0.8589855 0.0195313
v 0.1182190 0.8589855 0.0195313
v 0.1182190 0.8589855 0.0195313
v 0.1945140 0.8589855 0.0195313
v 0.1945140 0.8589855 0.0195313
v 0.1945140 0.8589855 0.0195313
v 0.1945140 0.5474643 0.4378789
v 0.1945140 0.5474643 0.4378789
v 0.1945140 0.5474643 0.4378789
v 0.2745846 0.5474643 0.4378789
v 0.2745846 0.5474643 0.4378789
v 0.2745846 0.5474643 0.4378789
v 0.2745846 0.8589855 0.0195314
v 0.2745846 0.8589855 0.0195314
v 0.2745846 0.8589855 0.0195314
v 0.3508796 0.8589855 0.0195314
v 0.3508796 0.8589855 0.0195314
v 0.3508796 0.8589855 0.0195314
v 0.3508796 0.5474643 0.4378789
v 0.3508796 0.5474643 0.4378789
v 0.3508796 0.5474643 0.4378789
v 0.4309501 0.5474643 0.4378789
v 0.4309501 0.5474643 0.4378789
v 0.4309501 0.5474643 0.4378789
v 0.4309501 0.8589855 0.0195314
v 0.4309501 0.8589855 0.0195314
v 0.4309501 0.8589855 0.0195314
v 0.5072470 0.8589855 0.0195314
v 0.5072470 0.8589855 0.0195314
v 0.5072470 0.8589855 0.0195314
v 0.5072470 0.5474643 0.4378789
v 0.5072470 0.5474643 0.4378789
v 0.5072470 0.5474643 0.4378789
v 0.5873175 0.5474643 0.4378789
v 0.5873175 0.5474643 0.4378789
v 0.5873175 0.5474643 0.4378789
v 0.5873175 0.8589855 0.0195314
v 0.5873175 0.8589855 0.0195314
v 0.5873175 0.8589855 0.0195314
v 0.6636125 0.5361228 0.4294336
v 0.6636125 0.5361228 0.4294336
v 0.6636125 0.5361228 0.4294336
v 0.6636125 0.8476440 0.0110860
v 0.6636125 0.8476440 0.0110860
v 0.6636125 0.8476440 0.0110860
v 0.7436831 0.8476440 0.0110860
v 0.7436831 0.8476440 0.0110860
v 0.7436831 0.8476440 0.0110860
v 0.7436831 0.5361228 0.4294336
v 0.7436831 0.5361228 0.4294336
v 0.7436831 0.5361228 0.4294336
v -0.7436831 0.8476440 0.0110858
v -0.7436831 0.8476440 0.0110858
v -0.7436831 0.8476440 0.0110858
v -0.7436831 0.5361228 0.4294334
v -0.7436831 0.5361228 0.4294334
v -0.7436831 0.5361228 0.4294334
v -0.6636125 0.8476440 0.0110858
v -0.6636125 0.8476440 0.0110858
v -0.6636125 0.8476440 0.0110858
v -0.6636125 0.5361228 0.4294334
v -0.6636125 0.5361228 0.4294334
v -0.6636125 0.5361228 0.4294334
v -0.5873175 0.5361228 0.4294334
v -0.5873175 0.5361228 0.4294334
v -0.5873175 0.5361228 0.4294334
v -0.5873175 0.8476440 0.0110858
v -0.5873175 0.8476440 0.0110858
v -0.5873175 0.8476440 0.0110858
v -0.5072470 0.8476440 0.0110858
v -0.5072470 0.8476440 0.0110858
v -0.5072470 0.8476440 0.0110858
v -0.5072470 0.5361228 0.4294334
v -0.5072470 0.5361228 0.4294334
v -0.5072470 0.5361228 0.4294334
v -0.4309501 0.5361228 0.4294334
v -0.4309501 0.5361228 0.4294334
v -0.4309501 0.5361228 0.4294334
v -0.4309501 0.8476440 0.0110859
v -0.4309501 0.8476440 0.0110859
v -0.4309501 0.8476440 0.0110859
v -0.3508796 0.8476440 0.0110859
v -0.3508796 0.8476440 0.0110859
v -0.3508796 0.8476440 0.0110859
v -0.3508796 0.5361228 0.4294334
v -0.3508796 0.5361228 0.4294334
v -0.3508796 0.5361228 0.4294334
v -0.2745846 0.5361228 0.4294334
v -0.2745846 0.5361228 0.4294334
v -0.2745846 0.5361228 0.4294334
v -0.2745846 0.8476440 0.0110859
v -0.2745846 0.8476440 0.0110859
v -0.2745846 0.8476440 0.0110859
v -0.1945140 0.8476440 0.0110859
v -0.1945140 0.8476440 0.0110859
v -0.1945140 0.8476440 0.0110859
v -0.1945140 0.5361228 0.4294334
v -0.1945140 0.5361228 0.4294334
v -0.1945140 0.5361228 0.4294334
v -0.1182190 0.5361228 0.4294334
v -0.1182190 0.5361228 0.4294334
v -0.1182190 0.5361228 0.4294334
v -0.1182190 0.8476440 0.0110859
v -0.1182190 0.8476440 0.0110859
v -0.1182190 0.8476440 0.0110859
v -0.0381484 0.8476440 0.0110859
v -0.0381484 0.8476440 0.0110859
v -0.0381484 0.8476440 0.0110859
v -0.0381484 0.5361228 0.4294334
v -0.0381484 0.5361228 0.4294334
v -0.0381484 0.5361228 0.4294334
v 0.0381484 0.5361228 0.4294334
v 0.0381484 0.5361228 0.4294334
v 0.0381484 0.5361228 0.4294334
v 0.0381484 0.8476440 0.0110859
v 0.0381484 0.8476440 0.0110859
v 0.0381484 0.8476440 0.0110859
v 0.1182190 0.8476440 0.0110859
v 0.1182190 0.8476440 0.0110859
v 0.1182190 0.8476440 0.0110859
v 0.1182190 0.5361228 0.4294336
v 0.1182190 0.5361228 0.4294336
v 0.1182190 0.5361228 0.4294336
v 0.1945140 0.5361228 0.4294336
v 0.1945140 0.5361228 0.4294336
v 0.1945140 0.5361228 0.4294336
v 0.1945140 0.8476440 0.0110859
v 0.1945140 0.8476440 0.0110859
v 0.1945140 0.8476440 0.0110859
v 0.2745846 0.8476440 0.0110859
v 0.2745846 0.8476440 0.0110859
v 0.2745846 0.8476440 0.0110859
v 0.2745846 0.5361228 0.4294336
v 0.2745846 0.5361228 0.4294336
v 0.2745846 0.5361228 0.4294336
v 0.3508796 0.5361228 0.4294336
v 0.3508796 0.5361228 0.4294336
v 0.3508796 0.5361228 0.4294336
v 0.3508796 0.8476440 0.0110860
v 0.3508796 0.8476440 0.0110860
v 0.3508796 0.8476440 0.0110860
v 0.4309501 0.8476440 0.0110860
v 0.4309501 0.8476440 0.0110860
v 0.4309501 0.8476440 0.0110860
v 0.4309501 0.5361228 0.4294336
v 0.4309501 0.5361228 0.4294336
v 0.4309501 0.5361228 0.4294336
v 0.5072470 0.5361228 0.4294336
v 0.5072470 0.5361228 0.4294336
v 0.5072470 0.5361228 0.4294336
v 0.5072470 0.8476440 0.0110860
v 0.5072470 0.8476440 0.0110860
v 0.5072470 0.8476440 0.0110860
v 0.5873175 0.8476440 0.0110860
v 0.5873175 0.8476440 0.0110860
v 0.5873175 0.8476440 0.0110860
v 0.5873175 0.5361228 0.4294336
v 0.5873175 0.5361228 0.4294336
v 0.5873175 0.5361228 0.4294336
v 0.7818315 0.5071832 -0.4908038
v 0.7818315 0.5071832 -0.4908038
v 0.7818315 0.5071832 -0.4908038
v -0.7818315 0.5071832 -0.4908040
v -0.7818315 0.5071832 -0.4908040
v -0.7818315 0.5071832 -0.4908040
v 0.7818315 0.8642719 -0.0112628
v 0.7818315 0.8642719 -0.0112628
v 0.7818315 0.8642719 -0.0112628
v -0.7818315 0.8642719 -0.0112630
v -0.7818315 0.8642719 -0.0112630
v -0.7818315 0.8642719 -0.0112630
v 0.7818315 0.8817693 -0.0242921
v 0.7818315 0.8817693 -0.0242921
v 0.7818315 0.8817693 -0.0242921
v 0.7818315 0.5246805 -0.5038331
v 0.7818315 0.5246805 -0.5038331
v 0.7818315 0.5246805 -0.5038331
v -0.7818315 0.8817693 -0.0242923
v -0.7818315 0.8817693 -0.0242923
v -0.7818315 0.8817693 -0.0242923
v -0.7818315 0.5246805 -0.5038333
v -0.7818315 0.5246805 -0.5038333
v -0.7818315 0.5246805 -0.5038333
v 0.6254641 0.5071832 -0.4908038
v 0.6254641 0.5071832 -0.4908038
v 0.4690985 0.5071832 -0.4908038
v 0.4690985 0.5071832 -0.4908038
v 0.3127330 0.5071832 -0.4908038
v 0.3127330 0.5071832 -0.4908038
v 0.1563656 0.5071832 -0.4908039
v 0.1563656 0.5071832 -0.4908039
v 0.0000000 0.5071832 -0.4908039
v 0.0000000 0.5071832 -0.4908039
v -0.1563656 0.5071832 -0.4908039
v -0.1563656 0.5071832 -0.4908039
v -0.3127330 0.5071832 -0.4908040
v -0.3127330 0.5071832 -0.4908040
v -0.4690985 0.5071832 -0.4908040
v -0.4690985 0.5071832 -0.4908040
v -0.6254641 0.5071832 -0.4908040
v -0.6254641 0.5071832 -0.4908040
v 0.6254641 0.8642719 -0.0112628
v 0.6254641 0.8642719 -0.0112628
v 0.4690985 0.8642719 -0.0112628
v 0.4690985 0.8642719 -0.0112628
v 0.3127330 0.8642719 -0.0112629
v 0.3127330 0.8642719 -0.0112629
v 0.1563656 0.8642719 -0.0112629
v 0.1563656 0.8642719 -0.0112629
v 0.0000000 0.8642719 -0.0112629
v 0.0000000 0.8642719 -0.0112629
v -0.1563656 0.8642719 -0.0112629
v -0.1563656 0.8642719 -0.0112629
v -0.3127330 0.8642719 -0.0112629
v -0.3127330 0.8642719 -0.0112629
v -0.4690985 0.8642719 -0.0112630
v -0.4690985 0.8642719 -0.0112630
v -0.6254641 0.8642719 -0.0112630
v -0.6254641 0.8642719 -0.0112630
v 0.6254641 0.5246805 -0.5038331
v 0.6254641 0.5246805 -0.5038331
v 0.4690985 0.5246805 -0.5038331
v 0.4690985 0.5246805 -0.5038331
v 0.3127330 0.5246805 -0.5038331
v 0.3127330 0.5246805 -0.5038331
v 0.1563656 0.5246805 -0.5038332
v 0.1563656 0.5246805 -0.5038332
v 0.0000000 0.5246805 -0.5038332
v 0.0000000 0.5246805 -0.5038332
v -0.1563656 0.5246805 -0.5038332
v -0.1563656 0.5246805 -0.5038332
v -0.3127330 0.5246805 -0.5038333
v -0.3127330 0.5246805 -0.5038333
v -0.4690985 0.5246805 -0.5038333
v -0.4690985 0.5246805 -0.5038333
v -0.6254641 0.5246805 -0.5038333
v -0.6254641 0.5246805 -0.5038333
v 0.6254641 0.8817693 -0.0242921
v 0.6254641 0.8817693 -0.0242921
v 0.4690985 0.8817693 -0.0242921
v 0.4690985 0.8817693 -0.0242921
v 0.3127330 0.8817693 -0.0242922
v 0.3127330 0.8817693 -0.0242922
v 0.1563656 0.8817693 -0.0242922
v 0.1563656 0.8817693 -0.0242922
v 0.0000000 0.8817693 -0.0242922
v 0.0000000 0.8817693 -0.0242922
v -0.1563656 0.8817693 -0.0242922
v -0.1563656 0.8817693 -0.0242922
v -0.3127330 0.8817693 -0.0242922
v -0.3127330 0.8817693 -0.0242922
v -0.4690985 0.8817693 -0.0242923
v -0.4690985 0.8817693 -0.0242923
v -0.6254641 0.8817693 -0.0242923
v -0.6254641 0.8817693 -0.0242923
v 0.6636125 0.8589855 -0.0548888
v 0.6636125 0.8589855 -0.0548888
v 0.6636125 0.8589855 -0.0548888
v 0.6636125 0.5474643 -0.4732364
v 0.6636125 0.5474643 -0.4732364
v 0.6636125 0.5474643 -0.4732364
v 0.7436831 0.5474643 -0.4732364
v 0.7436831 0.5474643 -0.4732364
v 0.7436831 0.5474643 -0.4732364
v 0.7436831 0.8589855 -0.0548888
v 0.7436831 0.8589855 -0.0548888
v 0.7436831 0.8589855 -0.0548888
v -0.7436831 0.8589855 -0.0548890
v -0.7436831 0.8589855 -0.0548890
v -0.7436831 0.8589855 -0.0548890
v -0.7436831 0.5474643 -0.4732367
v -0.7436831 0.5474643 -0.4732367
v -0.7436831 0.5474643 -0.4732367
v -0.6636125 0.5474643 -0.4732367
v -0.6636125 0.5474643 -0.4732367
v -0.6636125 0.5474643 -0.4732367
v -0.6636125 0.8589855 -0.0548890
v -0.6636125 0.8589855 -0.0548890
v -0.6636125 0.8589855 -0.0548890
v -0.5873175 0.8589855 -0.0548890
v -0.5873175 0.8589855 -0.0548890
v -0.5873175 0.8589855 -0.0548890
v -0.5873175 0.5474643 -0.4732365
v -0.5873175 0.5474643 -0.4732365
v -0.5873175 0.5474643 -0.4732365
v -0.5072470 0.5474643 -0.4732365
v -0.5072470 0.5474643 -0.4732365
v -0.5072470 0.5474643 -0.4732365
v -0.5072470 0.8589855 -0.0548890
v -0.5072470 0.8589855 -0.0548890
v -0.5072470 0.8589855 -0.0548890
v -0.4309501 0.8589855 -0.0548890
v -0.4309501 0.8589855 -0.0548890
v -0.4309501 0.8589855 -0.0548890
v -0.4309501 0.5474643 -0.4732365
v -0.4309501 0.5474643 -0.4732365
v -0.4309501 0.5474643 -0.4732365
v -0.3508796 0.5474643 -0.4732365
v -0.3508796 0.5474643 -0.4732365
v -0.3508796 0.5474643 -0.4732365
v -0.3508796 0.8589855 -0.0548890
v -0.3508796 0.8589855 -0.0548890
v -0.3508796 0.8589855 -0.0548890
v -0.2745846 0.8589855 -0.0548890
v -0.2745846 0.8589855 -0.0548890
v -0.2745846 0.8589855 -0.0548890
v -0.2745846 0.5474643 -0.4732365
v -0.2745846 0.5474643 -0.4732365
v -0.2745846 0.5474643 -0.4732365
v -0.1945140 0.5474643 -0.4732365
v -0.1945140 0.5474643 -0.4732365
v -0.1945140 0.5474643 -0.4732365
v -0.1945140 0.8589855 -0.0548889
v -0.1945140 0.8589855 -0.0548889
v -0.1945140 0.8589855 -0.0548889
v -0.1182190 0.8589855 -0.0548889
v -0.1182190 0.8589855 -0.0548889
v -0.1182190 0.8589855 -0.0548889
v -0.1182190 0.5474643 -0.4732365
v -0.1182190 0.5474643 -0.4732365
v -0.1182190 0.5474643 -0.4732365
v -0.0381484 0.5474643 -0.4732365
v -0.0381484 0.5474643 -0.4732365
v -0.0381484 0.5474643 -0.4732365
v -0.0381484 0.8589855 -0.0548889
v -0.0381484 0.8589855 -0.0548889
v -0.0381484 0.8589855 -0.0548889
v 0.0381484 0.8589855 -0.0548889
v 0.0381484 0.8589855 -0.0548889
v 0.0381484 0.8589855 -0.0548889
v 0.0381484 0.5474643 -0.4732365
v 0.0381484 0.5474643 -0.4732365
v 0.0381484 0.5474643 -0.4732365
v 0.1182190 0.5474643 -0.4732365
v 0.1182190 0.5474643 -0.4732365
v 0.1182190 0.5474643 -0.4732365
v 0.1182190 0.8589855 -0.0548889
v 0.1182190 0.8589855 -0.0548889
v 0.1182190 0.8589855 -0.0548889
v 0.1945140 0.8589855 -0.0548889
v 0.1945140 0.8589855 -0.0548889
v 0.1945140 0.8589855 -0.0548889
v 0.1945140 0.5474643 -0.4732365
v 0.1945140 0.5474643 -0.4732365
v 0.1945140 0.5474643 -0.4732365
v 0.2745846 0.5474643 -0.4732365
v 0.2745846 0.5474643 -0.4732365
v 0.2745846 0.5474643 -0.4732365
v 0.2745846 0.8589855 -0.0548889
v 0.2745846 0.8589855 -0.0548889
v 0.2745846 0.8589855 -0.0548889
v 0.3508796 0.8589855 -0.0548889
v 0.3508796 0.8589855 -0.0548889
v 0.3508796 0.8589855 -0.0548889
v 0.3508796 0.5474643 -0.4732364
v 0.3508796 0.5474643 -0.4732364
v 0.3508796 0.5474643 -0.4732364
v 0.4309501 0.5474643 -0.4732364
v 0.4309501 0.5474643 -0.4732364
v 0.4309501 0.5474643 -0.4732364
v 0.4309501 0.8589855 -0.0548889
v 0.4309501 0.8589855 -0.0548889
v 0.4309501 0.8589855 -0.0548889
v 0.5072470 0.8589855 -0.0548888
v 0.5072470 0.8589855 -0.0548888
v 0.5072470 0.8589855 -0.0548888
v 0.5072470 0.5474643 -0.4732364
v 0.5072470 0.5474643 -0.4732364
v 0.5072470 0.5474643 -0.4732364
v 0.5873175 0.5474643 -0.4732364
v 0.5873175 0.5474643 -0.4732364
v 0.5873175 0.5474643 -0.4732364
v 0.5873175 0.8589855 -0.0548888
v 0.5873175 0.8589855 -0.0548888
v 0.5873175 0.8589855 -0.0548888
v 0.6636125 0.5361228 -0.4647910
v 0.6636125 0.5361228 -0.4647910
v 0.6636125 0.5361228 -0.4647910
v 0.6636125 0.8476440 -0.0464434
v 0.6636125 0.8476440 -0.0464434
v 0.6636125 0.8476440 -0.0464434
v 0.7436831 0.8476440 -0.0464434
v 0.7436831 0.8476440 -0.0464434
v 0.7436831 0.8476440 -0.0464434
v 0.7436831 0.5361228 -0.4647910
v 0.7436831 0.5361228 -0.4647910
v 0.7436831 0.5361228 -0.4647910
v -0.7436831 0.8476440 -0.0464436
v -0.7436831 0.8476440 -0.0464436
v -0.7436831 0.8476440 -0.0464436
v -0.7436831 0.5361228 -0.4647913
v -0.7436831 0.5361228 -0.4647913
v -0.7436831 0.5361228 -0.4647913
v -0.6636125 0.8476440 -0.0464436
v -0.6636125 0.8476440 -0.0464436
v -0.6636125 0.8476440 -0.0464436
v -0.6636125 0.5361228 -0.4647913
v -0.6636125 0.5361228 -0.4647913
v -0.6636125 0.5361228 -0.4647913
v -0.5873175 0.5361228 -0.4647913
v -0.5873175 0.5361228 -0.4647913
v -0.5873175 0.5361228 -0.4647913
v -0.5873175 0.8476440 -0.0464436
v -0.5873175 0.8476440 -0.0464436
v -0.5873175 0.8476440 -0.0464436
v -0.5072470 0.8476440 -0.0464436
v -0.5072470 0.8476440 -0.0464436
v -0.5072470 0.8476440 -0.0464436
v -0.5072470 0.5361228 -0.4647913
v -0.5072470 0.5361228 -0.4647913
v -0.5072470 0.5361228 -0.4647913
v -0.4309501 0.5361228 -0.4647911
v -0.4309501 0.5361228 -0.4647911
v -0.4309501 0.5361228 -0.4647911
v -0.4309501 0.8476440 -0.0464436
v -0.4309501 0.8476440 -0.0464436
v -0.4309501 0.8476440 -0.0464436
v -0.3508796 0.8476440 -0.0464435
v -0.3508796 0.8476440 -0.0464435
v -0.3508796 0.8476440 -0.0464435
v -0.3508796 0.5361228 -0.4647911
v -0.3508796 0.5361228 -0.4647911
v -0.3508796 0.5361228 -0.4647911
v -0.2745846 0.5361228 -0.4647911
v -0.2745846 0.5361228 -0.4647911
v -0.2745846 0.5361228 -0.4647911
v -0.2745846 0.8476440 -0.0464435
v -0.2745846 0.8476440 -0.0464435
v -0.2745846 0.8476440 -0.0464435
v -0.1945140 0.8476440 -0.0464435
v -0.1945140 0.8476440 -0.0464435
v -0.1945140 0.8476440 -0.0464435
v -0.1945140 0.5361228 -0.4647911
v -0.1945140 0.5361228 -0.4647911
v -0.1945140 0.5361228 -0.4647911
v -0.1182190 0.5361228 -0.4647911
v -0.1182190 0.5361228 -0.4647911
v -0.1182190 0.5361228 -0.4647911
v -0.1182190 0.8476440 -0.0464435
v -0.1182190 0.8476440 -0.0464435
v -0.1182190 0.8476440 -0.0464435
v -0.0381484 0.8476440 -0.0464435
v -0.0381484 0.8476440 -0.0464435
v -0.0381484 0.8476440 -0.0464435
v -0.0381484 0.5361228 -0.4647911
v -0.0381484 0.5361228 -0.4647911
v -0.0381484 0.5361228 -0.4647911
v 0.0381484 0.5361228 -0.4647911
v 0.0381484 0.5361228 -0.4647911
v 0.0381484 0.5361228 -0.4647911
v 0.0381484 0.8476440 -0.0464435
v 0.0381484 0.8476440 -0.0464435
v 0.0381484 0.8476440 -0.0464435
v 0.1182190 0.8476440 -0.0464435
v 0.1182190 0.8476440 -0.0464435
v 0.1182190 0.8476440 -0.0464435
v 0.1182190 0.5361228 -0.4647910
v 0.1182190 0.5361228 -0.4647910
v 0.1182190 0.5361228 -0.4647910
v 0.1945140 0.5361228 -0.4647910
v 0.1945140 0.5361228 -0.4647910
v 0.1945140 0.5361228 -0.4647910
v 0.1945140 0.8476440 -0.0464435
v 0.1945140 0.8476440 -0.0464435
v 0.1945140 0.8476440 -0.0464435
v 0.2745846 0.8476440 -0.0464435
v 0.2745846 0.8476440 -0.0464435
v 0.2745846 0.8476440 -0.0464435
v 0.2745846 0.5361228 -0.4647910
v 0.2745846 0.5361228 -0.4647910
v 0.2745846 0.5361228 -0.4647910
v 0.3508796 0.5361228 -0.4647910
v 0.3508796 0.5361228 -0.4647910
v 0.3508796 0.5361228 -0.4647910
v 0.3508796 0.8476440 -0.0464435
v 0.3508796 0.8476440 -0.0464435
v 0.3508796 0.8476440 -0.0464435
v 0.4309501 0.8476440 -0.0464434
v 0.4309501 0.8476440 -0.0464434
v 0.4309501 0.8476440 -0.0464434
v 0.4309501 0.5361228 -0.4647910
v 0.4309501 0.5361228 -0.4647910
v 0.4309501 0.5361228 -0.4647910
v 0.5072470 0.5361228 -0.4647910
v 0.5072470 0.5361228 -0.4647910
v 0.5072470 0.5361228 -0.4647910
v 0.5072470 0.8476440 -0.0464434
v 0.5072470 0.8476440 -0.0464434
v 0.5072470 0.8476440 -0.0464434
v 0.5873175 0.8476440 -0.0464434
v 0.5873175 0.8476440 -0.0464434
v 0.5873175 0.8476440 -0.0464434
v 0.5873175 0.5361228 -0.4647910
v 0.5873175 0.5361228 -0.4647910
v 0.5873175 0.5361228 -0.4647910
v 0.4082185 0.5807840 0.1493208
v 0.4082185 0.5807840 0.1493208
v 0.4082185 0.6874342 0.1493208
v 0.4082185 0.6874342 0.1493208
v 0.4082185 0.5807840 0.3717861
v 0.4082185 0.5807840 0.3717861
v 0.4082185 0.5807840 0.3717861
v 0.4082185 0.6874342 0.3717861
v 0.4082185 0.6874342 0.3717861
v 0.4082185 0.6874342 0.3717861
v 0.4082185 0.6874342 0.3717861
v -0.4082185 0.5807840 0.1493207
v -0.4082185 0.5807840 0.1493207
v -0.4082185 0.6874342 0.1493207
v -0.4082185 0.6874342 0.1493207
v -0.4082185 0.5807840 0.3717859
v -0.4082185 0.5807840 0.3717859
v -0.4082185 0.5807840 0.3717859
v -0.4082185 0.6874342 0.3717859
v -0.4082185 0.6874342 0.3717859
v -0.4082185 0.6874342 0.3717859
v -0.4082185 0.6874342 0.3717859
v 0.4529365 0.7115062 0.1371358
v 0.4529365 0.7115062 0.1371358
v 0.4529365 0.7115062 0.3994433
v 0.4529365 0.7115062 0.3994433
v 0.4529365 0.7115062 0.3994433
v 0.4529365 0.7115062 0.3994433
v -0.4529365 0.7115062 0.3994431
v -0.4529365 0.7115062 0.3994431
v -0.4529365 0.7115062 0.3994431
v -0.4529365 0.7115062 0.3994431
v -0.4529365 0.7115062 0.1371356
v -0.4529365 0.7115062 0.1371356
v 0.4529365 0.7334435 0.1371358
v 0.4529365 0.7334435 0.1371358
v 0.4529365 0.7334435 0.3994433
v 0.4529365 0.7334435 0.3994433
v 0.4529365 0.7334435 0.3994433
v -0.4529365 0.7334435 0.3994431
v -0.4529365 0.7334435 0.3994431
v -0.4529365 0.7334435 0.3994431
v -0.4529365 0.7334435 0.1371356
v -0.4529365 0.7334435 0.1371356
v -0.1360734 0.5807840 0.3717859
v -0.1360734 0.5807840 0.3717859
v 0.1360734 0.5807840 0.3717859
v 0.1360734 0.5807840 0.3717859
v 0.1360734 0.6874342 0.3717859
v 0.1360734 0.6874342 0.3717859
v -0.1360734 0.6874342 0.3717859
v -0.1360734 0.6874342 0.3717859
v 0.1360734 0.5807840 0.1493207
v -0.1360734 0.5807840 0.1493207
v -0.1509794 0.7115062 0.3994433
v -0.1509794 0.7115062 0.3994433
v 0.1509794 0.7334435 0.3994433
v 0.1509794 0.7334435 0.3994433
v -0.1509794 0.7334435 0.3994433
v -0.1509794 0.7334435 0.3994433
v -0.1509794 0.7334435 0.1371357
v 0.1509794 0.7334435 0.1371357
v -0.1590305 0.6037412 0.3717859
v -0.1590305 0.6037412 0.3717859
v -0.1590305 0.6037412 0.3717859
v -0.1590305 0.6644770 0.3717859
v -0.1590305 0.6644770 0.3717859
v -0.1590305 0.6644770 0.3717859
v -0.3852615 0.6644770 0.3717859
v -0.3852615 0.6644770 0.3717859
v -0.3852615 0.6644770 0.3717859
v -0.3852615 0.6037412 0.3717859
v -0.3852615 0.6037412 0.3717859
v -0.3852615 0.6037412 0.3717859
v 0.3852615 0.6037412 0.3717861
v 0.3852615 0.6037412 0.3717861
v 0.3852615 0.6037412 0.3717861
v 0.3852615 0.6644770 0.3717861
v 0.3852615 0.6644770 0.3717861
v 0.3852615 0.6644770 0.3717861
v 0.1590305 0.6644770 0.3717859
v 0.1590305 0.6644770 0.3717859
v 0.1590305 0.6644770 0.3717859
v 0.1590305 0.6037412 0.3717859
v 0.1590305 0.6037412 0.3717859
v 0.1590305 0.6037412 0.3717859
v 0.1131164 0.6037412 0.3717859
v 0.1131164 0.6037412 0.3717859
v 0.1131164 0.6037412 0.3717859
v 0.1131164 0.6644770 0.3717859
v 0.1131164 0.6644770 0.3717859
v 0.1131164 0.6644770 0.3717859
v -0.1131164 0.6644770 0.3717859
v -0.1131164 0.6644770 0.3717859
v -0.1131164 0.6644770 0.3717859
v -0.1131164 0.6037412 0.3717859
v -0.1131164 0.6037412 0.3717859
v -0.1131164 0.6037412 0.3717859
v -0.1590305 0.6644770 0.3623056
v -0.1590305 0.6644770 0.3623056
v -0.1590305 0.6644770 0.3623056
v -0.1590305 0.6037412 0.3623056
v -0.1590305 0.6037412 0.3623056
v -0.1590305 0.6037412 0.3623056
v -0.3852615 0.6037412 0.3623056
v -0.3852615 0.6037412 0.3623056
v -0.3852615 0.6037412 0.3623056
v -0.3852615 0.6644770 0.3623056
v -0.3852615 0.6644770 0.3623056
v -0.3852615 0.6644770 0.3623056
v 0.3852615 0.6644770 0.3623056
v 0.3852615 0.6644770 0.3623056
v 0.3852615 0.6644770 0.3623056
v 0.3852615 0.6037412 0.3623056
v 0.3852615 0.6037412 0.3623056
v 0.3852615 0.6037412 0.3623056
v 0.1590305 0.6037412 0.3623056
v 0.1590305 0.6037412 0.3623056
v 0.1590305 0.6037412 0.3623056
v 0.1590305 0.6644770 0.3623056
v 0.1590305 0.6644770 0.3623056
v 0.1590305 0.6644770 0.3623056
v 0.1131164 0.6644770 0.3623056
v 0.1131164 0.6644770 0.3623056
v 0.1131164 0.6644770 0.3623056
v 0.1131164 0.6037412 0.3623056
v 0.1131164 0.6037412 0.3623056
v 0.1131164 0.6037412 0.3623056
v -0.1131164 0.6037412 0.3623056
v -0.1131164 0.6037412 0.3623056
v -0.1131164 0.6037412 0.3623056
v -0.1131164 0.6644770 0.3623056
v -0.1131164 0.6644770 0.3623056
v -0.1131164 0.6644770 0.3623056
v 0.0754897 0.7334435 0.3994433
v 0.0754897 0.7334435 0.3994433
v 0.0000000 0.7334435 0.3994433
v 0.0000000 0.7334435 0.3994433
v -0.0754897 0.7334435 0.3994433
v -0.0754897 0.7334435 0.3994433
v -0.0754897 0.7334435 0.1371357
v 0.0000000 0.7334435 0.1371357
v 0.0754897 0.7334435 0.1371357
v -0.2264691 0.7334435 0.3994433
v -0.2264691 0.7334435 0.3994433
v -0.3019589 0.7334435 0.3994431
v -0.3019589 0.7334435 0.3994431
v -0.3774467 0.7334435 0.3994431
v -0.3774467 0.7334435 0.3994431
v -0.3774467 0.7334435 0.1371357
v -0.3019589 0.7334435 0.1371357
v -0.2264691 0.7334435 0.1371357
v 0.2264691 0.7334435 0.1371357
v 0.3019589 0.7334435 0.1371357
v 0.3774467 0.7334435 0.1371357
v 0.3774467 0.7334435 0.3994433
v 0.3774467 0.7334435 0.3994433
v 0.3019589 0.7334435 0.3994433
v 0.3019589 0.7334435 0.3994433
v 0.2264691 0.7334435 0.3994433
v 0.2264691 0.7334435 0.3994433
v 0.3856087 0.7334435 0.3912821
v 0.3856087 0.7334435 0.3912821
v 0.3856087 0.7334435 0.3912821
v 0.4447763 0.7334435 0.3912821
v 0.4447763 0.7334435 0.3912821
v 0.4447763 0.7334435 0.3912821
v 0.4447763 0.7334435 0.1452972
v 0.4447763 0.7334435 0.1452972
v 0.4447763 0.7334435 0.1452972
v 0.3856087 0.7334435 0.1452972
v 0.3856087 0.7334435 0.1452972
v 0.3856087 0.7334435 0.1452972
v -0.2183072 0.7334435 0.3912818
v -0.2183072 0.7334435 0.3912818
v -0.2183072 0.7334435 0.3912818
v -0.1591414 0.7334435 0.3912818
v -0.1591414 0.7334435 0.3912818
v -0.1591414 0.7334435 0.3912818
v -0.1591395 0.7334435 0.1452971
v -0.1591395 0.7334435 0.1452971
v -0.1591395 0.7334435 0.1452971
v -0.2183072 0.7334435 0.1452971
v -0.2183072 0.7334435 0.1452971
v -0.2183072 0.7334435 0.1452971
v 0.0836516 0.7334435 0.3912818
v 0.0836516 0.7334435 0.3912818
v 0.0836516 0.7334435 0.3912818
v 0.1428175 0.7334435 0.3912818
v 0.1428175 0.7334435 0.3912818
v 0.1428175 0.7334435 0.3912818
v 0.1428175 0.7334435 0.1452971
v 0.1428175 0.7334435 0.1452971
v 0.1428175 0.7334435 0.1452971
v 0.0836516 0.7334435 0.1452971
v 0.0836516 0.7334435 0.1452971
v 0.0836516 0.7334435 0.1452971
v -0.1428175 0.7334435 0.3912818
v -0.1428175 0.7334435 0.3912818
v -0.1428175 0.7334435 0.3912818
v -0.0836516 0.7334435 0.3912818
v -0.0836516 0.7334435 0.3912818
v -0.0836516 0.7334435 0.3912818
v -0.0836516 0.7334435 0.1452971
v -0.0836516 0.7334435 0.1452971
v -0.0836516 0.7334435 0.1452971
v -0.1428175 0.7334435 0.1452971
v -0.1428175 0.7334435 0.1452971
v -0.1428175 0.7334435 0.1452971
v -0.0673278 0.7334435 0.3912818
v -0.0673278 0.7334435 0.3912818
v -0.0673278 0.7334435 0.3912818
v -0.0081619 0.7334435 0.3912818
v -0.0081619 0.7334435 0.3912818
v -0.0081619 0.7334435 0.3912818
v -0.0081619 0.7334435 0.1452971
v -0.0081619 0.7334435 0.1452971
v -0.0081619 0.7334435 0.1452971
v -0.0673278 0.7334435 0.1452971
v -0.0673278 0.7334435 0.1452971
v -0.0673278 0.7334435 0.1452971
v 0.0081619 0.7334435 0.3912818
v 0.0081619 0.7334435 0.3912818
v 0.0081619 0.7334435 0.3912818
v 0.0673278 0.7334435 0.3912818
v 0.0673278 0.7334435 0.3912818
v 0.0673278 0.7334435 0.3912818
v 0.0673278 0.7334435 0.1452971
v 0.0673278 0.7334435 0.1452971
v 0.0673278 0.7334435 0.1452971
v 0.0081619 0.7334435 0.1452971
v 0.0081619 0.7334435 0.1452971
v 0.0081619 0.7334435 0.1452971
v -0.4447763 0.7334435 0.3912818
v -0.4447763 0.7334435 0.3912818
v -0.4447763 0.7334435 0.3912818
v -0.3856087 0.7334435 0.3912818
v -0.3856087 0.7334435 0.3912818
v -0.3856087 0.7334435 0.3912818
v -0.3856087 0.7334435 0.1452970
v -0.3856087 0.7334435 0.1452970
v -0.3856087 0.7334435 0.1452970
v -0.4447763 0.7334435 0.1452970
v -0.4447763 0.7334435 0.1452970
v -0.4447763 0.7334435 0.1452970
v -0.3692866 0.7334435 0.3912818
v -0.3692866 0.7334435 0.3912818
v -0.3692866 0.7334435 0.3912818
v -0.3101190 0.7334435 0.3912818
v -0.3101190 0.7334435 0.3912818
v -0.3101190 0.7334435 0.3912818
v -0.3101190 0.7334435 0.1452971
v -0.3101190 0.7334435 0.1452971
v -0.3101190 0.7334435 0.1452971
v -0.3692866 0.7334435 0.1452970
v -0.3692866 0.7334435 0.1452970
v -0.3692866 0.7334435 0.1452970
v -0.2937969 0.7334435 0.3912818
v -0.2937969 0.7334435 0.3912818
v -0.2937969 0.7334435 0.3912818
v -0.2346293 0.7334435 0.3912818
v -0.2346293 0.7334435 0.3912818
v -0.2346293 0.7334435 0.3912818
v -0.2346293 0.7334435 0.1452971
v -0.2346293 0.7334435 0.1452971
v -0.2346293 0.7334435 0.1452971
v -0.2937969 0.7334435 0.1452971
v -0.2937969 0.7334435 0.1452971
v -0.2937969 0.7334435 0.1452971
v 0.1591395 0.7334435 0.3912818
v 0.1591395 0.7334435 0.3912818
v 0.1591395 0.7334435 0.3912818
v 0.2183072 0.7334435 0.3912818
v 0.2183072 0.7334435 0.3912818
v 0.2183072 0.7334435 0.3912818
v 0.2183072 0.7334435 0.1452971
v 0.2183072 0.7334435 0.1452971
v 0.2183072 0.7334435 0.1452971
v 0.1591395 0.7334435 0.1452971
v 0.1591395 0.7334435 0.1452971
v 0.1591395 0.7334435 0.1452971
v 0.2346293 0.7334435 0.3912818
v 0.2346293 0.7334435 0.3912818
v 0.2346293 0.7334435 0.3912818
v 0.2937969 0.7334435 0.3912821
v 0.2937969 0.7334435 0.3912821
v 0.2937969 0.7334435 0.3912821
v 0.2937969 0.7334435 0.1452971
v 0.2937969 0.7334435 0.1452971
v 0.2937969 0.7334435 0.1452971
v 0.2346293 0.7334435 0.1452971
v 0.2346293 0.7334435 0.1452971
v 0.2346293 0.7334435 0.1452971
v 0.3101190 0.7334435 0.3912821
v 0.3101190 0.7334435 0.3912821
v 0.3101190 0.7334435 0.3912821
v 0.3692866 0.7334435 0.3912821
v 0.3692866 0.7334435 0.3912821
v 0.3692866 0.7334435 0.3912821
v 0.3692866 0.7334435 0.1452972
v 0.3692866 0.7334435 0.1452972
v 0.3692866 0.7334435 0.1452972
v 0.3101190 0.7334435 0.1452971
v 0.3101190 0.7334435 0.1452971
v 0.3101190 0.7334435 0.1452971
v 0.4447763 0.7243394 0.3912821
v 0.4447763 0.7243394 0.3912821
v 0.4447763 0.7243394 0.3912821
v 0.3856087 0.7243394 0.3912821
v 0.3856087 0.7243394 0.3912821
v 0.3856087 0.7243394 0.3912821
v 0.3856087 0.7243394 0.1452972
v 0.3856087 0.7243394 0.1452972
v 0.3856087 0.7243394 0.1452972
v 0.4447763 0.7243394 0.1452972
v 0.4447763 0.7243394 0.1452972
v 0.4447763 0.7243394 0.1452972
v -0.1591414 0.7243394 0.3912818
v -0.1591414 0.7243394 0.3912818
v -0.1591414 0.7243394 0.3912818
v -0.2183072 0.7243394 0.3912818
v -0.2183072 0.7243394 0.3912818
v -0.2183072 0.7243394 0.3912818
v -0.2183072 0.7243394 0.1452971
v -0.2183072 0.7243394 0.1452971
v -0.2183072 0.7243394 0.1452971
v -0.1591395 0.7243394 0.1452971
v -0.1591395 0.7243394 0.1452971
v -0.1591395 0.7243394 0.1452971
v 0.1428175 0.7243394 0.3912818
v 0.1428175 0.7243394 0.3912818
v 0.1428175 0.7243394 0.3912818
v 0.0836516 0.7243394 0.3912818
v 0.0836516 0.7243394 0.3912818
v 0.0836516 0.7243394 0.3912818
v 0.0836516 0.7243394 0.1452971
v 0.0836516 0.7243394 0.1452971
v 0.0836516 0.7243394 0.1452971
v 0.1428175 0.7243394 0.1452971
v 0.1428175 0.7243394 0.1452971
v 0.1428175 0.7243394 0.1452971
v -0.0836516 0.7243394 0.3912818
v -0.0836516 0.7243394 0.3912818
v -0.0836516 0.7243394 0.3912818
v -0.1428175 0.7243394 0.3912818
v -0.1428175 0.7243394 0.3912818
v -0.1428175 0.7243394 0.3912818
v -0.1428175 0.7243394 0.1452971
v -0.1428175 0.7243394 0.1452971
v -0.1428175 0.7243394 0.1452971
v -0.0836516 0.7243394 0.1452971
v -0.0836516 0.7243394 0.1452971
v -0.0836516 0.7243394 0.1452971
v -0.0081619 0.7243394 0.3912818
v -0.0081619 0.7243394 0.3912818
v -0.0081619 0.7243394 0.3912818
v -0.0673278 0.7243394 0.3912818
v -0.0673278 0.7243394 0.3912818
v -0.0673278 0.7243394 0.3912818
v -0.0673278 0.7243394 0.1452971
v -0.0673278 0.7243394 0.1452971
v -0.0673278 0.7243394 0.1452971
v -0.0081619 0.7243394 0.1452971
v -0.0081619 0.7243394 0.1452971
v -0.0081619 0.7243394 0.1452971
v 0.0673278 0.7243394 0.3912818
v 0.0673278 0.7243394 0.3912818
v 0.0673278 0.7243394 0.3912818
v 0.0081619 0.7243394 0.3912818
v 0.0081619 0.7243394 0.3912818
v 0.0081619 0.7243394 0.3912818
v 0.0081619 0.7243394 0.1452971
v 0.0081619 0.7243394 0.1452971
v 0.0081619 0.7243394 0.1452971
v 0.0673278 0.7243394 0.1452971
v 0.0673278 0.7243394 0.1452971
v 0.0673278 0.7243394 0.1452971
v -0.3856087 0.7243394 0.3912818
v -0.3856087 0.7243394 0.3912818
v -0.3856087 0.7243394 0.3912818
v -0.4447763 0.7243394 0.3912818
v -0.4447763 0.7243394 0.3912818
v -0.4447763 0.7243394 0.3912818
v -0.4447763 0.7243394 0.1452970
v -0.4447763 0.7243394 0.1452970
v -0.4447763 0.7243394 0.1452970
v -0.3856087 0.7243394 0.1452970
v -0.3856087 0.7243394 0.1452970
v -0.3856087 0.7243394 0.1452970
v -0.3101190 0.7243394 0.3912818
v -0.3101190 0.7243394 0.3912818
v -0.3101190 0.7243394 0.3912818
v -0.3692866 0.7243394 0.3912818
v -0.3692866 0.7243394 0.3912818
v -0.3692866 0.7243394 0.3912818
v -0.3692866 0.7243394 0.1452970
v -0.3692866 0.7243394 0.1452970
v -0.3692866 0.7243394 0.1452970
v -0.3101190 0.7243394 0.1452971
v -0.3101190 0.7243394 0.1452971
v -0.3101190 0.7243394 0.1452971
v -0.2346293 0.7243394 0.3912818
v -0.2346293 0.7243394 0.3912818
v -0.2346293 0.7243394 0.3912818
v -0.2937969 0.7243394 0.3912818
v -0.2937969 0.7243394 0.3912818
v -0.2937969 0.7243394 0.3912818
v -0.2937969 0.7243394 0.1452971
v -0.2937969 0.7243394 0.1452971
v -0.2937969 0.7243394 0.1452971
v -0.2346293 0.7243394 0.1452971
v -0.2346293 0.7243394 0.1452971
v -0.2346293 0.7243394 0.1452971
v 0.2183072 0.7243394 0.3912818
v 0.2183072 0.7243394 0.3912818
v 0.2183072 0.7243394 0.3912818
v 0.1591395 0.7243394 0.3912818
v 0.1591395 0.7243394 0.3912818
v 0.1591395 0.7243394 0.3912818
v 0.1591395 0.7243394 0.1452971
v 0.1591395 0.7243394 0.1452971
v 0.1591395 0.7243394 0.1452971
v 0.2183072 0.7243394 0.1452971
v 0.2183072 0.7243394 0.1452971
v 0.2183072 0.7243394 0.1452971
v 0.2937969 0.7243394 0.3912821
v 0.2937969 0.7243394 0.3912821
v 0.2937969 0.7243394 0.3912821
v 0.2346293 0.7243394 0.3912818
v 0.2346293 0.7243394 0.3912818
v 0.2346293 0.7243394 0.3912818
v 0.2346293 0.7243394 0.1452971
v 0.2346293 0.7243394 0.1452971
v 0.2346293 0.7243394 0.1452971
v 0.2937969 0.7243394 0.1452971
v 0.2937969 0.7243394 0.1452971
v 0.2937969 0.7243394 0.1452971
v 0.3692866 0.7243394 0.3912821
v 0.3692866 0.7243394 0.3912821
v 0.3692866 0.7243394 0.3912821
v 0.3101190 0.7243394 0.3912821
v 0.3101190 0.7243394 0.3912821
v 0.3101190 0.7243394 0.3912821
v 0.3101190 0.7243394 0.1452971
v 0.3101190 0.7243394 0.1452971
v 0.3101190 0.7243394 0.1452971
v 0.3692866 0.7243394 0.1452972
v 0.3692866 0.7243394 0.1452972
v 0.3692866 0.7243394 0.1452972
v 0.4529765 0.7243394 0.3470429
v 0.4529765 0.7243394 0.3470429
v 0.4529765 0.8585251 0.3470429
v 0.4529765 0.8585251 0.3470429
v 0.4529765 0.8585251 0.3470429
v 0.4327898 0.7445257 0.3762152
v 0.4327898 0.7445257 0.3762152
v 0.4327898 0.7445257 0.3762152
v 0.4327898 0.8383388 0.3762152
v 0.4327898 0.8383388 0.3762152
v 0.4327898 0.8383388 0.3762152
v -0.4529746 0.7243394 0.3470426
v -0.4529746 0.7243394 0.3470426
v -0.4529746 0.8585251 0.3470426
v -0.4529746 0.8585251 0.3470426
v -0.4529746 0.8585251 0.3470426
v -0.4327898 0.7445257 0.3762152
v -0.4327898 0.7445257 0.3762152
v -0.4327898 0.7445257 0.3762152
v -0.4327898 0.8383388 0.3762152
v -0.4327898 0.8383388 0.3762152
v -0.4327898 0.8383388 0.3762152
v -0.2563066 0.8585251 0.3762152
v -0.2563066 0.8585251 0.3762152
v -0.2563066 0.8585251 0.3762152
v 0.2563066 0.8585251 0.3762152
v 0.2563066 0.8585251 0.3762152
v 0.2563066 0.8585251 0.3762152
v 0.2563066 0.8585251 0.3470429
v 0.2563066 0.8585251 0.3470429
v 0.2563066 0.8585251 0.3470429
v -0.2563066 0.8585251 0.3470429
v -0.2563066 0.8585251 0.3470429
v -0.2563066 0.8585251 0.3470429
v -0.1259428 0.9798136 0.3762152
v -0.1259428 0.9798136 0.3762152
v -0.2361199 0.8696358 0.3762152
v -0.2361199 0.8696358 0.3762152
v -0.1691811 0.9712128 0.3762152
v -0.1691811 0.9712128 0.3762152
v -0.2041538 0.9478459 0.3762152
v -0.2041538 0.9478459 0.3762152
v -0.2041538 0.9478459 0.3762152
v -0.2275198 0.9128750 0.3762152
v -0.2275198 0.9128750 0.3762152
v 0.2361217 0.8696358 0.3762152
v 0.2361217 0.8696358 0.3762152
v 0.1259428 0.9798136 0.3762152
v 0.1259428 0.9798136 0.3762152
v 0.2275198 0.9128750 0.3762152
v 0.2275198 0.9128750 0.3762152
v 0.2041538 0.9478459 0.3762152
v 0.2041538 0.9478459 0.3762152
v 0.2041538 0.9478459 0.3762152
v 0.1691829 0.9712128 0.3762152
v 0.1691829 0.9712128 0.3762152
v 0.1279315 1.0000000 0.3470429
v 0.1279315 1.0000000 0.3470429
v 0.2563066 0.8716239 0.3470429
v 0.2563066 0.8716239 0.3470429
v 0.1770594 0.9902279 0.3470429
v 0.1770594 0.9902279 0.3470429
v 0.2187071 0.9623995 0.3470429
v 0.2187071 0.9623995 0.3470429
v 0.2187071 0.9623995 0.3470429
v 0.2465359 0.9207514 0.3470429
v 0.2465359 0.9207514 0.3470429
v -0.2563066 0.8716239 0.3470429
v -0.2563066 0.8716239 0.3470429
v -0.1279315 1.0000000 0.3470429
v -0.1279315 1.0000000 0.3470429
v -0.2465340 0.9207514 0.3470429
v -0.2465340 0.9207514 0.3470429
v -0.2187071 0.9623995 0.3470429
v -0.2187071 0.9623995 0.3470429
v -0.2187071 0.9623995 0.3470429
v -0.1770576 0.9902279 0.3470429
v -0.1770576 0.9902279 0.3470429
v 0.4529765 0.8585251 0.3762152
v 0.4529765 0.8585251 0.3762152
v 0.4529765 0.8585251 0.3762152
v 0.4529765 0.7243394 0.3762152
v 0.4529765 0.7243394 0.3762152
v -0.4529746 0.8585251 0.3762152
v -0.4529746 0.8585251 0.3762152
v -0.4529746 0.8585251 0.3762152
v -0.4529746 0.7243394 0.3762152
v -0.4529746 0.7243394 0.3762152
v 0.2361217 0.8383388 0.3762152
v 0.2361217 0.8383388 0.3762152
v 0.2361217 0.8383388 0.3762152
v -0.2361199 0.8383388 0.3762152
v -0.2361199 0.8383388 0.3762152
v -0.2361199 0.8383388 0.3762152
v 0.2465359 0.9207514 0.3762152
v 0.2465359 0.9207514 0.3762152
v 0.2563066 0.8716239 0.3762152
v 0.2563066 0.8716239 0.3762152
v 0.2187071 0.9623995 0.3762152
v 0.2187071 0.9623995 0.3762152
v 0.2187071 0.9623995 0.3762152
v 0.1770594 0.9902279 0.3762152
v 0.1770594 0.9902279 0.3762152
v 0.1279315 1.0000000 0.3762152
v 0.1279315 1.0000000 0.3762152
v -0.2563066 0.8716239 0.3762152
v -0.2563066 0.8716239 0.3762152
v -0.2465340 0.9207514 0.3762152
v -0.2465340 0.9207514 0.3762152
v -0.2187071 0.9623995 0.3762152
v -0.2187071 0.9623995 0.3762152
v -0.2187071 0.9623995 0.3762152
v -0.1770576 0.9902279 0.3762152
v -0.1770576 0.9902279 0.3762152
v -0.1279315 1.0000000 0.3762152
v -0.1279315 1.0000000 0.3762152
v -0.2361199 0.8383388 0.3632833
v -0.2361199 0.8383388 0.3632833
v -0.2361199 0.8383388 0.3632833
v 0.2361217 0.8383388 0.3632836
v 0.2361217 0.8383388 0.3632836
v 0.2361217 0.8383388 0.3632836
v 0.4327898 0.8383388 0.3632836
v 0.4327898 0.8383388 0.3632836
v 0.4327898 0.8383388 0.3632836
v 0.4327898 0.7445257 0.3632836
v 0.4327898 0.7445257 0.3632836
v 0.4327898 0.7445257 0.3632836
v -0.4327898 0.8383388 0.3632833
v -0.4327898 0.8383388 0.3632833
v -0.4327898 0.8383388 0.3632833
v -0.4327898 0.7445257 0.3632833
v -0.4327898 0.7445257 0.3632833
v -0.4327898 0.7445257 0.3632833
v 0.2275198 0.9128750 0.3632836
v 0.2275198 0.9128750 0.3632836
v 0.2361217 0.8696358 0.3632836
v 0.2361217 0.8696358 0.3632836
v 0.2041538 0.9478459 0.3632836
v 0.2041538 0.9478459 0.3632836
v 0.2041538 0.9478459 0.3632836
v 0.1691829 0.9712128 0.3632836
v 0.1691829 0.9712128 0.3632836
v 0.1259428 0.9798136 0.3632836
v 0.1259428 0.9798136 0.3632836
v -0.2361199 0.8696358 0.3632833
v -0.2361199 0.8696358 0.3632833
v -0.2275198 0.9128750 0.3632833
v -0.2275198 0.9128750 0.3632833
v -0.2041538 0.9478459 0.3632833
v -0.2041538 0.9478459 0.3632833
v -0.2041538 0.9478459 0.3632833
v -0.1691811 0.9712128 0.3632833
v -0.1691811 0.9712128 0.3632833
v -0.1259428 0.9798136 0.3632833
v -0.1259428 0.9798136 0.3632833
v 0.7911150 0.0262582 -0.5029143
v 0.7911150 0.0262582 -0.5029143
v 0.7911150 0.0262582 -0.5029143
v -0.7911150 0.0262582 -0.5029146
v -0.7911150 0.0262582 -0.5029146
v -0.7911150 0.0262582 -0.5029146
v -0.3369915 0.0262582 -0.5029144
v -0.3369915 0.0262582 -0.5029144
v 0.3369915 0.0262582 -0.5029144
v 0.3369915 0.0262582 -0.5029144
v -0.2926626 0.0262582 0.4675568
v -0.2926626 0.0262582 0.4675568
v -0.2926626 0.0262582 0.4675568
v 0.2926626 0.0262582 0.4675568
v 0.2926626 0.0262582 0.4675568
v 0.2926626 0.0262582 0.4675568
v 0.2926626 0.0262582 0.3816956
v 0.2926626 0.0262582 0.3816956
v 0.2926626 0.0262582 0.3816956
v -0.2926626 0.0262582 0.3816956
v -0.2926626 0.0262582 0.3816956
v -0.2926626 0.0262582 0.3816956
v 0.7911150 0.0262582 0.4675571
v 0.7911150 0.0262582 0.4675571
v 0.7911150 0.0262582 0.4675571
v -0.7911150 0.0262582 0.4675566
v -0.7911150 0.0262582 0.4675566
v -0.7911150 0.0262582 0.4675566
v -0.3369915 0.0262582 0.4675568
v -0.3369915 0.0262582 0.4675568
v 0.3369915 0.0262582 0.4675568
v 0.3369915 0.0262582 0.4675568
v 0.7911150 0.0000000 0.4675571
v 0.7911150 0.0000000 0.4675571
v 0.7911150 0.0000000 0.4675571
v 0.7911150 0.0000000 -0.5029143
v 0.7911150 0.0000000 -0.5029143
v 0.7911150 0.0000000 -0.5029143
v -0.7911150 0.0000000 -0.5029146
v -0.7911150 0.0000000 -0.5029146
v -0.7911150 0.0000000 -0.5029146
v -0.7911150 0.0000000 0.4675566
v -0.7911150 0.0000000 0.4675566
v -0.7911150 0.0000000 0.4675566
v -0.3369915 0.0000000 0.4675568
v -0.3369915 0.0000000 0.4675568
v -0.3369915 0.0000000 -0.5029144
v -0.3369915 0.0000000 -0.5029144
v 0.3369915 0.0000000 -0.5029144
v 0.3369915 0.0000000 -0.5029144
v 0.3369915 0.0000000 0.4675568
v 0.3369915 0.0000000 0.4675568
v -0.2926626 0.0000000 0.4675568
v -0.2926626 0.0000000 0.4675568
v -0.2926626 0.0000000 0.4675568
v 0.2926626 0.0000000 0.4675568
v 0.2926626 0.0000000 0.4675568
v 0.2926626 0.0000000 0.4675568
v 0.2926626 0.0000000 0.3816956
v 0.2926626 0.0000000 0.3816956
v 0.2926626 0.0000000 0.3816956
v -0.2926626 0.0000000 0.3816956
v -0.2926626 0.0000000 0.3816956
v -0.2926626 0.0000000 0.3816956
v 0.7925057 0.8586061 -0.0408419
v 0.7925057 0.8586061 -0.0408419
v 0.7925057 0.8586061 -0.0408419
v 0.7925057 0.9049324 -0.0408419
v 0.7925057 0.9049324 -0.0408419
v 0.7925057 0.9049324 -0.0408419
v 0.7925057 0.8586061 0.0054845
v 0.7925057 0.8586061 0.0054845
v 0.7925057 0.8586061 0.0054845
v 0.7925057 0.9049324 0.0054845
v 0.7925057 0.9049324 0.0054845
v 0.7925057 0.9049324 0.0054845
v -0.7925057 0.8586061 -0.0408422
v -0.7925057 0.8586061 -0.0408422
v -0.7925057 0.8586061 -0.0408422
v -0.7925057 0.9049324 -0.0408422
v -0.7925057 0.9049324 -0.0408422
v -0.7925057 0.9049324 -0.0408422
v -0.7925057 0.8586061 0.0054843
v -0.7925057 0.8586061 0.0054843
v -0.7925057 0.8586061 0.0054843
v -0.7925057 0.9049324 0.0054843
v -0.7925057 0.9049324 0.0054843
v -0.7925057 0.9049324 0.0054843
v 0.7977427 0.5077044 -0.5043791
v 0.7977427 0.5077044 -0.5043791
v 0.7977427 0.5077044 -0.5043791
v 0.7977427 0.4722051 -0.5043791
v 0.7977427 0.4722051 -0.5043791
v 0.7977427 0.4722051 -0.5043791
v 0.7977427 0.5077044 0.4690218
v 0.7977427 0.5077044 0.4690218
v 0.7977427 0.5077044 0.4690218
v 0.7977427 0.4722051 0.4690218
v 0.7977427 0.4722051 0.4690218
v 0.7977427 0.4722051 0.4690218
v -0.7977427 0.5077044 -0.5043794
v -0.7977427 0.5077044 -0.5043794
v -0.7977427 0.5077044 -0.5043794
v -0.7977427 0.4722051 -0.5043794
v -0.7977427 0.4722051 -0.5043794
v -0.7977427 0.4722051 -0.5043794
v -0.7977427 0.5077044 0.4690215
v -0.7977427 0.5077044 0.4690215
v -0.7977427 0.5077044 0.4690215
v -0.7977427 0.4722051 0.4690215
v -0.7977427 0.4722051 0.4690215
v -0.7977427 0.4722051 0.4690215
v -0.7460590 0.4697448 0.4339650
v -0.7460590 0.4697448 0.4339650
v -0.7460590 0.4697448 0.4339650
v -0.7460590 0.0262582 0.4339650
v -0.7460590 0.0262582 0.4339650
v -0.7460590 0.0262582 0.4339650
v -0.7460590 0.4697448 0.4647745
v -0.7460590 0.4697448 0.4647745
v -0.7460590 0.4697448 0.4647745
v -0.7460590 0.0262582 0.4647745
v -0.7460590 0.0262582 0.4647745
v -0.7460590 0.0262582 0.4647745
v -0.7768689 0.4697448 0.4339650
v -0.7768689 0.4697448 0.4339650
v -0.7768689 0.4697448 0.4339650
v -0.7768689 0.0262582 0.4339650
v -0.7768689 0.0262582 0.4339650
v -0.7768689 0.0262582 0.4339650
v -0.7768689 0.4697448 0.4647745
v -0.7768689 0.4697448 0.4647745
v -0.7768689 0.4697448 0.4647745
v -0.7768689 0.0262582 0.4647745
v -0.7768689 0.0262582 0.4647745
v -0.7768689 0.0262582 0.4647745
v 0.7460590 0.4697448 0.4339652
v 0.7460590 0.4697448 0.4339652
v 0.7460590 0.4697448 0.4339652
v 0.7460590 0.0262582 0.4339652
v 0.7460590 0.0262582 0.4339652
v 0.7460590 0.0262582 0.4339652
v 0.7460590 0.4697448 0.4647745
v 0.7460590 0.4697448 0.4647745
v 0.7460590 0.4697448 0.4647745
v 0.7460590 0.0262582 0.4647745
v 0.7460590 0.0262582 0.4647745
v 0.7460590 0.0262582 0.4647745
v 0.7768671 0.4697448 0.4339652
v 0.7768671 0.4697448 0.4339652
v 0.7768671 0.4697448 0.4339652
v 0.7768671 0.0262582 0.4339652
v 0.7768671 0.0262582 0.4339652
v 0.7768671 0.0262582 0.4339652
v 0.7768671 0.4697448 0.4647745
v 0.7768671 0.4697448 0.4647745
v 0.7768671 0.4697448 0.4647745
v 0.7768671 0.0262582 0.4647745
v 0.7768671 0.0262582 0.4647745
v 0.7768671 0.0262582 0.4647745
v -0.7460590 0.4697448 -0.4693228
v -0.7460590 0.4697448 -0.4693228
v -0.7460590 0.4697448 -0.4693228
v -0.7460590 0.0262582 -0.4693228
v -0.7460590 0.0262582 -0.4693228
v -0.7460590 0.0262582 -0.4693228
v -0.7460590 0.4697448 -0.5001322
v -0.7460590 0.4697448 -0.5001322
v -0.7460590 0.4697448 -0.5001322
v -0.7460590 0.0262582 -0.5001322
v -0.7460590 0.0262582 -0.5001322
v -0.7460590 0.0262582 -0.5001322
v -0.7768671 0.4697448 -0.4693228
v -0.7768671 0.4697448 -0.4693228
v -0.7768671 0.4697448 -0.4693228
v -0.7768671 0.0262582 -0.4693228
v -0.7768671 0.0262582 -0.4693228
v -0.7768671 0.0262582 -0.4693228
v -0.7768671 0.4697448 -0.5001322
v -0.7768671 0.4697448 -0.5001322
v -0.7768671 0.4697448 -0.5001322
v -0.7768671 0.0262582 -0.5001322
v -0.7768671 0.0262582 -0.5001322
v -0.7768671 0.0262582 -0.5001322
v 0.7460590 0.4697448 -0.4693226
v 0.7460590 0.4697448 -0.4693226
v 0.7460590 0.4697448 -0.4693226
v 0.7460590 0.0262582 -0.4693226
v 0.7460590 0.0262582 -0.4693226
v 0.7460590 0.0262582 -0.4693226
v 0.7460590 0.4697448 -0.5001320
v 0.7460590 0.4697448 -0.5001320
v 0.7460590 0.4697448 -0.5001320
v 0.7460590 0.0262582 -0.5001320
v 0.7460590 0.0262582 -0.5001320
v 0.7460590 0.0262582 -0.5001320
v 0.7768689 0.4697448 -0.4693226
v 0.7768689 0.4697448 -0.4693226
v 0.7768689 0.4697448 -0.4693226
v 0.7768689 0.0262582 -0.4693226
v 0.7768689 0.0262582 -0.4693226
v 0.7768689 0.0262582 -0.4693226
v 0.7768689 0.4697448 -0.5001320
v 0.7768689 0.4697448 -0.5001320
v 0.7768689 0.4697448 -0.5001320
v 0.7768689 0.0262582 -0.5001320
v 0.7768689 0.0262582 -0.5001320
v 0.7768689 0.0262582 -0.5001320
v -0.4001037 0.6508450 0.3684434
v 0.4001037 0.6508450 0.3684434
v -0.4001037 0.6563500 0.3629384
v 0.4001037 0.6563500 0.3629384
v -0.4001037 0.6412654 0.3684434
v 0.4001037 0.6412654 0.3684434
v -0.4001037 0.6467704 0.3629384
v 0.4001037 0.6467704 0.3629384
v -0.4001037 0.6316858 0.3684434
v 0.4001037 0.6316858 0.3684434
v -0.4001037 0.6371908 0.3629384
v 0.4001037 0.6371908 0.3629384
v 0.4001037 0.6275819 0.3629384
v -0.4001037 0.6275819 0.3629384
v 0.4001037 0.6220769 0.3684434
v -0.4001037 0.6220769 0.3684434
v -0.4001037 0.6125266 0.3684434
v 0.4001037 0.6125266 0.3684434
v -0.4001037 0.6180316 0.3629384
v 0.4001037 0.6180316 0.3629384
vt 0.0070353 0.5033649
vt 0.6544907 0.4522750
vt 0.4506968 0.5766028
vt 0.5908533 0.4522750
vt 0.2337239 0.3158461
vt 0.4506968 0.5129654
vt 0.9369795 0.3348016
vt 0.6541402 0.2021092
vt 0.8450084 0.0488252
vt 0.6121288 0.2021092
vt 0.9263839 0.6742532
vt 0.8450084 0.0068139
vt 0.6417031 0.2681835
vt 0.2104135 0.5033649
vt 0.6544907 0.6556532
vt 0.5780657 0.2681835
vt 0.5908533 0.6556532
vt 0.4371021 0.3158461
vt 0.9346545 0.2766763
vt 0.9346545 0.7975652
vt 0.6541402 0.0153395
vt 0.9346545 0.2346649
vt 0.6121288 0.0153395
vt 0.9380088 0.4023132
vt 0.2337239 0.3782179
vt 0.2337239 0.3782179
vt 0.5130685 0.4665205
vt 0.5316208 0.3305552
vt 0.4371021 0.3782178
vt 0.4371021 0.3782178
vt 0.9323295 0.7812037
vt 0.9369795 0.2930377
vt 0.6541402 0.1603453
vt 0.9346545 0.8393291
vt 0.6541402 0.0571035
vt 0.8752335 0.7765538
vt 0.7538922 0.5106660
vt 0.6070139 0.0711060
vt 0.7788787 0.2826748
vt 0.5884138 0.4336146
vt 0.7538922 0.5859028
vt 0.6070139 0.1463428
vt 0.1520408 0.5033649
vt 0.6544907 0.5972805
vt 0.0654078 0.5033649
vt 0.6544907 0.5106474
vt 0.5908533 0.5106475
vt 0.2920963 0.3158461
vt 0.5908533 0.5972805
vt 0.3787294 0.3158461
vt 0.2920963 0.3782178
vt 0.2920963 0.3782178
vt 0.3787296 0.3782178
vt 0.3787296 0.3782178
vt 0.6121288 0.0571035
vt 0.9380088 0.4440771
vt 0.8752335 0.7345424
vt 0.9323295 0.7391924
vt 0.6121288 0.1603453
vt 0.9263839 0.6324893
vt 0.1463428 0.3786215
vt 0.6649532 0.0711060
vt 0.7788787 0.3406141
vt 0.6463531 0.4336146
vt 0.0711060 0.3786215
vt 0.6649532 0.1463428
vt 0.6463531 0.4225781
vt 0.0711060 0.3896580
vt 0.7137784 0.3417767
vt 0.1463428 0.3896580
vt 0.7137784 0.2665399
vt 0.7678422 0.3406141
vt 0.6656393 0.2721592
vt 0.6656393 0.3361573
vt 0.6013158 0.2104135
vt 0.2337239 0.4405895
vt 0.5754402 0.5129654
vt 0.0070353 0.3786215
vt 0.6649532 0.2104135
vt 0.5754402 0.5766028
vt 0.5780657 0.3929269
vt 0.6013158 0.0070353
vt 0.4371021 0.4405895
vt 0.6417031 0.3929269
vt 0.2104135 0.3786215
vt 0.6649532 0.0070353
vt 0.6013158 0.0654078
vt 0.3787296 0.4405895
vt 0.1520411 0.3786215
vt 0.6649532 0.0654078
vt 0.0654080 0.3786215
vt 0.6649532 0.1520408
vt 0.6013158 0.1520408
vt 0.2920966 0.4405895
vt 0.5782002 0.8412029
vt 0.7149410 0.8716756
vt 0.5358562 0.4216834
vt 0.5782002 0.8765292
vt 0.5358562 0.4570097
vt 0.7304883 0.8751630
vt 0.7525760 0.8763255
vt 0.2710088 0.2380074
vt 0.6091529 0.8493404
vt 0.2710088 0.2733338
vt 0.7835288 0.8774880
vt 0.6091529 0.8846668
vt 0.6619005 0.8621280
vt 0.7525760 0.9114044
vt 0.2359298 0.2380074
vt 0.6619005 0.8974543
vt 0.2359298 0.2733338
vt 0.7835288 0.9125670
vt 0.5709352 0.4570097
vt 0.7304884 0.9102419
vt 0.6928533 0.8986169
vt 0.7149410 0.9067545
vt 0.5709352 0.4216834
vt 0.6928533 0.8632905
vt 0.5325138 0.4183409
vt 0.9276795 0.6742532
vt 0.8463041 0.0068139
vt 0.9356838 0.3348016
vt 0.5325138 0.4603522
vt 0.8463041 0.0488252
vt 0.9333589 0.2346649
vt 0.2743513 0.2346649
vt 0.9393045 0.4023132
vt 0.9333589 0.2766763
vt 0.9333588 0.7975652
vt 0.2743513 0.2766763
vt 0.2325873 0.2346649
vt 0.9393045 0.4440771
vt 0.8765292 0.7345424
vt 0.9333588 0.8393291
vt 0.2325873 0.2766763
vt 0.8765292 0.7765538
vt 0.9310338 0.7812037
vt 0.9356839 0.2930377
vt 0.5742778 0.4603522
vt 0.9310338 0.7391924
vt 0.5742778 0.4183409
vt 0.9276794 0.6324893
vt 0.5870653 0.8412029
vt 0.7060757 0.8716756
vt 0.5949991 0.7528524
vt 0.5870653 0.8765292
vt 0.5949991 0.7881788
vt 0.7393535 0.8751630
vt 0.7614412 0.8763255
vt 0.7835289 0.3820132
vt 0.6002877 0.8493404
vt 0.7835289 0.4173396
vt 0.7746636 0.8774880
vt 0.6002877 0.8846668
vt 0.6707657 0.8621280
vt 0.7614412 0.9114044
vt 0.7484499 0.3820132
vt 0.6707657 0.8974543
vt 0.7484499 0.4173396
vt 0.7746636 0.9125670
vt 0.6300780 0.7881788
vt 0.7393535 0.9102419
vt 0.6839881 0.8986169
vt 0.7060757 0.9067545
vt 0.6300780 0.7528524
vt 0.6839881 0.8632905
vt 0.9486046 0.7695787
vt 0.9403441 0.1790258
vt 0.4964848 0.5640719
vt 0.9403441 0.1404502
vt 0.8217686 0.9230294
vt 0.4964848 0.5254962
vt 0.9439545 0.4659518
vt 0.8217686 0.8898619
vt 0.5296522 0.5254962
vt 0.9486046 0.7364113
vt 0.9439545 0.5045274
vt 0.5296522 0.5640719
vt 0.6291722 0.3471390
vt 0.9519692 0.1970087
vt 0.9403441 0.5649777
vt 0.5905966 0.3471390
vt 0.9403441 0.5264021
vt 0.0093001 0.9177622
vt 0.5905966 0.3139715
vt 0.9439545 0.6310276
vt 0.0093001 0.9509296
vt 0.6291722 0.3139715
vt 0.9519692 0.2301761
vt 0.9439545 0.6696032
vt 0.9473192 0.7695787
vt 0.9416295 0.1790258
vt 0.7556287 0.4952275
vt 0.9416295 0.1404502
vt 0.8230540 0.9230294
vt 0.7170531 0.4952275
vt 0.9473192 0.7364113
vt 0.9426692 0.5045274
vt 0.7556287 0.4620600
vt 0.9426692 0.4659518
vt 0.8230540 0.8898619
vt 0.7170531 0.4620600
vt 0.6705528 0.7719038
vt 0.9416295 0.5264021
vt 0.0080146 0.9177622
vt 0.7091284 0.7719038
vt 0.9532546 0.1970087
vt 0.9416295 0.5649777
vt 0.7091284 0.7387363
vt 0.9532546 0.2301761
vt 0.9426691 0.6696032
vt 0.6705528 0.7387363
vt 0.9426691 0.6310276
vt 0.0080146 0.9509296
vt 0.5357249 0.3999019
vt 0.6254281 0.9509296
vt 0.7541965 0.4937953
vt 0.9379517 0.9439545
vt 0.5357249 0.3641908
vt 0.7184853 0.4937953
vt 0.9379517 0.9136515
vt 0.9253545 0.5269415
vt 0.7184853 0.4634922
vt 0.9253545 0.5626526
vt 0.6254281 0.9206266
vt 0.7541965 0.4634922
vt 0.7076962 0.7704715
vt 0.9286518 0.6161280
vt 0.9449269 0.6881254
vt 0.6719850 0.7704715
vt 0.4743023 0.9183016
vt 0.9286518 0.5804168
vt 0.6719850 0.7401685
vt 0.4743023 0.9486046
vt 0.9276795 0.4711413
vt 0.7076962 0.7401685
vt 0.9276795 0.5068525
vt 0.9449269 0.7184284
vt 0.5394027 0.3999019
vt 0.6217503 0.9509296
vt 0.6916909 0.7114535
vt 0.9416295 0.9439545
vt 0.5394027 0.3641908
vt 0.8378044 0.2790014
vt 0.9216768 0.5626526
vt 0.6217503 0.9206266
vt 0.6916909 0.6811504
vt 0.9416295 0.9136515
vt 0.9216768 0.5269415
vt 0.8378044 0.2486983
vt 0.7215539 0.8579291
vt 0.4706245 0.9183016
vt 0.9323295 0.5804168
vt 0.6161280 0.8323540
vt 0.9323295 0.6161280
vt 0.9486046 0.6881254
vt 0.6161280 0.8020509
vt 0.9240018 0.5068525
vt 0.9486046 0.7184284
vt 0.7215539 0.8276260
vt 0.4706245 0.9486046
vt 0.9240018 0.4711413
vt 0.6589504 0.9159765
vt 0.4450494 0.9927798
vt 0.8881543 0.9113265
vt 0.4450494 0.9880180
vt 0.9416295 0.3533238
vt 0.8833925 0.9113265
vt 0.5208026 0.9856930
vt 0.9416295 0.3836268
vt 0.8833925 0.9416295
vt 0.6589504 0.9462795
vt 0.5208026 0.9904548
vt 0.8881543 0.9416295
vt 0.5171248 0.9856930
vt 0.5394027 0.3796654
vt 0.9379517 0.3836268
vt 0.8532791 0.2790014
vt 0.6626282 0.9462795
vt 0.5171248 0.9904548
vt 0.5394027 0.3844272
vt 0.6762162 0.7114535
vt 0.6626282 0.9159765
vt 0.9216768 0.5471780
vt 0.4487272 0.9927798
vt 0.6762162 0.6811504
vt 0.9216768 0.5424162
vt 0.4487272 0.9880180
vt 0.9379517 0.3533238
vt 0.8532791 0.2486983
vt 0.7370285 0.8579291
vt 0.9323295 0.5958915
vt 0.5892001 0.9856930
vt 0.6440281 0.9183016
vt 0.6006534 0.8323540
vt 0.6775506 0.9206266
vt 0.9323295 0.6006533
vt 0.5892001 0.9904548
vt 0.6006534 0.8020509
vt 0.6775506 0.9509296
vt 0.4952274 0.9927798
vt 0.9240018 0.4913778
vt 0.7370285 0.8276260
vt 0.4952274 0.9880180
vt 0.9240018 0.4866160
vt 0.6440281 0.9486046
vt 0.9439545 0.0372002
vt 0.6812283 0.9206266
vt 0.5928779 0.9904548
vt 0.9391927 0.0372002
vt 0.5928779 0.9856930
vt 0.6403504 0.9183016
vt 0.9391927 0.0068972
vt 0.4915496 0.9880180
vt 0.6403504 0.9486046
vt 0.9439545 0.0068972
vt 0.6812283 0.9509296
vt 0.4915496 0.9927798
vt 0.7649287 0.5106660
vt 0.6558391 0.2665399
vt 0.7678422 0.2826748
vt 0.5884138 0.4225781
vt 0.7649287 0.5859028
vt 0.6558391 0.3417767
vt 0.1407235 0.3896580
vt 0.7137784 0.2721592
vt 0.0767254 0.3896580
vt 0.7137784 0.3361573
vt 0.5173150 0.2317712
vt 0.7381911 0.7393535
vt 0.8201406 0.2999264
vt 0.8277040 0.1592633
vt 0.5173149 0.4405896
vt 0.7381911 0.5305352
vt 0.4532750 0.2317712
vt 0.4421847 0.7346919
vt 0.8201406 0.2200816
vt 0.8277040 0.0794185
vt 0.4532749 0.4405896
vt 0.6510031 0.7346919
vt 0.4421847 0.7370286
vt 0.2259587 0.4567625
vt 0.8230540 0.2200816
vt 0.7358544 0.7393535
vt 0.2259587 0.5208025
vt 0.8230540 0.2999264
vt 0.8247906 0.0794185
vt 0.6510031 0.7370286
vt 0.4347771 0.4567624
vt 0.8247906 0.1592633
vt 0.7358544 0.5305352
vt 0.4347771 0.5208024
vt 0.5173150 0.2526532
vt 0.7381911 0.7184716
vt 0.5173150 0.2735349
vt 0.7381911 0.6975898
vt 0.5173150 0.2944167
vt 0.7381911 0.6767081
vt 0.5173150 0.3152987
vt 0.7381911 0.6558261
vt 0.5173150 0.3361804
vt 0.7381911 0.6349444
vt 0.5173149 0.3570622
vt 0.7381911 0.6140626
vt 0.5173149 0.3779441
vt 0.7381911 0.5931806
vt 0.5173149 0.3988259
vt 0.7381911 0.5722989
vt 0.5173149 0.4197077
vt 0.7381911 0.5514171
vt 0.4532750 0.2526532
vt 0.4630667 0.7346919
vt 0.4532750 0.2735349
vt 0.4839484 0.7346919
vt 0.4532749 0.2944167
vt 0.5048302 0.7346919
vt 0.4532749 0.3152987
vt 0.5257122 0.7346919
vt 0.4532749 0.3361804
vt 0.5465939 0.7346919
vt 0.4532749 0.3570622
vt 0.5674757 0.7346919
vt 0.4532749 0.3779441
vt 0.5883576 0.7346919
vt 0.4532749 0.3988259
vt 0.6092394 0.7346919
vt 0.4532749 0.4197077
vt 0.6301211 0.7346919
vt 0.7358544 0.7184716
vt 0.2468407 0.5208025
vt 0.7358544 0.6975898
vt 0.2677224 0.5208025
vt 0.7358544 0.6767081
vt 0.2886042 0.5208025
vt 0.7358544 0.6558261
vt 0.3094862 0.5208024
vt 0.7358544 0.6349444
vt 0.3303679 0.5208024
vt 0.7358544 0.6140626
vt 0.3512496 0.5208024
vt 0.7358544 0.5931807
vt 0.3721316 0.5208024
vt 0.7358544 0.5722989
vt 0.3930134 0.5208024
vt 0.7358544 0.5514171
vt 0.4138951 0.5208024
vt 0.4630667 0.7370286
vt 0.2468407 0.4567625
vt 0.4839484 0.7370286
vt 0.2677224 0.4567625
vt 0.5048302 0.7370286
vt 0.2886042 0.4567625
vt 0.5257122 0.7370286
vt 0.3094862 0.4567625
vt 0.5465939 0.7370286
vt 0.3303679 0.4567624
vt 0.5674757 0.7370286
vt 0.3512496 0.4567624
vt 0.5883576 0.7370286
vt 0.3721316 0.4567624
vt 0.6092394 0.7370286
vt 0.3930134 0.4567624
vt 0.6301211 0.7370286
vt 0.4138951 0.4567624
vt 0.9726651 0.9216365
vt 0.2417462 0.4608485
vt 0.9044294 0.0070695
vt 0.9726651 0.8718792
vt 0.2417462 0.5167164
vt 0.9044294 0.0767254
vt 0.9037035 0.2545887
vt 0.9726651 0.8611863
vt 0.2310532 0.5167164
vt 0.9037035 0.1849328
vt 0.9726651 0.9323295
vt 0.2310532 0.4608485
vt 0.4867377 0.8704863
vt 0.4296826 0.4608485
vt 0.8916419 0.6987603
vt 0.9703401 0.4138520
vt 0.4296826 0.5167164
vt 0.8916419 0.7684163
vt 0.6316772 0.8997794
vt 0.9703401 0.4031590
vt 0.4189896 0.5167164
vt 0.6316772 0.8301235
vt 0.4867377 0.8811792
vt 0.4189896 0.4608485
vt 0.6750637 0.2357582
vt 0.4088008 0.4608485
vt 0.9067544 0.0919324
vt 0.9749902 0.0744003
vt 0.4088008 0.5167164
vt 0.9067544 0.1615883
vt 0.8792908 0.3406141
vt 0.9749902 0.0637074
vt 0.3981079 0.5167164
vt 0.8792908 0.2709582
vt 0.6750637 0.2464512
vt 0.3981079 0.4608485
vt 0.8517645 0.9727868
vt 0.3879189 0.4608485
vt 0.0093000 0.8289610
vt 0.9703402 0.6045030
vt 0.3879189 0.5167164
vt 0.0093000 0.8986169
vt 0.8560407 0.2208761
vt 0.9703402 0.5938100
vt 0.3772259 0.5167164
vt 0.8560407 0.1512201
vt 0.8517645 0.9834797
vt 0.3772259 0.4608485
vt 0.9749902 0.0079071
vt 0.3670371 0.4608485
vt 0.8928043 0.5255470
vt 0.9703401 0.5766028
vt 0.3670371 0.5167164
vt 0.8928043 0.5952029
vt 0.8560407 0.5394026
vt 0.9703401 0.5659098
vt 0.3563442 0.5167164
vt 0.8560407 0.4697467
vt 0.9749902 0.0186000
vt 0.3563441 0.4608485
vt 0.9726651 0.8332862
vt 0.3461554 0.4608485
vt 0.8602540 0.7220104
vt 0.9726651 0.9765047
vt 0.3461554 0.5167164
vt 0.8602541 0.7916664
vt 0.8897535 0.8928043
vt 0.9726651 0.9658117
vt 0.3354624 0.5167164
vt 0.8897535 0.8231484
vt 0.9726651 0.8439791
vt 0.3354624 0.4608485
vt 0.8261894 0.6891354
vt 0.3252734 0.4608485
vt 0.8765292 0.5557721
vt 0.9726651 0.5068525
vt 0.3252734 0.5167164
vt 0.8765292 0.6254280
vt 0.8746408 0.7149409
vt 0.9726651 0.4961595
vt 0.3145804 0.5167164
vt 0.8746408 0.6452850
vt 0.8261894 0.6998284
vt 0.3145804 0.4608485
vt 0.9749902 0.0358073
vt 0.3043916 0.4608485
vt 0.9032668 0.3569837
vt 0.0077855 0.9788297
vt 0.3043917 0.5167164
vt 0.9032668 0.4266396
vt 0.8746408 0.8672292
vt 0.0077855 0.9681367
vt 0.2936987 0.5167164
vt 0.8746408 0.7975733
vt 0.9749902 0.0465002
vt 0.2936987 0.4608485
vt 0.9749902 0.6519352
vt 0.2835099 0.4608485
vt 0.8974543 0.2709582
vt 0.9842902 0.1395007
vt 0.2835099 0.5167164
vt 0.8974543 0.3406142
vt 0.6467897 0.8986169
vt 0.9842902 0.1288077
vt 0.2728169 0.5167164
vt 0.6467897 0.8289610
vt 0.9749902 0.6626282
vt 0.2728169 0.4608485
vt 0.6913388 0.2357582
vt 0.2626279 0.4608485
vt 0.9067544 0.6987603
vt 0.9726651 0.5347525
vt 0.2626279 0.5167164
vt 0.9067544 0.7684163
vt 0.8595282 0.8765292
vt 0.9726651 0.5240596
vt 0.2519349 0.5167164
vt 0.8595282 0.8068732
vt 0.6913388 0.2464512
vt 0.2519349 0.4608485
vt 0.9741797 0.8718792
vt 0.7728358 0.4312219
vt 0.9025410 0.0767254
vt 0.9741797 0.9216365
vt 0.7728358 0.4870899
vt 0.9025410 0.0070695
vt 0.9055918 0.1849328
vt 0.9741797 0.9323295
vt 0.7835288 0.4870899
vt 0.9055918 0.2545887
vt 0.9741797 0.8611863
vt 0.7835288 0.4312219
vt 0.4882523 0.8704863
vt 0.7937609 0.0627753
vt 0.8897535 0.6987603
vt 0.9718547 0.4138520
vt 0.7937609 0.0069073
vt 0.8897535 0.7684163
vt 0.6335655 0.8301235
vt 0.4882523 0.8811792
vt 0.8044539 0.0627753
vt 0.6335655 0.8997794
vt 0.9718547 0.4031590
vt 0.8044539 0.0069073
vt 0.9765047 0.0744003
vt 0.7937609 0.2754461
vt 0.9048660 0.1615883
vt 0.6765783 0.2357582
vt 0.7937609 0.3313141
vt 0.9048660 0.0919324
vt 0.8811792 0.2709582
vt 0.6765783 0.2464512
vt 0.8044539 0.3313141
vt 0.8811792 0.3406141
vt 0.9765047 0.0637074
vt 0.8044539 0.2754461
vt 0.9718548 0.6045030
vt 0.6437978 0.7578860
vt 0.0074117 0.8986169
vt 0.8532791 0.9727868
vt 0.6437978 0.8137540
vt 0.0074117 0.8289610
vt 0.8579291 0.1512201
vt 0.8532791 0.9834797
vt 0.6544907 0.8137540
vt 0.8579291 0.2208760
vt 0.9718548 0.5938100
vt 0.6544907 0.7578860
vt 0.9718547 0.5766028
vt 0.7937610 0.5776976
vt 0.8909159 0.5952029
vt 0.9765047 0.0079071
vt 0.7937610 0.6335655
vt 0.8909159 0.5255470
vt 0.8579291 0.4697467
vt 0.9765047 0.0186000
vt 0.8044539 0.6335655
vt 0.8579291 0.5394026
vt 0.9718547 0.5659098
vt 0.8044539 0.5776976
vt 0.9741797 0.9765047
vt 0.4426842 0.7695111
vt 0.8583657 0.7916664
vt 0.9741797 0.8332862
vt 0.4426842 0.8253790
vt 0.8583657 0.7220104
vt 0.8916418 0.8231484
vt 0.9741797 0.8439791
vt 0.4533772 0.8253790
vt 0.8916418 0.8928043
vt 0.9741797 0.9658117
vt 0.4533772 0.7695111
vt 0.9741797 0.5068525
vt 0.7937610 0.5009722
vt 0.8746408 0.6254280
vt 0.8277040 0.6891354
vt 0.7937610 0.5568402
vt 0.8746408 0.5557721
vt 0.8765292 0.6452850
vt 0.8277040 0.6998284
vt 0.8044539 0.5568402
vt 0.8765292 0.7149410
vt 0.9741797 0.4961595
vt 0.8044539 0.5009722
vt 0.0093001 0.9788297
vt 0.4915094 0.7695110
vt 0.9013785 0.4266396
vt 0.9765047 0.0358073
vt 0.4915094 0.8253790
vt 0.9013785 0.3569837
vt 0.8765292 0.7975733
vt 0.9765047 0.0465002
vt 0.5022024 0.8253790
vt 0.8765292 0.8672292
vt 0.0093001 0.9681367
vt 0.5022024 0.7695110
vt 0.9858047 0.1395007
vt 0.7984110 0.0789827
vt 0.8955659 0.3406142
vt 0.9765047 0.6519352
vt 0.7984110 0.1348506
vt 0.8955659 0.2709582
vt 0.6486781 0.8289610
vt 0.9765047 0.6626282
vt 0.8091039 0.1348506
vt 0.6486781 0.8986169
vt 0.9858047 0.1288077
vt 0.8091039 0.0789827
vt 0.9741797 0.5347525
vt 0.7984110 0.1510580
vt 0.9048660 0.7684163
vt 0.6928534 0.2357582
vt 0.7984110 0.2069260
vt 0.9048660 0.6987603
vt 0.8614166 0.8068732
vt 0.6928534 0.2464512
vt 0.8091039 0.2069260
vt 0.8614166 0.8765292
vt 0.9741797 0.5240596
vt 0.8091039 0.1510580
vt 0.5218628 0.0074077
vt 0.7440037 0.0074077
vt 0.8230540 0.5754403
vt 0.8224656 0.6707657
vt 0.5218627 0.2162260
vt 0.7440037 0.2162260
vt 0.5859028 0.0074077
vt 0.0069633 0.5189101
vt 0.8230540 0.4955955
vt 0.8224656 0.5909209
vt 0.5859028 0.2162260
vt 0.0069634 0.7277285
vt 0.0093000 0.5189101
vt 0.4416499 0.0074077
vt 0.8201406 0.4955955
vt 0.7416670 0.0074077
vt 0.5056899 0.0074076
vt 0.8201406 0.5754403
vt 0.8253790 0.5909209
vt 0.0093001 0.7277285
vt 0.4416499 0.2162260
vt 0.8253790 0.6707657
vt 0.7416670 0.2162260
vt 0.5056899 0.2162260
vt 0.5218628 0.0282896
vt 0.7440037 0.0282896
vt 0.5218628 0.0491714
vt 0.7440037 0.0491714
vt 0.5218628 0.0700531
vt 0.7440037 0.0700531
vt 0.5218628 0.0909351
vt 0.7440037 0.0909351
vt 0.5218628 0.1118168
vt 0.7440037 0.1118168
vt 0.5218628 0.1326986
vt 0.7440037 0.1326986
vt 0.5218627 0.1535806
vt 0.7440037 0.1535805
vt 0.5218627 0.1744623
vt 0.7440037 0.1744623
vt 0.5218627 0.1953441
vt 0.7440037 0.1953441
vt 0.5859028 0.0282896
vt 0.0069633 0.5397921
vt 0.5859028 0.0491714
vt 0.0069633 0.5606738
vt 0.5859028 0.0700531
vt 0.0069633 0.5815555
vt 0.5859028 0.0909351
vt 0.0069633 0.6024375
vt 0.5859028 0.1118169
vt 0.0069633 0.6233193
vt 0.5859028 0.1326986
vt 0.0069633 0.6442010
vt 0.5859028 0.1535806
vt 0.0069634 0.6650830
vt 0.5859028 0.1744623
vt 0.0069634 0.6859648
vt 0.5859028 0.1953441
vt 0.0069634 0.7068465
vt 0.7416670 0.0282896
vt 0.5056899 0.0282896
vt 0.7416670 0.0491714
vt 0.5056899 0.0491714
vt 0.7416670 0.0700531
vt 0.5056899 0.0700531
vt 0.7416670 0.0909351
vt 0.5056899 0.0909351
vt 0.7416670 0.1118168
vt 0.5056899 0.1118168
vt 0.7416670 0.1326986
vt 0.5056899 0.1326986
vt 0.7416670 0.1535805
vt 0.5056899 0.1535806
vt 0.7416670 0.1744623
vt 0.5056899 0.1744623
vt 0.7416670 0.1953441
vt 0.5056899 0.1953441
vt 0.0093000 0.5397921
vt 0.4416499 0.0282896
vt 0.0093000 0.5606738
vt 0.4416499 0.0491714
vt 0.0093000 0.5815555
vt 0.4416499 0.0700531
vt 0.0093000 0.6024375
vt 0.4416499 0.0909351
vt 0.0093000 0.6233193
vt 0.4416499 0.1118168
vt 0.0093001 0.6442010
vt 0.4416499 0.1326986
vt 0.0093001 0.6650830
vt 0.4416499 0.1535806
vt 0.0093001 0.6859648
vt 0.4416499 0.1744623
vt 0.0093001 0.7068465
vt 0.4416499 0.1953441
vt 0.9765047 0.4589593
vt 0.4457359 0.0231951
vt 0.8885909 0.0930948
vt 0.5634632 0.4752344
vt 0.5016039 0.0231951
vt 0.8885909 0.1627508
vt 0.8742042 0.1615883
vt 0.5634632 0.4859273
vt 0.5016039 0.0125021
vt 0.8742042 0.0919323
vt 0.9765047 0.4696523
vt 0.4457359 0.0125021
vt 0.9741797 0.3729339
vt 0.4457359 0.2111315
vt 0.8723158 0.1849328
vt 0.9796402 0.6798354
vt 0.5016039 0.2111315
vt 0.8723158 0.2545887
vt 0.8811792 0.4254770
vt 0.9796402 0.6905283
vt 0.5016039 0.2004386
vt 0.8811792 0.3558211
vt 0.9741796 0.3836268
vt 0.4457359 0.2004386
vt 0.6285635 0.1860009
vt 0.4457359 0.1902498
vt 0.5026391 0.8394235
vt 0.6564636 0.3589838
vt 0.5016039 0.1902498
vt 0.5026391 0.9090794
vt 0.9079169 0.6033404
vt 0.6564636 0.3696767
vt 0.5016039 0.1795568
vt 0.9079169 0.5336845
vt 0.6285635 0.1753079
vt 0.4457359 0.1795568
vt 0.4774377 0.4650023
vt 0.4457359 0.1693678
vt 0.8606908 0.0070695
vt 0.5541631 0.2636583
vt 0.5016039 0.1693678
vt 0.8606908 0.0767254
vt 0.0093000 0.8137538
vt 0.5541631 0.2743514
vt 0.5016039 0.1586748
vt 0.0093000 0.7440979
vt 0.4774377 0.4543093
vt 0.4457359 0.1586748
vt 0.9773151 0.6324030
vt 0.4457359 0.1484861
vt 0.8723158 0.4685842
vt 0.6750637 0.9681367
vt 0.5016039 0.1484861
vt 0.8723158 0.5382401
vt 0.9067544 0.9079168
vt 0.6750637 0.9788297
vt 0.5016039 0.1377931
vt 0.9067544 0.8382609
vt 0.9773151 0.6217101
vt 0.4457359 0.1377931
vt 0.5564882 0.3999019
vt 0.4457359 0.1276043
vt 0.8223281 0.8022233
vt 0.7517890 0.4333841
vt 0.5016039 0.1276043
vt 0.8223281 0.8718792
vt 0.8904793 0.2545887
vt 0.7517890 0.4440771
vt 0.5016039 0.1169114
vt 0.8904793 0.1849328
vt 0.5564882 0.3892089
vt 0.4457359 0.1169114
vt 0.7076139 0.2487762
vt 0.4457359 0.1067224
vt 0.8862659 0.0070695
vt 0.4751127 0.9727868
vt 0.5016039 0.1067224
vt 0.8862659 0.0767254
vt 0.8602541 0.6265904
vt 0.4751127 0.9834797
vt 0.5016039 0.0960293
vt 0.8602541 0.5569345
vt 0.7076139 0.2380832
vt 0.4457359 0.0960294
vt 0.6262385 0.0395252
vt 0.4457359 0.0858406
vt 0.9060284 0.4430091
vt 0.6587886 0.2287832
vt 0.5016039 0.0858406
vt 0.9060284 0.5126650
vt 0.8649042 0.4533771
vt 0.6587886 0.2394761
vt 0.5016039 0.0751476
vt 0.8649042 0.3837212
vt 0.6262385 0.0288322
vt 0.4457359 0.0751476
vt 0.9726651 0.8997794
vt 0.4457359 0.0649589
vt 0.4538138 0.8394235
vt 0.6913388 0.9681367
vt 0.5016039 0.0649589
vt 0.4538138 0.9090794
vt 0.8649042 0.3638642
vt 0.6913388 0.9788297
vt 0.5016039 0.0542659
vt 0.8649042 0.2942083
vt 0.9726651 0.8890864
vt 0.4457359 0.0542659
vt 0.6680887 0.4696523
vt 0.4457359 0.0440769
vt 0.8885909 0.4406841
vt 0.9749901 0.4310592
vt 0.5016039 0.0440769
vt 0.8885909 0.5103400
vt 0.8928043 0.6835533
vt 0.9749901 0.4417522
vt 0.5016039 0.0333839
vt 0.8928043 0.6138974
vt 0.6680887 0.4589593
vt 0.4457359 0.0333839
vt 0.5649777 0.4752344
vt 0.7984109 0.4801148
vt 0.8904793 0.1627508
vt 0.9749902 0.4589593
vt 0.7984109 0.4242469
vt 0.8904793 0.0930948
vt 0.8723158 0.0919323
vt 0.9749902 0.4696523
vt 0.8091039 0.4242469
vt 0.8723158 0.1615883
vt 0.5649777 0.4859273
vt 0.8091039 0.4801148
vt 0.9726651 0.3729339
vt 0.4670968 0.7695110
vt 0.8742042 0.1849328
vt 0.9811548 0.6798354
vt 0.4670968 0.8253790
vt 0.8742042 0.2545887
vt 0.8792908 0.3558211
vt 0.9726650 0.3836268
vt 0.4777898 0.7695110
vt 0.8792908 0.4254770
vt 0.9811548 0.6905283
vt 0.4777898 0.8253790
vt 0.6579782 0.3589838
vt 0.7984110 0.7056409
vt 0.5045274 0.9090794
vt 0.6300781 0.1860009
vt 0.7984110 0.6497730
vt 0.5045274 0.8394235
vt 0.9060285 0.5336845
vt 0.6300781 0.1753079
vt 0.8091039 0.6497730
vt 0.9060285 0.6033404
vt 0.6579782 0.3696767
vt 0.8091039 0.7056409
vt 0.5556777 0.2636583
vt 0.7984109 0.7846913
vt 0.8625792 0.0767254
vt 0.4789523 0.4650023
vt 0.7984109 0.7288234
vt 0.8625792 0.0070695
vt 0.0074116 0.7440979
vt 0.4789523 0.4543093
vt 0.8091039 0.7288234
vt 0.0074116 0.8137538
vt 0.5556777 0.2743514
vt 0.8091039 0.7846913
vt 0.6765783 0.9681367
vt 0.7251731 0.8114290
vt 0.8742042 0.5382401
vt 0.9788297 0.6324030
vt 0.7251731 0.7555610
vt 0.8742042 0.4685842
vt 0.9048660 0.8382609
vt 0.9788297 0.6217101
vt 0.7358661 0.7555610
vt 0.9048660 0.9079168
vt 0.6765783 0.9788297
vt 0.7358661 0.8114290
vt 0.7533036 0.4333841
vt 0.5647473 0.8253789
vt 0.8242165 0.8718792
vt 0.5580028 0.3999019
vt 0.5647473 0.7695109
vt 0.8242165 0.8022233
vt 0.8885909 0.1849328
vt 0.5580028 0.3892089
vt 0.5754403 0.7695109
vt 0.8885909 0.2545887
vt 0.7533036 0.4440771
vt 0.5754403 0.8253789
vt 0.4766273 0.9727868
vt 0.8007360 0.4033895
vt 0.8881543 0.0767254
vt 0.7091285 0.2487762
vt 0.8007360 0.3475214
vt 0.8881543 0.0070695
vt 0.8583657 0.5569345
vt 0.7091285 0.2380832
vt 0.8114289 0.3475214
vt 0.8583657 0.6265904
vt 0.4766273 0.9834797
vt 0.8114289 0.4033894
vt 0.6603032 0.2287832
vt 0.8193361 0.0627753
vt 0.9079168 0.5126650
vt 0.6277530 0.0395252
vt 0.8193361 0.0069073
vt 0.9079168 0.4430091
vt 0.8630158 0.3837212
vt 0.6277530 0.0288322
vt 0.8300290 0.0069073
vt 0.8630158 0.4533771
vt 0.6603032 0.2394761
vt 0.8300290 0.0627753
vt 0.6928533 0.9681367
vt 0.5159221 0.8253790
vt 0.4557022 0.9090794
vt 0.9741797 0.8997794
vt 0.5159221 0.7695110
vt 0.4557022 0.8394235
vt 0.8630158 0.2942083
vt 0.9741797 0.8890864
vt 0.5266150 0.7695110
vt 0.8630158 0.3638642
vt 0.6928533 0.9788297
vt 0.5266150 0.8253790
vt 0.9765047 0.4310592
vt 0.5403347 0.8253790
vt 0.8904793 0.5103400
vt 0.6696033 0.4696523
vt 0.5403347 0.7695110
vt 0.8904793 0.4406841
vt 0.8909159 0.6138974
vt 0.6696033 0.4589593
vt 0.5510277 0.7695110
vt 0.8909159 0.6835533
vt 0.9765047 0.4417522
vt 0.5510277 0.8253790
vt 0.6701193 0.4943098
vt 0.5324275 0.8718793
vt 0.4125302 0.0409979
vt 0.5181850 0.8718793
vt 0.6998284 0.4943098
vt 0.6417031 0.2322086
vt 0.5324275 0.8421702
vt 0.4125302 0.0707069
vt 0.6417031 0.2464511
vt 0.4125302 0.0707069
vt 0.5181850 0.8421702
vt 0.5614902 0.8410077
vt 0.6701193 0.6033404
vt 0.5472476 0.8410077
vt 0.3034996 0.0409979
vt 0.5614902 0.8707167
vt 0.6998283 0.6033404
vt 0.5326725 0.2322086
vt 0.5472476 0.8707167
vt 0.3034996 0.0707068
vt 0.3034996 0.0707068
vt 0.5326725 0.2464511
vt 0.4185020 0.0393707
vt 0.9439545 0.0906755
vt 0.4185020 0.0744004
vt 0.7626037 0.1278756
vt 0.4185020 0.0744004
vt 0.9439545 0.0556458
vt 0.9416296 0.8928043
vt 0.2975278 0.0744003
vt 0.2975278 0.0744003
vt 0.7626037 0.0069014
vt 0.9416296 0.8577746
vt 0.2975278 0.0393707
vt 0.4428410 0.6438736
vt 0.9410250 0.0906755
vt 0.7596741 0.1278756
vt 0.4428410 0.6789033
vt 0.9410250 0.0556458
vt 0.9387000 0.8928043
vt 0.7596741 0.0069014
vt 0.5638152 0.6789032
vt 0.9387000 0.8577746
vt 0.5638152 0.6438735
vt 0.6998283 0.5669970
vt 0.5690159 0.2322086
vt 0.6998283 0.5306533
vt 0.6053596 0.2322086
vt 0.3761868 0.0707068
vt 0.6053596 0.2464511
vt 0.3398431 0.0707068
vt 0.5690159 0.2464511
vt 0.6701193 0.5306532
vt 0.6701193 0.5669970
vt 0.3378524 0.0744004
vt 0.7626037 0.0472261
vt 0.7596741 0.0875510
vt 0.4831656 0.6789033
vt 0.7596741 0.0472261
vt 0.5234905 0.6789033
vt 0.5234905 0.6438736
vt 0.4831656 0.6438736
vt 0.6334620 0.6789033
vt 0.5659502 0.2352744
vt 0.8357380 0.9369928
vt 0.6334620 0.6707924
vt 0.5567367 0.9695296
vt 0.5659502 0.2433854
vt 0.5567367 0.9393178
vt 0.5357383 0.2433854
vt 0.7719037 0.3592408
vt 0.5357383 0.2352744
vt 0.8357380 0.9672047
vt 0.7719037 0.3673518
vt 0.5846367 0.6812283
vt 0.6386372 0.2352744
vt 0.5218614 0.9369928
vt 0.5846367 0.6731174
vt 0.5404615 0.9648796
vt 0.6386372 0.2433853
vt 0.5404615 0.9346678
vt 0.6084254 0.2433854
vt 0.6021780 0.6707924
vt 0.6084254 0.2352744
vt 0.5218614 0.9672046
vt 0.6021780 0.6789033
vt 0.6171870 0.6812283
vt 0.6022938 0.2352744
vt 0.9589636 0.0558133
vt 0.6171870 0.6731174
vt 0.9566386 0.3789768
vt 0.6022938 0.2433854
vt 0.9566386 0.3487647
vt 0.5720817 0.2433854
vt 0.6510031 0.6731174
vt 0.5720817 0.2352744
vt 0.9589636 0.0860254
vt 0.6510031 0.6812283
vt 0.6347281 0.6707924
vt 0.5580027 0.9695296
vt 0.4522413 0.4882524
vt 0.6347281 0.6789033
vt 0.4603522 0.4882524
vt 0.8370041 0.9369928
vt 0.4603522 0.4580405
vt 0.8370041 0.9672047
vt 0.7706377 0.3673518
vt 0.5580027 0.9393178
vt 0.4522413 0.4580405
vt 0.7706377 0.3592408
vt 0.5859028 0.6731174
vt 0.5417275 0.9648796
vt 0.7986680 0.2534262
vt 0.5859028 0.6812283
vt 0.8067789 0.2534262
vt 0.5231274 0.9369928
vt 0.8067789 0.2232143
vt 0.5231274 0.9672046
vt 0.6009120 0.6789033
vt 0.5417275 0.9346678
vt 0.7986680 0.2232143
vt 0.6009120 0.6707924
vt 0.6184530 0.6731174
vt 0.9579046 0.3789768
vt 0.9207311 0.7230785
vt 0.6184530 0.6812283
vt 0.9288420 0.7230785
vt 0.9602296 0.0558133
vt 0.9288420 0.6928663
vt 0.9602296 0.0860254
vt 0.6497371 0.6812283
vt 0.9579046 0.3487647
vt 0.9207311 0.6928663
vt 0.6497371 0.6731174
vt 0.7596741 0.0774697
vt 0.4932469 0.6789033
vt 0.7596741 0.0673885
vt 0.5033281 0.6789033
vt 0.7596741 0.0573073
vt 0.5134093 0.6789033
vt 0.5134093 0.6438736
vt 0.5033281 0.6438736
vt 0.4932469 0.6438736
vt 0.7596741 0.0371448
vt 0.5335718 0.6789032
vt 0.7596741 0.0270636
vt 0.5436530 0.6789032
vt 0.7596741 0.0169826
vt 0.5537339 0.6789032
vt 0.5537339 0.6438736
vt 0.5436530 0.6438736
vt 0.5335718 0.6438736
vt 0.4730844 0.6438736
vt 0.4630032 0.6438736
vt 0.4529222 0.6438736
vt 0.7596741 0.1177944
vt 0.4529222 0.6789033
vt 0.7596741 0.1077134
vt 0.4630032 0.6789033
vt 0.7596741 0.0976322
vt 0.4730844 0.6789033
vt 0.9822639 0.7788787
vt 0.4518322 0.6778134
vt 0.9566889 0.8878545
vt 0.4893616 0.9579046
vt 0.9822639 0.7709773
vt 0.4439307 0.6778134
vt 0.4893616 0.9250548
vt 0.7079126 0.9858047
vt 0.4439307 0.6449635
vt 0.7079126 0.9779032
vt 0.4518322 0.6449635
vt 0.9566889 0.9207044
vt 0.9869139 0.2464512
vt 0.5324818 0.6778134
vt 0.9566889 0.5181777
vt 0.9590138 0.6626282
vt 0.9869139 0.2385499
vt 0.5245805 0.6778134
vt 0.9590138 0.6297783
vt 0.7544129 0.8602541
vt 0.5245802 0.6449634
vt 0.7544129 0.8523526
vt 0.5324818 0.6449634
vt 0.9566889 0.5510276
vt 0.9869139 0.3301516
vt 0.4921569 0.6778134
vt 0.9566889 0.1043257
vt 0.9590138 0.0395252
vt 0.9869139 0.3222504
vt 0.4842556 0.6778134
vt 0.9590138 0.0066753
vt 0.9892390 0.0976505
vt 0.4842556 0.6449634
vt 0.9892390 0.0897492
vt 0.4921569 0.6449634
vt 0.9566889 0.1371756
vt 0.9845889 0.1650758
vt 0.5224006 0.6778134
vt 0.7148876 0.9273798
vt 0.5056366 0.9695297
vt 0.9845889 0.1571745
vt 0.5144993 0.6778134
vt 0.5056366 0.9366798
vt 0.9520388 0.9904548
vt 0.5144992 0.6449634
vt 0.9520388 0.9825535
vt 0.5224006 0.6449634
vt 0.7148877 0.9602297
vt 0.9869139 0.1906509
vt 0.5123193 0.6778134
vt 0.7637129 0.9320298
vt 0.9636638 0.7137784
vt 0.9869139 0.1827496
vt 0.5044181 0.6778134
vt 0.9636638 0.6809285
vt 0.9869139 0.3022515
vt 0.5044181 0.6449634
vt 0.9869139 0.2943501
vt 0.5123193 0.6449634
vt 0.7637129 0.9648797
vt 0.8822885 0.9904549
vt 0.5022381 0.6778134
vt 0.9543638 0.5786281
vt 0.9659888 0.7649287
vt 0.8822885 0.9825535
vt 0.4943368 0.6778134
vt 0.9659888 0.7320789
vt 0.1917601 0.5254526
vt 0.4943368 0.6449634
vt 0.1917601 0.5175513
vt 0.5022381 0.6449634
vt 0.9543638 0.6114780
vt 0.5358618 0.9904547
vt 0.5627255 0.6778134
vt 0.9590138 0.4484274
vt 0.7474378 0.9625546
vt 0.5358618 0.9825532
vt 0.5548239 0.6778134
vt 0.7474378 0.9297047
vt 0.7241877 0.9881298
vt 0.5548239 0.6449634
vt 0.7241877 0.9802282
vt 0.5627255 0.6449634
vt 0.9590138 0.4812773
vt 0.9845889 0.2766764
vt 0.5526443 0.6778134
vt 0.9543638 0.3972772
vt 0.9659888 0.8160790
vt 0.9845889 0.2687749
vt 0.5447427 0.6778134
vt 0.9659888 0.7832291
vt 0.9822639 0.8044539
vt 0.5447427 0.6449634
vt 0.9822639 0.7965524
vt 0.5526443 0.6449634
vt 0.9543638 0.4301270
vt 0.7567378 0.9904548
vt 0.5425630 0.6778134
vt 0.9032136 0.9273798
vt 0.9520388 0.2813264
vt 0.7567378 0.9825533
vt 0.5346615 0.6778134
vt 0.9520388 0.2484765
vt 0.7730130 0.6463531
vt 0.5346615 0.6449634
vt 0.7730130 0.6384516
vt 0.5425630 0.6449634
vt 0.9032136 0.9602296
vt 0.9148387 0.9881297
vt 0.4820759 0.6778134
vt 0.7311628 0.9297048
vt 0.8009130 0.9625546
vt 0.9148387 0.9802282
vt 0.4741744 0.6778134
vt 0.8009130 0.9297048
vt 0.7939380 0.9881298
vt 0.4741744 0.6449634
vt 0.7939380 0.9802282
vt 0.4820759 0.6449634
vt 0.7311628 0.9625546
vt 0.7404628 0.9881298
vt 0.4719947 0.6778134
vt 0.7846380 0.9297047
vt 0.9543638 0.3324766
vt 0.7404628 0.9802283
vt 0.4640931 0.6778134
vt 0.9543638 0.2996267
vt 0.7776629 0.9881298
vt 0.4640931 0.6449635
vt 0.7776629 0.9802282
vt 0.4719946 0.6449634
vt 0.7846380 0.9625546
vt 0.8148631 0.9858048
vt 0.4619134 0.6778134
vt 0.9566889 0.8367043
vt 0.8427632 0.7626036
vt 0.8148631 0.9779033
vt 0.4540119 0.6778134
vt 0.8427632 0.7297537
vt 0.8985636 0.9858048
vt 0.4540119 0.6449635
vt 0.8985636 0.9779032
vt 0.4619134 0.6449635
vt 0.9566889 0.8695542
vt 0.4905774 0.9579046
vt 0.9834797 0.7709773
vt 0.8056163 0.8773919
vt 0.9834797 0.7788787
vt 0.7977148 0.8773919
vt 0.9579047 0.8878545
vt 0.7091284 0.9779032
vt 0.7977148 0.9102418
vt 0.9579047 0.9207044
vt 0.4905773 0.9250548
vt 0.7091284 0.9858047
vt 0.8056163 0.9102418
vt 0.9602296 0.6626282
vt 0.9881297 0.2385499
vt 0.8451413 0.8866920
vt 0.9881297 0.2464512
vt 0.8372400 0.8866920
vt 0.9579046 0.5181777
vt 0.7556287 0.8523526
vt 0.8372400 0.9195418
vt 0.9579047 0.5510276
vt 0.9602296 0.6297783
vt 0.7556287 0.8602541
vt 0.8451415 0.9195418
vt 0.9602296 0.0395252
vt 0.9881297 0.3222504
vt 0.9276795 0.0903757
vt 0.9881297 0.3301516
vt 0.9197782 0.0903757
vt 0.9579047 0.1043257
vt 0.9904548 0.0897492
vt 0.9197782 0.1232256
vt 0.9579047 0.1371756
vt 0.9602296 0.0066753
vt 0.9904548 0.0976505
vt 0.9276795 0.1232256
vt 0.5068524 0.9695297
vt 0.9858047 0.1571745
vt 0.8672292 0.8936671
vt 0.9858047 0.1650758
vt 0.8593279 0.8936671
vt 0.7161034 0.9273798
vt 0.9532546 0.9825535
vt 0.8593279 0.9265170
vt 0.7161034 0.9602297
vt 0.5068524 0.9366798
vt 0.9532546 0.9904548
vt 0.8672292 0.9265170
vt 0.9648796 0.7137784
vt 0.9881297 0.1827496
vt 0.9253545 0.0066753
vt 0.9881297 0.1906509
vt 0.9174532 0.0066753
vt 0.7649287 0.9320298
vt 0.9881297 0.2943501
vt 0.9174532 0.0395252
vt 0.7649287 0.9648797
vt 0.9648796 0.6809285
vt 0.9881297 0.3022515
vt 0.9253545 0.0395252
vt 0.9672046 0.7649287
vt 0.8835042 0.9825535
vt 0.9265170 0.1833762
vt 0.8835042 0.9904549
vt 0.9186156 0.1833762
vt 0.9555796 0.5786281
vt 0.1929759 0.5175513
vt 0.9186156 0.2162260
vt 0.9555796 0.6114780
vt 0.9672046 0.7320789
vt 0.1929759 0.5254526
vt 0.9265170 0.2162260
vt 0.7486536 0.9625546
vt 0.5370776 0.9825532
vt 0.9137294 0.7843915
vt 0.5370776 0.9904547
vt 0.9058278 0.7843915
vt 0.9602296 0.4484274
vt 0.7254035 0.9802282
vt 0.9058278 0.8172414
vt 0.9602296 0.4812773
vt 0.7486536 0.9297047
vt 0.7254035 0.9881298
vt 0.9137294 0.8172414
vt 0.9672046 0.8160790
vt 0.9858047 0.2687749
vt 0.5533527 0.8866920
vt 0.9858047 0.2766764
vt 0.5454512 0.8866920
vt 0.9555796 0.3972772
vt 0.9834797 0.7965524
vt 0.5454512 0.9195419
vt 0.9555796 0.4301270
vt 0.9672046 0.7832291
vt 0.9834797 0.8044539
vt 0.5533527 0.9195418
vt 0.9532546 0.2813264
vt 0.7579536 0.9825533
vt 0.5266150 0.8878545
vt 0.7579536 0.9904548
vt 0.5187135 0.8878545
vt 0.9044294 0.9273798
vt 0.7742288 0.6384516
vt 0.5187135 0.9207044
vt 0.9044294 0.9602296
vt 0.9532546 0.2484765
vt 0.7742288 0.6463531
vt 0.5266150 0.9207044
vt 0.8021288 0.9625546
vt 0.9160545 0.9802282
vt 0.9183794 0.2705641
vt 0.9160545 0.9881297
vt 0.9104779 0.2705641
vt 0.7323786 0.9297048
vt 0.7951539 0.9802282
vt 0.9104779 0.3034140
vt 0.7323786 0.9625546
vt 0.8021288 0.9297048
vt 0.7951539 0.9881298
vt 0.9183794 0.3034140
vt 0.9555796 0.3324766
vt 0.7416786 0.9802283
vt 0.5766028 0.8925046
vt 0.7416786 0.9881298
vt 0.5687013 0.8925046
vt 0.7858538 0.9297047
vt 0.7788787 0.9802282
vt 0.5687013 0.9253545
vt 0.7858538 0.9625546
vt 0.9555796 0.2996267
vt 0.7788787 0.9881298
vt 0.5766028 0.9253545
vt 0.8439791 0.7626036
vt 0.8160790 0.9779033
vt 0.9241920 0.3554269
vt 0.8160790 0.9858048
vt 0.9162905 0.3554269
vt 0.9579047 0.8367043
vt 0.8997794 0.9779032
vt 0.9162905 0.3882769
vt 0.9579047 0.8695542
vt 0.8439791 0.7297537
vt 0.8997794 0.9858048
vt 0.9241920 0.3882769
vt 0.2975174 0.0073623
vt 0.9214587 0.1604258
vt 0.2975174 0.0252820
vt 0.6998284 0.9246655
vt 0.9214587 0.1425060
vt 0.9701278 0.3162015
vt 0.4455264 0.6250573
vt 0.7678517 0.1494579
vt 0.9701278 0.3036733
vt 0.5981259 0.9672047
vt 0.4455264 0.6125290
vt 0.5766028 0.9602296
vt 0.4185020 0.0073622
vt 0.5766028 0.9423099
vt 0.4185020 0.0252820
vt 0.4440772 0.9532545
vt 0.5611197 0.6250572
vt 0.7678517 0.2650512
vt 0.9741797 0.1139256
vt 0.9561777 0.9386154
vt 0.5611196 0.6125290
vt 0.9741797 0.1013974
vt 0.9144837 0.3371266
vt 0.5375513 0.6098332
vt 0.4401813 0.9269906
vt 0.4690948 0.6098332
vt 0.6959326 0.9509296
vt 0.9253545 0.0697503
vt 0.3237815 0.0252820
vt 0.6998284 0.9509296
vt 0.9214587 0.0697503
vt 0.9183794 0.3371266
vt 0.3922381 0.0252820
vt 0.4440771 0.9269906
vt 0.5201420 0.5936359
vt 0.9073524 0.6348208
vt 0.5348555 0.6083495
vt 0.9718547 0.2213466
vt 0.5259162 0.5947845
vt 0.9073524 0.6290465
vt 0.5305866 0.5979050
vt 0.9073524 0.6243761
vt 0.9718547 0.2109020
vt 0.5337070 0.6025751
vt 0.9718547 0.2155722
vt 0.9678028 0.1887964
vt 0.4717903 0.6083495
vt 0.9073524 0.6684586
vt 0.4865040 0.5936359
vt 0.9678028 0.1830220
vt 0.4729390 0.6025751
vt 0.9073524 0.6789033
vt 0.9678028 0.1783518
vt 0.4760594 0.5979050
vt 0.9073524 0.6742331
vt 0.4807296 0.5947845
vt 0.3409252 0.0441752
vt 0.4731398 0.8534877
vt 0.3237815 0.0270313
vt 0.9214587 0.0680010
vt 0.3343645 0.0428702
vt 0.4731398 0.8469269
vt 0.3288027 0.0391539
vt 0.4731398 0.8413651
vt 0.9214587 0.0558785
vt 0.3250863 0.0335920
vt 0.9214587 0.0614403
vt 0.9183794 0.3353773
vt 0.3922381 0.0270313
vt 0.4731398 0.8876567
vt 0.3750943 0.0441752
vt 0.9183794 0.3288167
vt 0.3909330 0.0335920
vt 0.4731398 0.8997793
vt 0.9183794 0.3232548
vt 0.3872169 0.0391539
vt 0.4731398 0.8942173
vt 0.3816548 0.0428702
vt 0.4428306 0.6098332
vt 0.6959326 0.9246655
vt 0.9253544 0.1425060
vt 0.4428306 0.6277530
vt 0.9253544 0.1604258
vt 0.5727069 0.9423099
vt 0.5638152 0.6098332
vt 0.4401813 0.9532545
vt 0.5727069 0.9602296
vt 0.5638152 0.6277530
vt 0.9678028 0.1929759
vt 0.5981259 0.9409407
vt 0.4717903 0.6125290
vt 0.9561777 0.9648796
vt 0.5348555 0.6125290
vt 0.9718547 0.2255261
vt 0.4703996 0.6015233
vt 0.9253545 0.0614403
vt 0.4690948 0.6080840
vt 0.9253545 0.0680010
vt 0.4741159 0.5959615
vt 0.4692439 0.8413651
vt 0.9253545 0.0558785
vt 0.4796777 0.5922451
vt 0.4692439 0.8469269
vt 0.4862385 0.5909401
vt 0.4692439 0.8534877
vt 0.9144837 0.3353773
vt 0.5375513 0.6080840
vt 0.9144837 0.3288167
vt 0.5362462 0.6015233
vt 0.4692440 0.8997793
vt 0.9144837 0.3232548
vt 0.5325301 0.5959615
vt 0.4692440 0.8942173
vt 0.5269681 0.5922451
vt 0.4692440 0.8876567
vt 0.5204076 0.5909401
vt 0.9579046 0.9648796
vt 0.6849751 0.3826481
vt 0.9701278 0.2255261
vt 0.9695297 0.1929759
vt 0.5998529 0.9409407
vt 0.6849750 0.4457133
vt 0.9718547 0.3036733
vt 0.5998529 0.9672047
vt 0.6849750 0.4719772
vt 0.9718547 0.3162015
vt 0.6975033 0.4719772
vt 0.7695787 0.1494579
vt 0.9579046 0.9386154
vt 0.6849750 0.3563840
vt 0.9724528 0.1013974
vt 0.6975033 0.3563840
vt 0.7695787 0.2650512
vt 0.9724528 0.1139256
vt 0.9695297 0.1830220
vt 0.6750212 0.4445646
vt 0.9695297 0.1887964
vt 0.6807955 0.4457133
vt 0.9090794 0.6789033
vt 0.9695297 0.1783518
vt 0.6703510 0.4414442
vt 0.9090794 0.6742331
vt 0.6672304 0.4367740
vt 0.9090794 0.6684586
vt 0.6660818 0.4309996
vt 0.6807955 0.3826481
vt 0.9701278 0.2213466
vt 0.6750212 0.3837966
vt 0.9701278 0.2155722
vt 0.6703510 0.3869170
vt 0.9090794 0.6243761
vt 0.9701278 0.2109020
vt 0.6672304 0.3915874
vt 0.9090794 0.6290465
vt 0.6660818 0.3973616
vt 0.9090794 0.6348208
vt 0.7311969 0.2351042
vt 0.2185511 0.3627017
vt 0.5707902 0.7556286
vt 0.7532845 0.6283527
vt 0.7311969 0.4464021
vt 0.0072531 0.3627017
vt 0.7311969 0.3857565
vt 0.0678988 0.3627017
vt 0.7311969 0.2957499
vt 0.1579054 0.3627017
vt 0.8241974 0.7858539
vt 0.0738186 0.2331007
vt 0.9683480 0.2419599
vt 0.9334729 0.9741797
vt 0.8265224 0.3158988
vt 0.1519855 0.2331007
vt 0.9334729 0.9627135
vt 0.7125968 0.4347771
vt 0.1519855 0.2445670
vt 0.7125968 0.3566102
vt 0.0738186 0.2445670
vt 0.9683480 0.2534262
vt 0.8265224 0.3824643
vt 0.2185511 0.2331007
vt 0.4411893 0.7556286
vt 0.7532845 0.7579536
vt 0.8241974 0.7192883
vt 0.0072531 0.2331008
vt 0.8241974 0.7799340
vt 0.0678988 0.2331007
vt 0.8265224 0.3218187
vt 0.1579054 0.2331007
vt 0.2958760 0.2999264
vt 0.8300290 0.3824643
vt 0.4411893 0.7521220
vt 0.4254770 0.2999264
vt 0.7347035 0.2351042
vt 0.5707902 0.7521220
vt 0.7567911 0.6283527
vt 0.4254770 0.0886285
vt 0.7347035 0.4464021
vt 0.7567911 0.7579536
vt 0.2958761 0.0886285
vt 0.8277040 0.7192883
vt 0.2958760 0.1492741
vt 0.8277040 0.7799340
vt 0.4254770 0.1492741
vt 0.7347035 0.3857565
vt 0.4254770 0.2392808
vt 0.7347035 0.2957499
vt 0.2958761 0.2392808
vt 0.8300290 0.3218187
vt 0.2958760 0.1551940
vt 0.8277040 0.7858539
vt 0.9718547 0.2419599
vt 0.9369795 0.9741797
vt 0.2958761 0.2333609
vt 0.8300290 0.3158988
vt 0.9369795 0.9627135
vt 0.3073424 0.2333609
vt 0.7161034 0.4347771
vt 0.3073423 0.1551940
vt 0.7161034 0.3566102
vt 0.9718547 0.2534262
vt 0.4416588 0.7021533
vt 0.7219160 0.5114092
vt 0.4580272 0.9741797
vt 0.7157294 0.5114092
vt 0.6882033 0.0068817
vt 0.4518406 0.9741797
vt 0.4416588 0.6959667
vt 0.7091285 0.2185510
vt 0.4580272 0.9679931
vt 0.7029418 0.2185510
vt 0.6820167 0.0068817
vt 0.4518406 0.9679931
vt 0.6207780 0.9703181
vt 0.6533281 0.7021533
vt 0.7219160 0.7230785
vt 0.6145914 0.9703181
vt 0.7157294 0.7230785
vt 0.6882033 0.2185510
vt 0.6207780 0.9765047
vt 0.6533281 0.6959667
vt 0.7091284 0.0068817
vt 0.6145914 0.9765047
vt 0.7029418 0.0068817
vt 0.6820167 0.2185510
vt 0.7229878 0.0066454
vt 0.1371756 0.0066454
vt 0.7485629 0.3615392
vt 0.1524966 0.0066454
vt 0.7277285 0.0066454
vt 0.7533036 0.3615392
vt 0.6591407 0.7207536
vt 0.0071834 0.0066454
vt 0.7485629 0.2315470
vt 0.2824889 0.0066454
vt 0.6591407 0.7160128
vt 0.7533036 0.2315470
vt 0.0246210 0.5254526
vt 0.7229878 0.2197136
vt 0.1371757 0.2197136
vt 0.0246210 0.5207118
vt 0.1524966 0.2197136
vt 0.7277285 0.2197136
vt 0.1546133 0.5254526
vt 0.4460725 0.7207536
vt 0.0071835 0.2197136
vt 0.1546133 0.5207118
vt 0.2824888 0.2197136
vt 0.4460725 0.7160128
vt 0.7556286 0.7731289
vt 0.8346790 0.9840152
vt 0.6678138 0.7870790
vt 0.5556777 0.9904548
vt 0.7556286 0.8323540
vt 0.6678138 0.8463041
vt 0.8235894 0.4185647
vt 0.8305646 0.9840152
vt 0.6719283 0.7870790
vt 0.5515633 0.9904548
vt 0.8235894 0.4777898
vt 0.6719283 0.8463041
vt 0.6893659 0.7870790
vt 0.7515141 0.7731289
vt 0.8346790 0.9881297
vt 0.6893659 0.8463041
vt 0.5556777 0.9863403
vt 0.7515141 0.8323540
vt 0.6852514 0.7870790
vt 0.8277040 0.4185647
vt 0.8305646 0.9881297
vt 0.6852514 0.8463041
vt 0.5515633 0.9863403
vt 0.8277040 0.4777898
vt 0.8463041 0.6487408
vt 0.7701145 0.8010290
vt 0.9863405 0.5533527
vt 0.8463041 0.7079659
vt 0.9927798 0.3789768
vt 0.7701145 0.8602541
vt 0.8421897 0.6487408
vt 0.8486290 0.3174267
vt 0.9863405 0.5492383
vt 0.8421897 0.7079659
vt 0.9927798 0.3748624
vt 0.8486290 0.3766518
vt 0.7742288 0.8010290
vt 0.9904548 0.5533527
vt 0.8421897 0.0779505
vt 0.9886655 0.3789768
vt 0.7742288 0.8602541
vt 0.8421897 0.1371757
vt 0.8445148 0.3174267
vt 0.9904548 0.5492383
vt 0.8463041 0.0779505
vt 0.9886655 0.3748624
vt 0.8445148 0.3766518
vt 0.8463041 0.1371757
vt 0.8049896 0.8010290
vt 0.9927798 0.2074616
vt 0.8463041 0.3964770
vt 0.9863405 0.5701634
vt 0.8049896 0.8602541
vt 0.8463041 0.4557022
vt 0.7916663 0.8010290
vt 0.9927798 0.2115760
vt 0.8421897 0.3964770
vt 0.9863405 0.5742778
vt 0.7916663 0.8602541
vt 0.8421897 0.4557022
vt 0.8398647 0.5731778
vt 0.8091039 0.8010290
vt 0.9886655 0.2074616
vt 0.8398647 0.6324030
vt 0.9904548 0.5701634
vt 0.8091039 0.8602541
vt 0.8439791 0.5731778
vt 0.7875521 0.8010290
vt 0.9886655 0.2115760
vt 0.8439791 0.6324030
vt 0.9904548 0.5742778
vt 0.7875521 0.8602541
vt 0.7026890 0.7870790
vt 0.8416541 0.1732760
vt 0.9863405 0.4045520
vt 0.7026890 0.8463041
vt 0.6375887 0.9886653
vt 0.8416541 0.2325011
vt 0.7068034 0.7870790
vt 0.8375396 0.4929651
vt 0.9904549 0.4045520
vt 0.7068034 0.8463041
vt 0.6417031 0.9886653
vt 0.8375396 0.5521902
vt 0.8375396 0.1732760
vt 0.9863405 0.4004375
vt 0.8451416 0.7870790
vt 0.6375887 0.9927798
vt 0.8375396 0.2325011
vt 0.8451416 0.8463041
vt 0.8416540 0.4929651
vt 0.9904549 0.4004375
vt 0.8410272 0.7870790
vt 0.6417031 0.9927798
vt 0.8416540 0.5521902
vt 0.8410272 0.8463041
vt 0.7700061 0.7719037
vt 0.7700061 0.6650405
vt 0.7707412 0.7719037
vt 0.7707412 0.6650405
vt 0.7781436 0.1139255
vt 0.7781436 0.0070623
vt 0.7788787 0.1139255
vt 0.7788787 0.0070623
vt 0.7781436 0.6172905
vt 0.7781436 0.5104273
vt 0.7788787 0.6172905
vt 0.7788787 0.5104273
vt 0.7846913 0.6789907
vt 0.7846913 0.7858539
vt 0.7839562 0.6789907
vt 0.7839562 0.7858539
vt 0.7839562 0.7858539
vt 0.7839562 0.6789907
vt 0.7846913 0.7858539
vt 0.7846913 0.6789907
f 176/176 167/167 191/191
f 176/176 191/191 197/197
f 83/83 88/88 54/54
f 83/83 54/54 30/30
f 173/173 177/177 198/198
f 173/173 198/198 200/200
f 5/5 48/48 51/51
f 5/5 51/51 25/25
f 78/78 91/91 45/45
f 78/78 45/45 1/1
f 77/77 6/6 27/27
f 15/15 17/17 49/49
f 15/15 49/49 44/44
f 16/16 81/81 28/28
f 94/94 76/76 26/26
f 94/94 26/26 52/52
f 50/50 18/18 29/29
f 50/50 29/29 53/53
f 58/58 31/31 137/137
f 58/58 137/137 140/140
f 46/46 47/47 4/4
f 46/46 4/4 2/2
f 89/89 85/85 14/14
f 89/89 14/14 43/43
f 94/94 52/52 54/54
f 94/94 54/54 88/88
f 50/50 53/53 51/51
f 50/50 51/51 48/48
f 47/47 46/46 44/44
f 47/47 44/44 49/49
f 11/11 60/60 142/142
f 11/11 142/142 120/120
f 38/38 42/42 93/93
f 38/38 93/93 87/87
f 62/62 38/38 87/87
f 62/62 87/87 90/90
f 42/42 66/66 92/92
f 42/42 92/92 93/93
f 73/73 326/326 328/328
f 73/73 328/328 74/74
f 64/64 40/40 322/322
f 64/64 322/322 67/67
f 41/41 37/37 319/319
f 41/41 319/319 323/323
f 39/39 63/63 72/72
f 39/39 72/72 321/321
f 10/10 8/8 79/79
f 10/10 79/79 75/75
f 21/21 23/23 82/82
f 21/21 82/82 86/86
f 55/55 35/35 90/90
f 55/55 90/90 87/87
f 33/33 59/59 93/93
f 33/33 93/93 92/92
f 8/8 33/33 92/92
f 8/8 92/92 79/79
f 59/59 10/10 75/75
f 59/59 75/75 93/93
f 35/35 21/21 86/86
f 35/35 86/86 90/90
f 23/23 55/55 87/87
f 23/23 87/87 82/82
f 98/98 95/95 143/143
f 98/98 143/143 146/146
f 110/110 107/107 155/155
f 110/110 155/155 158/158
f 22/22 19/19 128/128
f 22/22 128/128 125/125
f 20/20 34/34 134/134
f 20/20 134/134 129/129
f 32/32 7/7 122/122
f 32/32 122/122 138/138
f 36/36 57/57 133/133
f 36/36 133/133 136/136
f 9/9 12/12 121/121
f 9/9 121/121 124/124
f 56/56 24/24 127/127
f 56/56 127/127 132/132
f 97/97 99/99 123/123
f 97/97 123/123 119/119
f 104/104 102/102 126/126
f 104/104 126/126 130/130
f 109/109 111/111 135/135
f 109/109 135/135 131/131
f 113/113 117/117 141/141
f 113/113 141/141 139/139
f 99/99 113/113 139/139
f 99/99 139/139 123/123
f 117/117 97/97 119/119
f 117/117 119/119 141/141
f 111/111 104/104 130/130
f 111/111 130/130 135/135
f 102/102 109/109 131/131
f 102/102 131/131 126/126
f 159/159 157/157 150/150
f 159/159 150/150 152/152
f 147/147 145/145 165/165
f 147/147 165/165 161/161
f 108/108 101/101 149/149
f 108/108 149/149 156/156
f 96/96 116/116 164/164
f 96/96 164/164 144/144
f 118/118 115/115 163/163
f 118/118 163/163 166/166
f 103/103 106/106 154/154
f 103/103 154/154 151/151
f 105/105 112/112 160/160
f 105/105 160/160 153/153
f 114/114 100/100 148/148
f 114/114 148/148 162/162
f 3/3 6/6 172/172
f 3/3 172/172 169/169
f 6/6 77/77 175/175
f 6/6 175/175 172/172
f 77/77 80/80 178/178
f 77/77 178/178 175/175
f 80/80 3/3 169/169
f 80/80 169/169 178/178
f 84/84 81/81 182/182
f 84/84 182/182 179/179
f 81/81 16/16 185/185
f 81/81 185/185 182/182
f 16/16 13/13 188/188
f 16/16 188/188 185/185
f 13/13 84/84 179/179
f 13/13 179/179 188/188
f 291/291 251/251 260/260
f 291/291 260/260 303/303
f 231/231 234/234 261/261
f 231/231 261/261 252/252
f 184/184 187/187 214/214
f 184/184 214/214 205/205
f 181/181 183/183 204/204
f 181/181 204/204 208/208
f 171/171 174/174 201/201
f 171/171 201/201 195/195
f 186/186 190/190 211/211
f 186/186 211/211 213/213
f 168/168 170/170 194/194
f 168/168 194/194 192/192
f 189/189 180/180 207/207
f 189/189 207/207 210/210
f 193/193 196/196 220/220
f 193/193 220/220 217/217
f 196/196 202/202 223/223
f 196/196 223/223 220/220
f 202/202 199/199 226/226
f 202/202 226/226 223/223
f 199/199 193/193 217/217
f 199/199 217/217 226/226
f 206/206 203/203 230/230
f 206/206 230/230 227/227
f 203/203 212/212 233/233
f 203/203 233/233 230/230
f 212/212 209/209 236/236
f 212/212 236/236 233/233
f 209/209 206/206 227/227
f 209/209 227/227 236/236
f 249/249 222/222 224/224
f 224/224 245/245 284/284
f 287/287 249/249 224/224
f 224/224 284/284 287/287
f 262/262 235/235 237/237
f 237/237 258/258 302/302
f 305/305 262/262 237/237
f 237/237 302/302 305/305
f 218/218 221/221 248/248
f 218/218 248/248 242/242
f 271/271 268/268 265/265
f 271/271 265/265 274/274
f 241/241 282/282 286/286
f 241/241 286/286 247/247
f 238/238 229/229 256/256
f 238/238 256/256 259/259
f 254/254 295/295 299/299
f 254/254 299/299 257/257
f 225/225 216/216 240/240
f 225/225 240/240 246/246
f 278/278 244/244 250/250
f 278/278 250/250 290/290
f 255/255 228/228 232/232
f 232/232 253/253 292/292
f 297/297 255/255 232/232
f 232/232 292/292 297/297
f 283/283 279/279 272/272
f 283/283 272/272 263/263
f 294/294 306/306 315/315
f 294/294 315/315 312/312
f 239/239 215/215 219/219
f 219/219 243/243 276/276
f 281/281 239/239 219/219
f 219/219 276/276 281/281
f 310/310 313/313 316/316
f 310/310 316/316 307/307
f 277/277 289/289 267/267
f 277/277 267/267 270/270
f 304/304 301/301 318/318
f 304/304 318/318 314/314
f 298/298 293/293 311/311
f 298/298 311/311 309/309
f 288/288 285/285 264/264
f 288/288 264/264 266/266
f 280/280 275/275 269/269
f 280/280 269/269 273/273
f 300/300 296/296 308/308
f 300/300 308/308 317/317
f 73/73 74/74 324/324
f 73/73 324/324 320/320
f 326/326 73/73 320/320
f 326/326 320/320 71/71
f 74/74 328/328 69/69
f 74/74 69/69 324/324
f 45/45 91/91 65/65
f 45/45 65/65 68/68
f 61/61 89/89 43/43
f 70/70 61/61 43/43
f 43/43 45/45 68/68
f 43/43 68/68 327/327
f 325/325 70/70 43/43
f 43/43 327/327 325/325
f 371/371 335/335 329/329
f 371/371 329/329 353/353
f 440/440 444/444 567/567
f 440/440 567/567 560/560
f 331/331 337/337 343/343
f 331/331 343/343 346/346
f 388/388 340/340 348/348
f 388/388 348/348 423/423
f 338/338 332/332 350/350
f 338/338 350/350 347/347
f 354/354 330/330 344/344
f 354/354 344/344 389/389
f 334/334 370/370 405/405
f 334/334 405/405 351/351
f 370/370 368/368 403/403
f 370/370 403/403 405/405
f 368/368 366/366 401/401
f 368/368 401/401 403/403
f 366/366 364/364 399/399
f 366/366 399/399 401/401
f 364/364 362/362 397/397
f 364/364 397/397 399/399
f 362/362 360/360 395/395
f 362/362 395/395 397/397
f 360/360 358/358 393/393
f 360/360 393/393 395/395
f 358/358 356/356 391/391
f 358/358 391/391 393/393
f 356/356 354/354 389/389
f 356/356 389/389 391/391
f 336/336 372/372 407/407
f 336/336 407/407 341/341
f 372/372 374/374 409/409
f 372/372 409/409 407/407
f 374/374 376/376 411/411
f 374/374 411/411 409/409
f 376/376 378/378 413/413
f 376/376 413/413 411/411
f 378/378 380/380 415/415
f 378/378 415/415 413/413
f 380/380 382/382 417/417
f 380/380 417/417 415/415
f 382/382 384/384 419/419
f 382/382 419/419 417/417
f 384/384 386/386 421/421
f 384/384 421/421 419/419
f 386/386 388/388 423/423
f 386/386 423/423 421/421
f 500/500 504/504 627/627
f 500/500 627/627 617/617
f 447/447 437/437 557/557
f 447/447 557/557 564/564
f 507/507 497/497 620/620
f 507/507 620/620 624/624
f 479/479 482/482 599/599
f 479/479 599/599 602/602
f 439/439 442/442 562/562
f 439/439 562/562 559/559
f 539/539 542/542 659/659
f 539/539 659/659 662/662
f 499/499 502/502 619/619
f 499/499 619/619 622/622
f 476/476 480/480 603/603
f 476/476 603/603 593/593
f 536/536 540/540 663/663
f 536/536 663/663 653/653
f 339/339 387/387 369/369
f 339/339 369/369 333/333
f 387/387 385/385 367/367
f 387/387 367/367 369/369
f 385/385 383/383 365/365
f 385/385 365/365 367/367
f 383/383 381/381 363/363
f 383/383 363/363 365/365
f 381/381 379/379 361/361
f 381/381 361/361 363/363
f 379/379 377/377 359/359
f 379/379 359/359 361/361
f 377/377 375/375 357/357
f 377/377 357/357 359/359
f 375/375 373/373 355/355
f 375/375 355/355 357/357
f 373/373 371/371 353/353
f 373/373 353/353 355/355
f 408/408 390/390 429/429
f 408/408 429/429 426/426
f 390/390 345/345 433/433
f 390/390 433/433 429/429
f 345/345 342/342 436/436
f 345/345 436/436 433/433
f 342/342 408/408 426/426
f 342/342 426/426 436/436
f 349/349 352/352 441/441
f 349/349 441/441 438/438
f 352/352 406/406 445/445
f 352/352 445/445 441/441
f 406/406 424/424 448/448
f 406/406 448/448 445/445
f 424/424 349/349 438/438
f 424/424 438/438 448/448
f 424/424 406/406 453/453
f 424/424 453/453 450/450
f 406/406 404/404 457/457
f 406/406 457/457 453/453
f 404/404 422/422 460/460
f 404/404 460/460 457/457
f 422/422 424/424 450/450
f 422/422 450/450 460/460
f 422/422 404/404 465/465
f 422/422 465/465 462/462
f 404/404 402/402 469/469
f 404/404 469/469 465/465
f 402/402 420/420 472/472
f 402/402 472/472 469/469
f 420/420 422/422 462/462
f 420/420 462/462 472/472
f 420/420 402/402 477/477
f 420/420 477/477 474/474
f 402/402 400/400 481/481
f 402/402 481/481 477/477
f 400/400 418/418 484/484
f 400/400 484/484 481/481
f 418/418 420/420 474/474
f 418/418 474/474 484/484
f 418/418 400/400 489/489
f 418/418 489/489 486/486
f 400/400 398/398 493/493
f 400/400 493/493 489/489
f 398/398 416/416 496/496
f 398/398 496/496 493/493
f 416/416 418/418 486/486
f 416/416 486/486 496/496
f 416/416 398/398 501/501
f 416/416 501/501 498/498
f 398/398 396/396 505/505
f 398/398 505/505 501/501
f 396/396 414/414 508/508
f 396/396 508/508 505/505
f 414/414 416/416 498/498
f 414/414 498/498 508/508
f 414/414 396/396 513/513
f 414/414 513/513 510/510
f 396/396 394/394 517/517
f 396/396 517/517 513/513
f 394/394 412/412 520/520
f 394/394 520/520 517/517
f 412/412 414/414 510/510
f 412/412 510/510 520/520
f 412/412 394/394 525/525
f 412/412 525/525 522/522
f 394/394 392/392 529/529
f 394/394 529/529 525/525
f 392/392 410/410 532/532
f 392/392 532/532 529/529
f 410/410 412/412 522/522
f 410/410 522/522 532/532
f 410/410 392/392 537/537
f 410/410 537/537 534/534
f 392/392 390/390 541/541
f 392/392 541/541 537/537
f 390/390 408/408 544/544
f 390/390 544/544 541/541
f 408/408 410/410 534/534
f 408/408 534/534 544/544
f 549/549 546/546 556/556
f 549/549 556/556 553/553
f 558/558 561/561 568/568
f 558/558 568/568 565/565
f 573/573 570/570 580/580
f 573/573 580/580 577/577
f 585/585 582/582 592/592
f 585/585 592/592 589/589
f 597/597 594/594 604/604
f 597/597 604/604 601/601
f 609/609 606/606 616/616
f 609/609 616/616 613/613
f 621/621 618/618 628/628
f 621/621 628/628 625/625
f 633/633 630/630 640/640
f 633/633 640/640 637/637
f 645/645 642/642 652/652
f 645/645 652/652 649/649
f 657/657 654/654 664/664
f 657/657 664/664 661/661
f 523/523 526/526 643/643
f 523/523 643/643 646/646
f 463/463 466/466 583/583
f 463/463 583/583 586/586
f 503/503 506/506 623/623
f 503/503 623/623 626/626
f 443/443 446/446 563/563
f 443/443 563/563 566/566
f 531/531 521/521 644/644
f 531/531 644/644 648/648
f 471/471 461/461 584/584
f 471/471 584/584 588/588
f 524/524 528/528 651/651
f 524/524 651/651 641/641
f 464/464 468/468 591/591
f 464/464 591/591 581/581
f 487/487 490/490 607/607
f 487/487 607/607 610/610
f 527/527 530/530 647/647
f 527/527 647/647 650/650
f 427/427 430/430 547/547
f 427/427 547/547 550/550
f 467/467 470/470 587/587
f 467/467 587/587 590/590
f 495/495 485/485 608/608
f 495/495 608/608 612/612
f 435/435 425/425 548/548
f 435/435 548/548 552/552
f 488/488 492/492 615/615
f 488/488 615/615 605/605
f 428/428 432/432 555/555
f 428/428 555/555 545/545
f 511/511 514/514 631/631
f 511/511 631/631 634/634
f 451/451 454/454 571/571
f 451/451 571/571 574/574
f 491/491 494/494 611/611
f 491/491 611/611 614/614
f 431/431 434/434 551/551
f 431/431 551/551 554/554
f 519/519 509/509 632/632
f 519/519 632/632 636/636
f 459/459 449/449 572/572
f 459/459 572/572 576/576
f 512/512 516/516 639/639
f 512/512 639/639 629/629
f 452/452 456/456 579/579
f 452/452 579/579 569/569
f 535/535 538/538 655/655
f 535/535 655/655 658/658
f 475/475 478/478 595/595
f 475/475 595/595 598/598
f 515/515 518/518 635/635
f 515/515 635/635 638/638
f 455/455 458/458 575/575
f 455/455 575/575 578/578
f 543/543 533/533 656/656
f 543/543 656/656 660/660
f 483/483 473/473 596/596
f 483/483 596/596 600/600
f 707/707 689/689 665/665
f 707/707 665/665 671/671
f 776/776 896/896 903/903
f 776/776 903/903 780/780
f 667/667 682/682 679/679
f 667/667 679/679 673/673
f 724/724 759/759 684/684
f 724/724 684/684 676/676
f 674/674 683/683 686/686
f 674/674 686/686 668/668
f 690/690 725/725 680/680
f 690/690 680/680 666/666
f 670/670 687/687 741/741
f 670/670 741/741 706/706
f 706/706 741/741 739/739
f 706/706 739/739 704/704
f 704/704 739/739 737/737
f 704/704 737/737 702/702
f 702/702 737/737 735/735
f 702/702 735/735 700/700
f 700/700 735/735 733/733
f 700/700 733/733 698/698
f 698/698 733/733 731/731
f 698/698 731/731 696/696
f 696/696 731/731 729/729
f 696/696 729/729 694/694
f 694/694 729/729 727/727
f 694/694 727/727 692/692
f 692/692 727/727 725/725
f 692/692 725/725 690/690
f 672/672 677/677 743/743
f 672/672 743/743 708/708
f 708/708 743/743 745/745
f 708/708 745/745 710/710
f 710/710 745/745 747/747
f 710/710 747/747 712/712
f 712/712 747/747 749/749
f 712/712 749/749 714/714
f 714/714 749/749 751/751
f 714/714 751/751 716/716
f 716/716 751/751 753/753
f 716/716 753/753 718/718
f 718/718 753/753 755/755
f 718/718 755/755 720/720
f 720/720 755/755 757/757
f 720/720 757/757 722/722
f 722/722 757/757 759/759
f 722/722 759/759 724/724
f 836/836 953/953 963/963
f 836/836 963/963 840/840
f 783/783 900/900 893/893
f 783/783 893/893 773/773
f 843/843 960/960 956/956
f 843/843 956/956 833/833
f 815/815 938/938 935/935
f 815/815 935/935 818/818
f 775/775 895/895 898/898
f 775/775 898/898 778/778
f 875/875 998/998 995/995
f 875/875 995/995 878/878
f 835/835 958/958 955/955
f 835/835 955/955 838/838
f 812/812 929/929 939/939
f 812/812 939/939 816/816
f 872/872 989/989 999/999
f 872/872 999/999 876/876
f 675/675 669/669 705/705
f 675/675 705/705 723/723
f 723/723 705/705 703/703
f 723/723 703/703 721/721
f 721/721 703/703 701/701
f 721/721 701/701 719/719
f 719/719 701/701 699/699
f 719/719 699/699 717/717
f 717/717 699/699 697/697
f 717/717 697/697 715/715
f 715/715 697/697 695/695
f 715/715 695/695 713/713
f 713/713 695/695 693/693
f 713/713 693/693 711/711
f 711/711 693/693 691/691
f 711/711 691/691 709/709
f 709/709 691/691 689/689
f 709/709 689/689 707/707
f 744/744 762/762 765/765
f 744/744 765/765 726/726
f 726/726 765/765 769/769
f 726/726 769/769 681/681
f 681/681 769/769 772/772
f 681/681 772/772 678/678
f 678/678 772/772 762/762
f 678/678 762/762 744/744
f 685/685 774/774 777/777
f 685/685 777/777 688/688
f 688/688 777/777 781/781
f 688/688 781/781 742/742
f 742/742 781/781 784/784
f 742/742 784/784 760/760
f 760/760 784/784 774/774
f 760/760 774/774 685/685
f 760/760 786/786 789/789
f 760/760 789/789 742/742
f 742/742 789/789 793/793
f 742/742 793/793 740/740
f 740/740 793/793 796/796
f 740/740 796/796 758/758
f 758/758 796/796 786/786
f 758/758 786/786 760/760
f 758/758 798/798 801/801
f 758/758 801/801 740/740
f 740/740 801/801 805/805
f 740/740 805/805 738/738
f 738/738 805/805 808/808
f 738/738 808/808 756/756
f 756/756 808/808 798/798
f 756/756 798/798 758/758
f 756/756 810/810 813/813
f 756/756 813/813 738/738
f 738/738 813/813 817/817
f 738/738 817/817 736/736
f 736/736 817/817 820/820
f 736/736 820/820 754/754
f 754/754 820/820 810/810
f 754/754 810/810 756/756
f 754/754 822/822 825/825
f 754/754 825/825 736/736
f 736/736 825/825 829/829
f 736/736 829/829 734/734
f 734/734 829/829 832/832
f 734/734 832/832 752/752
f 752/752 832/832 822/822
f 752/752 822/822 754/754
f 752/752 834/834 837/837
f 752/752 837/837 734/734
f 734/734 837/837 841/841
f 734/734 841/841 732/732
f 732/732 841/841 844/844
f 732/732 844/844 750/750
f 750/750 844/844 834/834
f 750/750 834/834 752/752
f 750/750 846/846 849/849
f 750/750 849/849 732/732
f 732/732 849/849 853/853
f 732/732 853/853 730/730
f 730/730 853/853 856/856
f 730/730 856/856 748/748
f 748/748 856/856 846/846
f 748/748 846/846 750/750
f 748/748 858/858 861/861
f 748/748 861/861 730/730
f 730/730 861/861 865/865
f 730/730 865/865 728/728
f 728/728 865/865 868/868
f 728/728 868/868 746/746
f 746/746 868/868 858/858
f 746/746 858/858 748/748
f 746/746 870/870 873/873
f 746/746 873/873 728/728
f 728/728 873/873 877/877
f 728/728 877/877 726/726
f 726/726 877/877 880/880
f 726/726 880/880 744/744
f 744/744 880/880 870/870
f 744/744 870/870 746/746
f 885/885 889/889 892/892
f 885/885 892/892 882/882
f 894/894 901/901 904/904
f 894/894 904/904 897/897
f 909/909 913/913 916/916
f 909/909 916/916 906/906
f 921/921 925/925 928/928
f 921/921 928/928 918/918
f 933/933 937/937 940/940
f 933/933 940/940 930/930
f 945/945 949/949 952/952
f 945/945 952/952 942/942
f 957/957 961/961 964/964
f 957/957 964/964 954/954
f 969/969 973/973 976/976
f 969/969 976/976 966/966
f 981/981 985/985 988/988
f 981/981 988/988 978/978
f 993/993 997/997 1000/1000
f 993/993 1000/1000 990/990
f 859/859 982/982 979/979
f 859/859 979/979 862/862
f 799/799 922/922 919/919
f 799/799 919/919 802/802
f 839/839 962/962 959/959
f 839/839 959/959 842/842
f 779/779 902/902 899/899
f 779/779 899/899 782/782
f 867/867 984/984 980/980
f 867/867 980/980 857/857
f 807/807 924/924 920/920
f 807/807 920/920 797/797
f 860/860 977/977 987/987
f 860/860 987/987 864/864
f 800/800 917/917 927/927
f 800/800 927/927 804/804
f 823/823 946/946 943/943
f 823/823 943/943 826/826
f 863/863 986/986 983/983
f 863/863 983/983 866/866
f 763/763 886/886 883/883
f 763/763 883/883 766/766
f 803/803 926/926 923/923
f 803/803 923/923 806/806
f 831/831 948/948 944/944
f 831/831 944/944 821/821
f 771/771 888/888 884/884
f 771/771 884/884 761/761
f 824/824 941/941 951/951
f 824/824 951/951 828/828
f 764/764 881/881 891/891
f 764/764 891/891 768/768
f 847/847 970/970 967/967
f 847/847 967/967 850/850
f 787/787 910/910 907/907
f 787/787 907/907 790/790
f 827/827 950/950 947/947
f 827/827 947/947 830/830
f 767/767 890/890 887/887
f 767/767 887/887 770/770
f 855/855 972/972 968/968
f 855/855 968/968 845/845
f 795/795 912/912 908/908
f 795/795 908/908 785/785
f 848/848 965/965 975/975
f 848/848 975/975 852/852
f 788/788 905/905 915/915
f 788/788 915/915 792/792
f 871/871 994/994 991/991
f 871/871 991/991 874/874
f 811/811 934/934 931/931
f 811/811 931/931 814/814
f 851/851 974/974 971/971
f 851/851 971/971 854/854
f 791/791 914/914 911/911
f 791/791 911/911 794/794
f 879/879 996/996 992/992
f 879/879 992/992 869/869
f 819/819 936/936 932/932
f 819/819 932/932 809/809
f 1002/1002 1004/1004 1011/1011
f 1002/1002 1011/1011 1007/1007
f 1063/1063 1066/1066 1099/1099
f 1063/1063 1099/1099 1102/1102
f 1016/1016 1019/1019 1014/1014
f 1016/1016 1014/1014 1012/1012
f 1033/1033 1029/1029 1040/1040
f 1033/1033 1040/1040 1043/1043
f 1015/1015 1020/1020 1030/1030
f 1015/1015 1030/1030 1034/1034
f 1010/1010 1003/1003 1023/1023
f 1010/1010 1023/1023 1027/1027
f 1265/1265 1267/1267 1408/1408
f 1265/1265 1408/1408 1412/1412
f 1028/1028 1024/1024 1036/1036
f 1028/1028 1036/1036 1039/1039
f 1222/1222 1226/1226 1367/1367
f 1222/1222 1367/1367 1369/1369
f 1282/1282 1286/1286 1427/1427
f 1282/1282 1427/1427 1429/1429
f 1046/1046 1052/1052 1068/1068
f 1046/1046 1068/1068 1064/1064
f 1022/1022 1018/1018 1072/1072
f 1022/1022 1072/1072 1070/1070
f 1006/1006 1009/1009 1080/1080
f 1006/1006 1080/1080 1076/1076
f 1050/1050 1048/1048 1084/1084
f 1050/1050 1084/1084 1082/1082
f 1048/1048 1050/1050 1092/1092
f 1048/1048 1092/1092 1088/1088
f 1052/1052 1046/1046 1096/1096
f 1052/1052 1096/1096 1094/1094
f 1083/1083 1086/1086 1119/1119
f 1083/1083 1119/1119 1122/1122
f 1075/1075 1078/1078 1111/1111
f 1075/1075 1111/1111 1114/1114
f 1095/1095 1098/1098 1131/1131
f 1095/1095 1131/1131 1134/1134
f 1087/1087 1090/1090 1123/1123
f 1087/1087 1123/1123 1126/1126
f 1071/1071 1074/1074 1107/1107
f 1071/1071 1107/1107 1110/1110
f 1091/1091 1093/1093 1132/1132
f 1091/1091 1132/1132 1124/1124
f 1125/1125 1133/1133 1129/1129
f 1125/1125 1129/1129 1127/1127
f 1046/1046 1048/1048 1088/1088
f 1046/1046 1088/1088 1096/1096
f 1050/1050 1052/1052 1094/1094
f 1050/1050 1094/1094 1092/1092
f 1097/1097 1089/1089 1128/1128
f 1097/1097 1128/1128 1130/1130
f 1047/1047 1045/1045 1054/1054
f 1047/1047 1054/1054 1053/1053
f 1201/1201 1204/1204 1351/1351
f 1201/1201 1351/1351 1342/1342
f 1261/1261 1264/1264 1411/1411
f 1261/1261 1411/1411 1402/1402
f 1209/1209 1200/1200 1347/1347
f 1209/1209 1347/1347 1350/1350
f 1067/1067 1069/1069 1108/1108
f 1067/1067 1108/1108 1100/1100
f 1073/1073 1065/1065 1104/1104
f 1073/1073 1104/1104 1106/1106
f 1101/1101 1109/1109 1105/1105
f 1101/1101 1105/1105 1103/1103
f 1018/1018 1046/1046 1064/1064
f 1018/1018 1064/1064 1072/1072
f 1052/1052 1022/1022 1070/1070
f 1052/1052 1070/1070 1068/1068
f 1021/1021 1051/1051 1055/1055
f 1021/1021 1055/1055 1031/1031
f 1269/1269 1260/1260 1407/1407
f 1269/1269 1407/1407 1410/1410
f 1181/1181 1183/1183 1324/1324
f 1181/1181 1324/1324 1328/1328
f 1241/1241 1243/1243 1384/1384
f 1241/1241 1384/1384 1388/1388
f 1041/1041 1032/1032 1056/1056
f 1056/1056 1059/1059 1144/1144
f 1056/1056 1144/1144 1146/1146
f 1148/1148 1041/1041 1056/1056
f 1056/1056 1146/1146 1148/1148
f 1045/1045 1017/1017 1013/1013
f 1045/1045 1013/1013 1054/1054
f 1085/1085 1077/1077 1116/1116
f 1085/1085 1116/1116 1118/1118
f 1113/1113 1121/1121 1117/1117
f 1113/1113 1117/1117 1115/1115
f 1048/1048 1006/1006 1076/1076
f 1048/1048 1076/1076 1084/1084
f 1009/1009 1050/1050 1082/1082
f 1009/1009 1082/1082 1080/1080
f 1079/1079 1081/1081 1120/1120
f 1079/1079 1120/1120 1112/1112
f 1005/1005 1047/1047 1053/1053
f 1005/1005 1053/1053 1001/1001
f 1059/1059 1056/1056 1026/1026
f 1026/1026 1037/1037 1156/1156
f 1026/1026 1156/1156 1158/1158
f 1139/1139 1059/1059 1026/1026
f 1137/1137 1139/1139 1026/1026
f 1026/1026 1158/1158 1160/1160
f 1026/1026 1160/1160 1057/1057
f 1135/1135 1137/1137 1026/1026
f 1026/1026 1057/1057 1135/1135
f 1198/1198 1202/1202 1343/1343
f 1198/1198 1343/1343 1345/1345
f 1301/1301 1303/1303 1444/1444
f 1301/1301 1444/1444 1448/1448
f 1258/1258 1262/1262 1403/1403
f 1258/1258 1403/1403 1405/1405
f 1055/1055 1051/1051 1049/1049
f 1049/1049 1008/1008 1025/1025
f 1049/1049 1025/1025 1055/1055
f 1157/1157 1038/1038 1167/1167
f 1157/1157 1167/1167 1163/1163
f 1038/1038 1035/1035 1170/1170
f 1038/1038 1170/1170 1167/1167
f 1035/1035 1155/1155 1172/1172
f 1035/1035 1172/1172 1170/1170
f 1155/1155 1157/1157 1163/1163
f 1155/1155 1163/1163 1172/1172
f 1145/1145 1060/1060 1179/1179
f 1145/1145 1179/1179 1175/1175
f 1060/1060 1061/1061 1182/1182
f 1060/1060 1182/1182 1179/1179
f 1061/1061 1152/1152 1184/1184
f 1061/1061 1184/1184 1182/1182
f 1152/1152 1145/1145 1175/1175
f 1152/1152 1175/1175 1184/1184
f 1136/1136 1058/1058 1191/1191
f 1136/1136 1191/1191 1187/1187
f 1058/1058 1062/1062 1194/1194
f 1058/1058 1194/1194 1191/1191
f 1062/1062 1143/1143 1196/1196
f 1062/1062 1196/1196 1194/1194
f 1143/1143 1136/1136 1187/1187
f 1143/1143 1187/1187 1196/1196
f 1060/1060 1140/1140 1203/1203
f 1060/1060 1203/1203 1199/1199
f 1140/1140 1141/1141 1206/1206
f 1140/1140 1206/1206 1203/1203
f 1141/1141 1061/1061 1208/1208
f 1141/1141 1208/1208 1206/1206
f 1061/1061 1060/1060 1199/1199
f 1061/1061 1199/1199 1208/1208
f 1140/1140 1138/1138 1215/1215
f 1140/1140 1215/1215 1211/1211
f 1138/1138 1142/1142 1218/1218
f 1138/1138 1218/1218 1215/1215
f 1142/1142 1141/1141 1220/1220
f 1142/1142 1220/1220 1218/1218
f 1141/1141 1140/1140 1211/1211
f 1141/1141 1211/1211 1220/1220
f 1138/1138 1136/1136 1227/1227
f 1138/1138 1227/1227 1223/1223
f 1136/1136 1143/1143 1230/1230
f 1136/1136 1230/1230 1227/1227
f 1143/1143 1142/1142 1232/1232
f 1143/1143 1232/1232 1230/1230
f 1142/1142 1138/1138 1223/1223
f 1142/1142 1223/1223 1232/1232
f 1042/1042 1149/1149 1239/1239
f 1042/1042 1239/1239 1235/1235
f 1149/1149 1150/1150 1242/1242
f 1149/1149 1242/1242 1239/1239
f 1150/1150 1044/1044 1244/1244
f 1150/1150 1244/1244 1242/1242
f 1044/1044 1042/1042 1235/1235
f 1044/1044 1235/1235 1244/1244
f 1149/1149 1147/1147 1251/1251
f 1149/1149 1251/1251 1247/1247
f 1147/1147 1151/1151 1254/1254
f 1147/1147 1254/1254 1251/1251
f 1151/1151 1150/1150 1256/1256
f 1151/1151 1256/1256 1254/1254
f 1150/1150 1149/1149 1247/1247
f 1150/1150 1247/1247 1256/1256
f 1147/1147 1145/1145 1263/1263
f 1147/1147 1263/1263 1259/1259
f 1145/1145 1152/1152 1266/1266
f 1145/1145 1266/1266 1263/1263
f 1152/1152 1151/1151 1268/1268
f 1152/1152 1268/1268 1266/1266
f 1151/1151 1147/1147 1259/1259
f 1151/1151 1259/1259 1268/1268
f 1058/1058 1161/1161 1275/1275
f 1058/1058 1275/1275 1271/1271
f 1161/1161 1153/1153 1278/1278
f 1161/1161 1278/1278 1275/1275
f 1153/1153 1062/1062 1280/1280
f 1153/1153 1280/1280 1278/1278
f 1062/1062 1058/1058 1271/1271
f 1062/1062 1271/1271 1280/1280
f 1161/1161 1159/1159 1287/1287
f 1161/1161 1287/1287 1283/1283
f 1159/1159 1154/1154 1290/1290
f 1159/1159 1290/1290 1287/1287
f 1154/1154 1153/1153 1292/1292
f 1154/1154 1292/1292 1290/1290
f 1153/1153 1161/1161 1283/1283
f 1153/1153 1283/1283 1292/1292
f 1159/1159 1157/1157 1299/1299
f 1159/1159 1299/1299 1295/1295
f 1157/1157 1155/1155 1302/1302
f 1157/1157 1302/1302 1299/1299
f 1155/1155 1154/1154 1304/1304
f 1155/1155 1304/1304 1302/1302
f 1154/1154 1159/1159 1295/1295
f 1154/1154 1295/1295 1304/1304
f 1310/1310 1308/1308 1317/1317
f 1310/1310 1317/1317 1313/1313
f 1322/1322 1320/1320 1329/1329
f 1322/1322 1329/1329 1325/1325
f 1334/1334 1332/1332 1341/1341
f 1334/1334 1341/1341 1337/1337
f 1346/1346 1344/1344 1353/1353
f 1346/1346 1353/1353 1349/1349
f 1358/1358 1356/1356 1365/1365
f 1358/1358 1365/1365 1361/1361
f 1370/1370 1368/1368 1377/1377
f 1370/1370 1377/1377 1373/1373
f 1382/1382 1380/1380 1389/1389
f 1382/1382 1389/1389 1385/1385
f 1394/1394 1392/1392 1401/1401
f 1394/1394 1401/1401 1397/1397
f 1406/1406 1404/1404 1413/1413
f 1406/1406 1413/1413 1409/1409
f 1418/1418 1416/1416 1425/1425
f 1418/1418 1425/1425 1421/1421
f 1430/1430 1428/1428 1437/1437
f 1430/1430 1437/1437 1433/1433
f 1442/1442 1440/1440 1449/1449
f 1442/1442 1449/1449 1445/1445
f 1162/1162 1166/1166 1307/1307
f 1162/1162 1307/1307 1309/1309
f 1205/1205 1207/1207 1348/1348
f 1205/1205 1348/1348 1352/1352
f 1293/1293 1284/1284 1431/1431
f 1293/1293 1431/1431 1434/1434
f 1233/1233 1224/1224 1371/1371
f 1233/1233 1371/1371 1374/1374
f 1173/1173 1164/1164 1311/1311
f 1173/1173 1311/1311 1314/1314
f 1285/1285 1288/1288 1435/1435
f 1285/1285 1435/1435 1426/1426
f 1225/1225 1228/1228 1375/1375
f 1225/1225 1375/1375 1366/1366
f 1165/1165 1168/1168 1315/1315
f 1165/1165 1315/1315 1306/1306
f 1246/1246 1250/1250 1391/1391
f 1246/1246 1391/1391 1393/1393
f 1289/1289 1291/1291 1432/1432
f 1289/1289 1432/1432 1436/1436
f 1186/1186 1190/1190 1331/1331
f 1186/1186 1331/1331 1333/1333
f 1229/1229 1231/1231 1372/1372
f 1229/1229 1372/1372 1376/1376
f 1169/1169 1171/1171 1312/1312
f 1169/1169 1312/1312 1316/1316
f 1257/1257 1248/1248 1395/1395
f 1257/1257 1395/1395 1398/1398
f 1197/1197 1188/1188 1335/1335
f 1197/1197 1335/1335 1338/1338
f 1249/1249 1252/1252 1399/1399
f 1249/1249 1399/1399 1390/1390
f 1189/1189 1192/1192 1339/1339
f 1189/1189 1339/1339 1330/1330
f 1270/1270 1274/1274 1415/1415
f 1270/1270 1415/1415 1417/1417
f 1210/1210 1214/1214 1355/1355
f 1210/1210 1355/1355 1357/1357
f 1253/1253 1255/1255 1396/1396
f 1253/1253 1396/1396 1400/1400
f 1193/1193 1195/1195 1336/1336
f 1193/1193 1336/1336 1340/1340
f 1281/1281 1272/1272 1419/1419
f 1281/1281 1419/1419 1422/1422
f 1221/1221 1212/1212 1359/1359
f 1221/1221 1359/1359 1362/1362
f 1273/1273 1276/1276 1423/1423
f 1273/1273 1423/1423 1414/1414
f 1213/1213 1216/1216 1363/1363
f 1213/1213 1363/1363 1354/1354
f 1294/1294 1298/1298 1439/1439
f 1294/1294 1439/1439 1441/1441
f 1234/1234 1238/1238 1379/1379
f 1234/1234 1379/1379 1381/1381
f 1277/1277 1279/1279 1420/1420
f 1277/1277 1420/1420 1424/1424
f 1174/1174 1178/1178 1319/1319
f 1174/1174 1319/1319 1321/1321
f 1217/1217 1219/1219 1360/1360
f 1217/1217 1360/1360 1364/1364
f 1305/1305 1296/1296 1443/1443
f 1305/1305 1443/1443 1446/1446
f 1245/1245 1236/1236 1383/1383
f 1245/1245 1383/1383 1386/1386
f 1185/1185 1176/1176 1323/1323
f 1185/1185 1323/1323 1326/1326
f 1297/1297 1300/1300 1447/1447
f 1297/1297 1447/1447 1438/1438
f 1237/1237 1240/1240 1387/1387
f 1237/1237 1387/1387 1378/1378
f 1177/1177 1180/1180 1327/1327
f 1177/1177 1327/1327 1318/1318
f 1451/1451 1454/1454 1530/1530
f 1451/1451 1530/1530 1532/1532
f 1535/1535 1474/1474 1483/1483
f 1535/1535 1483/1483 1465/1465
f 1536/1536 1533/1533 1463/1463
f 1536/1536 1463/1463 1461/1461
f 1462/1462 1482/1482 1478/1478
f 1595/1595 1567/1567 1604/1604
f 1476/1476 1529/1529 1453/1453
f 1476/1476 1453/1453 1479/1479
f 1459/1459 1539/1539 1570/1570
f 1459/1459 1570/1570 1573/1573
f 1456/1456 1466/1466 1537/1537
f 1456/1456 1537/1537 1531/1531
f 1567/1567 1571/1571 1604/1604
f 1604/1604 1602/1602 1595/1595
f 1594/1594 1604/1604 1571/1571
f 1494/1494 1487/1487 1596/1596
f 1494/1494 1596/1596 1598/1598
f 1567/1567 1579/1579 1581/1581
f 1481/1481 1472/1472 1555/1555
f 1481/1481 1555/1555 1517/1517
f 1554/1554 1507/1507 1519/1519
f 1554/1554 1519/1519 1564/1564
f 1477/1477 1480/1480 1509/1509
f 1477/1477 1509/1509 1547/1547
f 1506/1506 1512/1512 1508/1508
f 1547/1547 1509/1509 1516/1516
f 1547/1547 1516/1516 1545/1545
f 1545/1545 1516/1516 1514/1514
f 1545/1545 1514/1514 1550/1550
f 1549/1549 1513/1513 1511/1511
f 1549/1549 1511/1511 1552/1552
f 1552/1552 1511/1511 1507/1507
f 1552/1552 1507/1507 1554/1554
f 1517/1517 1555/1555 1557/1557
f 1517/1517 1557/1557 1521/1521
f 1521/1521 1557/1557 1560/1560
f 1521/1521 1560/1560 1524/1524
f 1523/1523 1559/1559 1562/1562
f 1523/1523 1562/1562 1526/1526
f 1526/1526 1562/1562 1564/1564
f 1526/1526 1564/1564 1519/1519
f 1504/1504 1497/1497 1593/1593
f 1504/1504 1593/1593 1591/1591
f 1460/1460 1456/1456 1531/1531
f 1460/1460 1531/1531 1528/1528
f 1466/1466 1470/1470 1534/1534
f 1466/1466 1534/1534 1537/1537
f 1576/1576 1574/1574 1571/1571
f 1571/1571 1567/1567 1581/1581
f 1540/1540 1460/1460 1528/1528
f 1540/1540 1528/1528 1475/1475
f 1592/1592 1594/1594 1585/1585
f 1470/1470 1542/1542 1473/1473
f 1470/1470 1473/1473 1534/1534
f 1500/1500 1496/1496 1546/1546
f 1500/1500 1546/1546 1544/1544
f 1503/1503 1500/1500 1544/1544
f 1503/1503 1544/1544 1548/1548
f 1505/1505 1503/1503 1548/1548
f 1505/1505 1548/1548 1551/1551
f 1498/1498 1505/1505 1551/1551
f 1498/1498 1551/1551 1553/1553
f 1486/1486 1493/1493 1558/1558
f 1486/1486 1558/1558 1556/1556
f 1493/1493 1490/1490 1561/1561
f 1493/1493 1561/1561 1558/1558
f 1490/1490 1488/1488 1563/1563
f 1490/1490 1563/1563 1561/1561
f 1488/1488 1484/1484 1565/1565
f 1488/1488 1565/1565 1563/1563
f 1542/1542 1486/1486 1556/1556
f 1542/1542 1556/1556 1473/1473
f 1496/1496 1540/1540 1475/1475
f 1496/1496 1475/1475 1546/1546
f 1484/1484 1498/1498 1553/1553
f 1484/1484 1553/1553 1565/1565
f 1581/1581 1576/1576 1571/1571
f 1585/1585 1590/1590 1592/1592
f 1577/1577 1582/1582 1467/1467
f 1577/1577 1467/1467 1457/1457
f 1595/1595 1602/1602 1597/1597
f 1492/1492 1494/1494 1598/1598
f 1492/1492 1598/1598 1601/1601
f 1489/1489 1491/1491 1600/1600
f 1489/1489 1600/1600 1603/1603
f 1541/1541 1469/1469 1578/1578
f 1541/1541 1578/1578 1566/1566
f 1485/1485 1489/1489 1603/1603
f 1485/1485 1603/1603 1605/1605
f 1495/1495 1499/1499 1584/1584
f 1495/1495 1584/1584 1586/1586
f 1455/1455 1458/1458 1572/1572
f 1455/1455 1572/1572 1575/1575
f 1487/1487 1543/1543 1568/1568
f 1487/1487 1568/1568 1596/1596
f 1499/1499 1502/1502 1589/1589
f 1499/1499 1589/1589 1584/1584
f 1471/1471 1468/1468 1583/1583
f 1471/1471 1583/1583 1580/1580
f 1538/1538 1495/1495 1586/1586
f 1538/1538 1586/1586 1569/1569
f 1501/1501 1504/1504 1591/1591
f 1501/1501 1591/1591 1588/1588
f 1587/1587 1585/1585 1594/1594
f 1497/1497 1485/1485 1605/1605
f 1497/1497 1605/1605 1593/1593
f 1629/1629 1607/1607 1615/1615
f 1629/1629 1615/1615 1637/1637
f 1635/1635 1613/1613 1611/1611
f 1635/1635 1611/1611 1633/1633
f 1613/1613 1635/1635 1617/1617
f 1613/1613 1617/1617 1626/1626
f 1621/1621 1637/1637 1615/1615
f 1613/1613 1626/1626 1624/1624
f 1624/1624 1621/1621 1615/1615
f 1624/1624 1615/1615 1613/1613
f 1638/1638 1656/1656 1654/1654
f 1638/1638 1654/1654 1641/1641
f 1650/1650 1648/1648 1645/1645
f 1650/1650 1645/1645 1652/1652
f 1658/1658 1650/1650 1652/1652
f 1654/1654 1656/1656 1662/1662
f 1654/1654 1662/1662 1665/1665
f 1667/1667 1658/1658 1652/1652
f 1654/1654 1665/1665 1667/1667
f 1652/1652 1654/1654 1667/1667
f 1614/1614 1606/1606 1642/1642
f 1614/1614 1642/1642 1655/1655
f 1628/1628 1636/1636 1657/1657
f 1628/1628 1657/1657 1639/1639
f 1619/1619 1622/1622 1664/1664
f 1619/1619 1664/1664 1661/1661
f 1616/1616 1634/1634 1651/1651
f 1616/1616 1651/1651 1659/1659
f 1634/1634 1632/1632 1649/1649
f 1634/1634 1649/1649 1651/1651
f 1627/1627 1618/1618 1660/1660
f 1627/1627 1660/1660 1669/1669
f 1612/1612 1614/1614 1655/1655
f 1612/1612 1655/1655 1653/1653
f 1636/1636 1620/1620 1663/1663
f 1636/1636 1663/1663 1657/1657
f 1608/1608 1630/1630 1640/1640
f 1608/1608 1640/1640 1643/1643
f 1610/1610 1612/1612 1653/1653
f 1610/1610 1653/1653 1646/1646
f 1623/1623 1625/1625 1668/1668
f 1623/1623 1668/1668 1666/1666
f 1631/1631 1609/1609 1644/1644
f 1631/1631 1644/1644 1647/1647
f 1677/1677 1679/1679 1692/1692
f 1677/1677 1692/1692 1690/1690
f 1672/1672 1675/1675 1681/1681
f 1672/1672 1681/1681 1678/1678
f 1676/1676 1689/1689 1683/1683
f 1676/1676 1683/1683 1670/1670
f 1688/1688 1691/1691 1685/1685
f 1688/1688 1685/1685 1682/1682
f 1671/1671 1684/1684 1686/1686
f 1671/1671 1686/1686 1673/1673
f 1687/1687 1693/1693 1680/1680
f 1687/1687 1680/1680 1674/1674
f 1696/1696 1702/1702 1705/1705
f 1696/1696 1705/1705 1699/1699
f 1700/1700 1713/1713 1717/1717
f 1700/1700 1717/1717 1704/1704
f 1712/1712 1706/1706 1709/1709
f 1712/1712 1709/1709 1715/1715
f 1707/1707 1694/1694 1698/1698
f 1707/1707 1698/1698 1711/1711
f 1701/1701 1695/1695 1708/1708
f 1701/1701 1708/1708 1714/1714
f 1716/1716 1710/1710 1697/1697
f 1716/1716 1697/1697 1703/1703
f 1720/1720 1726/1726 1729/1729
f 1720/1720 1729/1729 1723/1723
f 1724/1724 1737/1737 1741/1741
f 1724/1724 1741/1741 1728/1728
f 1736/1736 1730/1730 1733/1733
f 1736/1736 1733/1733 1739/1739
f 1731/1731 1718/1718 1722/1722
f 1731/1731 1722/1722 1735/1735
f 1725/1725 1719/1719 1732/1732
f 1725/1725 1732/1732 1738/1738
f 1740/1740 1734/1734 1721/1721
f 1740/1740 1721/1721 1727/1727
f 1742/1742 1745/1745 1751/1751
f 1742/1742 1751/1751 1748/1748
f 1749/1749 1753/1753 1764/1764
f 1749/1749 1764/1764 1760/1760
f 1762/1762 1765/1765 1759/1759
f 1762/1762 1759/1759 1756/1756
f 1754/1754 1758/1758 1747/1747
f 1754/1754 1747/1747 1743/1743
f 1750/1750 1761/1761 1755/1755
f 1750/1750 1755/1755 1744/1744
f 1763/1763 1752/1752 1746/1746
f 1763/1763 1746/1746 1757/1757
f 1768/1768 1771/1771 1777/1777
f 1768/1768 1777/1777 1774/1774
f 1772/1772 1776/1776 1789/1789
f 1772/1772 1789/1789 1785/1785
f 1784/1784 1787/1787 1781/1781
f 1784/1784 1781/1781 1778/1778
f 1779/1779 1783/1783 1770/1770
f 1779/1779 1770/1770 1766/1766
f 1773/1773 1786/1786 1780/1780
f 1773/1773 1780/1780 1767/1767
f 1788/1788 1775/1775 1769/1769
f 1788/1788 1769/1769 1782/1782
f 1790/1790 1796/1796 1799/1799
f 1790/1790 1799/1799 1793/1793
f 1797/1797 1808/1808 1812/1812
f 1797/1797 1812/1812 1801/1801
f 1810/1810 1804/1804 1807/1807
f 1810/1810 1807/1807 1813/1813
f 1802/1802 1791/1791 1795/1795
f 1802/1802 1795/1795 1806/1806
f 1798/1798 1792/1792 1803/1803
f 1798/1798 1803/1803 1809/1809
f 1811/1811 1805/1805 1794/1794
f 1811/1811 1794/1794 1800/1800
f 1571/1571 1587/1587 1594/1594
f 1602/1602 1599/1599 1597/1597
f 1508/1508 1478/1478 1506/1506
f 1478/1478 1482/1482 1506/1506
f 1482/1482 1518/1518 1520/1520
f 1518/1518 1522/1522 1520/1520
f 1522/1522 1525/1525 1527/1527
f 1527/1527 1520/1520 1522/1522
f 1520/1520 1506/1506 1482/1482
f 1506/1506 1510/1510 1512/1512
f 1512/1512 1515/1515 1508/1508
f 1452/1452 1450/1450 1478/1478
f 1450/1450 1462/1462 1478/1478
f 1462/1462 1464/1464 1482/1482
f 1814/1814 1815/1815 1817/1817
f 1814/1814 1817/1817 1816/1816
f 1818/1818 1819/1819 1821/1821
f 1818/1818 1821/1821 1820/1820
f 1822/1822 1823/1823 1825/1825
f 1822/1822 1825/1825 1824/1824
f 1829/1829 1828/1828 1826/1826
f 1829/1829 1826/1826 1827/1827
f 1830/1830 1831/1831 1833/1833
f 1830/1830 1833/1833 1832/1832
o mesh_1
usemtl house3_1
v 0.2330987 0.0355363 0.3667267
v 0.2330987 0.0355363 0.3667267
v 0.2330987 0.0355363 0.3667267
v 0.2330987 0.0355363 0.3797295
v 0.2330987 0.0355363 0.3797295
v 0.2330987 0.0355363 0.3797295
v -0.0038028 0.0355363 0.3667267
v -0.0038028 0.0355363 0.3667267
v -0.0038028 0.0355363 0.3667267
v -0.0038028 0.0355363 0.3797295
v -0.0038028 0.0355363 0.3797295
v -0.0038028 0.0355363 0.3797295
v 0.2330987 0.3960096 0.3667267
v 0.2330987 0.3960096 0.3667267
v 0.2330987 0.3960096 0.3667267
v 0.2330987 0.3960096 0.3797295
v 0.2330987 0.3960096 0.3797295
v 0.2330987 0.3960096 0.3797295
v -0.0038028 0.3960096 0.3667267
v -0.0038028 0.3960096 0.3667267
v -0.0038028 0.3960096 0.3667267
v -0.0038028 0.3960096 0.3797295
v -0.0038028 0.3960096 0.3797295
v -0.0038028 0.3960096 0.3797295
v -0.0038028 0.1868729 0.3667267
v -0.0038028 0.1868729 0.3667267
v -0.0038028 0.1868729 0.3797295
v -0.0038028 0.1868729 0.3797295
v 0.2330987 0.1868729 0.3667267
v 0.2330987 0.1868729 0.3667267
v 0.2330987 0.1868729 0.3797295
v 0.2330987 0.1868729 0.3797295
v 0.0422221 0.1678814 0.3797295
v 0.0422221 0.1678814 0.3797295
v 0.0422221 0.1678814 0.3797295
v 0.0422221 0.0545278 0.3797295
v 0.0422221 0.0545278 0.3797295
v 0.0422221 0.0545278 0.3797295
v 0.1870737 0.0545278 0.3797295
v 0.1870737 0.0545278 0.3797295
v 0.1870737 0.0545278 0.3797295
v 0.1870737 0.1678814 0.3797295
v 0.1870737 0.1678814 0.3797295
v 0.1870737 0.1678814 0.3797295
v 0.0422221 0.0545278 0.3768960
v 0.0422221 0.0545278 0.3768960
v 0.0422221 0.0545278 0.3768960
v 0.0422221 0.1678814 0.3768960
v 0.0422221 0.1678814 0.3768960
v 0.0422221 0.1678814 0.3768960
v 0.1870737 0.1678814 0.3768960
v 0.1870737 0.1678814 0.3768960
v 0.1870737 0.1678814 0.3768960
v 0.1870737 0.0545278 0.3768960
v 0.1870737 0.0545278 0.3768960
v 0.1870737 0.0545278 0.3768960
v 0.0422221 0.3550362 0.3797295
v 0.0422221 0.3550362 0.3797295
v 0.0422221 0.3550362 0.3797295
v 0.1870737 0.2980074 0.3797295
v 0.1870737 0.2980074 0.3797295
v 0.1870737 0.2980074 0.3797295
v 0.1212147 0.2848751 0.3797295
v 0.1212147 0.2848751 0.3797295
v 0.1212147 0.2848751 0.3797295
v 0.0422221 0.2848751 0.3797295
v 0.0422221 0.2848751 0.3797295
v 0.0422221 0.2848751 0.3797295
v 0.0422221 0.2980074 0.3797295
v 0.0422221 0.2980074 0.3797295
v 0.0422221 0.2980074 0.3797295
v 0.1080811 0.3550362 0.3797295
v 0.1080811 0.3550362 0.3797295
v 0.1080811 0.3550362 0.3797295
v 0.1212147 0.2278463 0.3797295
v 0.1212147 0.2278463 0.3797295
v 0.1212147 0.2278463 0.3797295
v 0.1870737 0.2848751 0.3797295
v 0.1870737 0.2848751 0.3797295
v 0.1870737 0.2848751 0.3797295
v 0.1212147 0.2980074 0.3797295
v 0.1212147 0.2980074 0.3797295
v 0.1212147 0.2980074 0.3797295
v 0.1080811 0.2848751 0.3797295
v 0.1080811 0.2848751 0.3797295
v 0.1080811 0.2848751 0.3797295
v 0.1080811 0.2980074 0.3797295
v 0.1080811 0.2980074 0.3797295
v 0.1080811 0.2980074 0.3797295
v 0.1212147 0.3550362 0.3797295
v 0.1212147 0.3550362 0.3797295
v 0.1212147 0.3550362 0.3797295
v 0.1080811 0.2278463 0.3797295
v 0.1080811 0.2278463 0.3797295
v 0.1080811 0.2278463 0.3797295
v 0.0422221 0.2278463 0.3797295
v 0.0422221 0.2278463 0.3797295
v 0.0422221 0.2278463 0.3797295
v 0.1870737 0.3550362 0.3797295
v 0.1870737 0.3550362 0.3797295
v 0.1870737 0.3550362 0.3797295
v 0.1870737 0.2278463 0.3797295
v 0.1870737 0.2278463 0.3797295
v 0.1870737 0.2278463 0.3797295
v 0.0422221 0.2278463 0.3720972
v 0.0422221 0.2278463 0.3720972
v 0.0422221 0.2278463 0.3720972
v 0.1080811 0.2278463 0.3720972
v 0.1080811 0.2278463 0.3720972
v 0.1080811 0.2278463 0.3720972
v 0.1080811 0.3550362 0.3720972
v 0.1080811 0.3550362 0.3720972
v 0.1080811 0.3550362 0.3720972
v 0.0422221 0.3550362 0.3720972
v 0.0422221 0.3550362 0.3720972
v 0.0422221 0.3550362 0.3720972
v 0.1080811 0.2980074 0.3720972
v 0.1080811 0.2980074 0.3720972
v 0.1080811 0.2980074 0.3720972
v 0.0422221 0.2848751 0.3720972
v 0.0422221 0.2848751 0.3720972
v 0.0422221 0.2848751 0.3720972
v 0.1080811 0.2848751 0.3720972
v 0.1080811 0.2848751 0.3720972
v 0.1080811 0.2848751 0.3720972
v 0.1212147 0.2980074 0.3720972
v 0.1212147 0.2980074 0.3720972
v 0.1212147 0.2980074 0.3720972
v 0.1212147 0.3550362 0.3720972
v 0.1212147 0.3550362 0.3720972
v 0.1212147 0.3550362 0.3720972
v 0.1870737 0.2980074 0.3720972
v 0.1870737 0.2980074 0.3720972
v 0.1870737 0.2980074 0.3720972
v 0.1212147 0.2848751 0.3720972
v 0.1212147 0.2848751 0.3720972
v 0.1212147 0.2848751 0.3720972
v 0.1870737 0.2848751 0.3720972
v 0.1870737 0.2848751 0.3720972
v 0.1870737 0.2848751 0.3720972
v 0.0422221 0.2980074 0.3720972
v 0.0422221 0.2980074 0.3720972
v 0.0422221 0.2980074 0.3720972
v 0.1212147 0.2278463 0.3720972
v 0.1212147 0.2278463 0.3720972
v 0.1212147 0.2278463 0.3720972
v 0.1870737 0.3550362 0.3720972
v 0.1870737 0.3550362 0.3720972
v 0.1870737 0.3550362 0.3720972
v 0.1870737 0.2278463 0.3720972
v 0.1870737 0.2278463 0.3720972
v 0.1870737 0.2278463 0.3720972
v 0.0054996 0.2326779 0.3790922
v 0.0056341 0.2340439 0.3803667
v 0.0056341 0.2340439 0.3803667
v 0.0060322 0.2353574 0.3790922
v 0.0066794 0.2365679 0.3803667
v 0.0066794 0.2365679 0.3803667
v 0.0066794 0.2365679 0.3803667
v 0.0066794 0.2365679 0.3803667
v 0.0075501 0.2376289 0.3790922
v 0.0075501 0.2376289 0.3790922
v 0.0086117 0.2384997 0.3803667
v 0.0086117 0.2384997 0.3803667
v 0.0086117 0.2384997 0.3803667
v 0.0098224 0.2391467 0.3790922
v 0.0111348 0.2395452 0.3803667
v 0.0111348 0.2395452 0.3803667
v 0.0125018 0.2396797 0.3790922
v 0.0138670 0.2395452 0.3803667
v 0.0138670 0.2395452 0.3803667
v 0.0151812 0.2391467 0.3790922
v 0.0163919 0.2384997 0.3803667
v 0.0163919 0.2384997 0.3803667
v 0.0163919 0.2384997 0.3803667
v 0.0163919 0.2384997 0.3803667
v 0.0174517 0.2376289 0.3790922
v 0.0174517 0.2376289 0.3790922
v 0.0183224 0.2365679 0.3803667
v 0.0183224 0.2365679 0.3803667
v 0.0183224 0.2365679 0.3803667
v 0.0189695 0.2353574 0.3790922
v 0.0193695 0.2340439 0.3803667
v 0.0193695 0.2340439 0.3803667
v 0.0195040 0.2326779 0.3790922
v 0.0193695 0.2313119 0.3803667
v 0.0193695 0.2313119 0.3803667
v 0.0193695 0.2313119 0.3803667
v 0.0189695 0.2299984 0.3790922
v 0.0183224 0.2287879 0.3803667
v 0.0183224 0.2287879 0.3803667
v 0.0183224 0.2287879 0.3803667
v 0.0183224 0.2287879 0.3803667
v 0.0183224 0.2287879 0.3803667
v 0.0174517 0.2277269 0.3790922
v 0.0174517 0.2277269 0.3790922
v 0.0163919 0.2268561 0.3803667
v 0.0163919 0.2268561 0.3803667
v 0.0163919 0.2268561 0.3803667
v 0.0151812 0.2262091 0.3790922
v 0.0138670 0.2258106 0.3803667
v 0.0138670 0.2258106 0.3803667
v 0.0125018 0.2256761 0.3790922
v 0.0111348 0.2258106 0.3803667
v 0.0111348 0.2258106 0.3803667
v 0.0098224 0.2262091 0.3790922
v 0.0086117 0.2268561 0.3803667
v 0.0086117 0.2268561 0.3803667
v 0.0086117 0.2268561 0.3803667
v 0.0086117 0.2268561 0.3803667
v 0.0075501 0.2277269 0.3790922
v 0.0075501 0.2277269 0.3790922
v 0.0066794 0.2287879 0.3803667
v 0.0066794 0.2287879 0.3803667
v 0.0066794 0.2287879 0.3803667
v 0.0060322 0.2299984 0.3790922
v 0.0056341 0.2313119 0.3803667
v 0.0056341 0.2313119 0.3803667
v 0.0086444 0.2334450 0.3838653
v 0.0092316 0.2304933 0.3838653
v 0.0092316 0.2304933 0.3838653
v 0.0092316 0.2304933 0.3838653
v 0.0117347 0.2288213 0.3838653
v 0.0146868 0.2294085 0.3838653
v 0.0146868 0.2294085 0.3838653
v 0.0146868 0.2294085 0.3838653
v 0.0163574 0.2319108 0.3838653
v 0.0163574 0.2319108 0.3838653
v 0.0157702 0.2348625 0.3838653
v 0.0157702 0.2348625 0.3838653
v 0.0157702 0.2348625 0.3838653
v 0.0132689 0.2365344 0.3838653
v 0.0103168 0.2359473 0.3838653
v 0.0103168 0.2359473 0.3838653
v 0.0103168 0.2359473 0.3838653
v 0.0086444 0.2317467 0.3850469
v 0.0086444 0.2317467 0.3850469
v 0.0086444 0.2317467 0.3850469
v 0.0103168 0.2293296 0.3843991
v 0.0103168 0.2293296 0.3843991
v 0.0103168 0.2293296 0.3843991
v 0.0103168 0.2293296 0.3843991
v 0.0132689 0.2287625 0.3842470
v 0.0132689 0.2287625 0.3842470
v 0.0132689 0.2287625 0.3842470
v 0.0157702 0.2303775 0.3846799
v 0.0157702 0.2303775 0.3846799
v 0.0157702 0.2303775 0.3846799
v 0.0163574 0.2332286 0.3854438
v 0.0163574 0.2332286 0.3854438
v 0.0146868 0.2356457 0.3860914
v 0.0146868 0.2356457 0.3860914
v 0.0117347 0.2362128 0.3862434
v 0.0092316 0.2345978 0.3858108
v 0.0092316 0.2345978 0.3858108
v 0.0086444 0.2305494 0.3870869
v 0.0086444 0.2305494 0.3870869
v 0.0103168 0.2287800 0.3853175
v 0.0103168 0.2287800 0.3853175
v 0.0103168 0.2287800 0.3853175
v 0.0132689 0.2283648 0.3849021
v 0.0132689 0.2283648 0.3849021
v 0.0132689 0.2283648 0.3849021
v 0.0132689 0.2283648 0.3849021
v 0.0157702 0.2295471 0.3860846
v 0.0157702 0.2295471 0.3860846
v 0.0157702 0.2295471 0.3860846
v 0.0163574 0.2316343 0.3881717
v 0.0163574 0.2316343 0.3881717
v 0.0146868 0.2334037 0.3899411
v 0.0146868 0.2334037 0.3899411
v 0.0146868 0.2334037 0.3899411
v 0.0117347 0.2338188 0.3903562
v 0.0117347 0.2338188 0.3903562
v 0.0117347 0.2338188 0.3903562
v 0.0117347 0.2338188 0.3903562
v 0.0092316 0.2326366 0.3891740
v 0.0092316 0.2326366 0.3891740
v 0.0092316 0.2326366 0.3891740
v 0.0086444 0.2284925 0.3882548
v 0.0086444 0.2284925 0.3882548
v 0.0103168 0.2278449 0.3858378
v 0.0103168 0.2278449 0.3858378
v 0.0132689 0.2276929 0.3852707
v 0.0132689 0.2276929 0.3852707
v 0.0157702 0.2281257 0.3868858
v 0.0157702 0.2281257 0.3868858
v 0.0163574 0.2288896 0.3897368
v 0.0163574 0.2288896 0.3897368
v 0.0146868 0.2295373 0.3921538
v 0.0146868 0.2295373 0.3921538
v 0.0117347 0.2296892 0.3927210
v 0.0117347 0.2296892 0.3927210
v 0.0092316 0.2292565 0.3911061
v 0.0092316 0.2292565 0.3911061
v 0.0056341 0.1883860 0.3790922
v 0.0056341 0.1883860 0.3790922
v 0.0086117 0.1839302 0.3790922
v 0.0138670 0.1828847 0.3790922
v 0.0183224 0.1858620 0.3790922
v 0.0193695 0.1911180 0.3790922
v 0.0163919 0.1955737 0.3790922
v 0.0111348 0.1966192 0.3790922
v 0.0066794 0.1936420 0.3790922
v 0.0066794 0.1936420 0.3790922
v 0.0086444 0.1905191 0.3815185
v 0.0086444 0.1905191 0.3815185
v 0.0086444 0.1905191 0.3815185
v 0.0086444 0.1905191 0.3815185
v 0.0103168 0.1930214 0.3815185
v 0.0103168 0.1930214 0.3815185
v 0.0103168 0.1930214 0.3815185
v 0.0132689 0.1936085 0.3815185
v 0.0132689 0.1936085 0.3815185
v 0.0132689 0.1936085 0.3815185
v 0.0157702 0.1919365 0.3815185
v 0.0157702 0.1919365 0.3815185
v 0.0157702 0.1919365 0.3815185
v 0.0163574 0.1889849 0.3815185
v 0.0163574 0.1889849 0.3815185
v 0.0163574 0.1889849 0.3815185
v 0.0146868 0.1864825 0.3815185
v 0.0146868 0.1864825 0.3815185
v 0.0146868 0.1864825 0.3815185
v 0.0117347 0.1858954 0.3815185
v 0.0117347 0.1858954 0.3815185
v 0.0117347 0.1858954 0.3815185
v 0.0092316 0.1875674 0.3815185
v 0.0092316 0.1875674 0.3815185
v 0.0092316 0.1875674 0.3815185
v 0.0086444 0.1908794 0.3856113
v 0.0086444 0.1908794 0.3856113
v 0.0103168 0.1931912 0.3846538
v 0.0103168 0.1931912 0.3846538
v 0.0103168 0.1931912 0.3846538
v 0.0132689 0.1937336 0.3844291
v 0.0132689 0.1937336 0.3844291
v 0.0132689 0.1937336 0.3844291
v 0.0157702 0.1921889 0.3850689
v 0.0157702 0.1921889 0.3850689
v 0.0163574 0.1894619 0.3861985
v 0.0163574 0.1894619 0.3861985
v 0.0146868 0.1871501 0.3871562
v 0.0146868 0.1871501 0.3871562
v 0.0146868 0.1871501 0.3871562
v 0.0117347 0.1866076 0.3873807
v 0.0117347 0.1866076 0.3873807
v 0.0117347 0.1866076 0.3873807
v 0.0092316 0.1881524 0.3867411
v 0.0092316 0.1881524 0.3867411
v 0.0086444 0.1923326 0.3874777
v 0.0086444 0.1923326 0.3874777
v 0.0103168 0.1938560 0.3854925
v 0.0103168 0.1938560 0.3854925
v 0.0103168 0.1938560 0.3854925
v 0.0132689 0.1942134 0.3850267
v 0.0132689 0.1942134 0.3850267
v 0.0132689 0.1942134 0.3850267
v 0.0132689 0.1942134 0.3850267
v 0.0157702 0.1931955 0.3863532
v 0.0157702 0.1931955 0.3863532
v 0.0157702 0.1931955 0.3863532
v 0.0163574 0.1913987 0.3886950
v 0.0163574 0.1913987 0.3886950
v 0.0146868 0.1898753 0.3906800
v 0.0146868 0.1898753 0.3906800
v 0.0146868 0.1898753 0.3906800
v 0.0117347 0.1895179 0.3911458
v 0.0117347 0.1895179 0.3911458
v 0.0117347 0.1895179 0.3911458
v 0.0117347 0.1895179 0.3911458
v 0.0092316 0.1905358 0.3898195
v 0.0092316 0.1905358 0.3898195
v 0.0092316 0.1905358 0.3898195
v 0.0086444 0.1945244 0.3883673
v 0.0086444 0.1945244 0.3883673
v 0.0103168 0.1948510 0.3858865
v 0.0103168 0.1948510 0.3858865
v 0.0132689 0.1949276 0.3853043
v 0.0132689 0.1949276 0.3853043
v 0.0157702 0.1947094 0.3869619
v 0.0157702 0.1947094 0.3869619
v 0.0163574 0.1943241 0.3898884
v 0.0163574 0.1943241 0.3898884
v 0.0146868 0.1939975 0.3923694
v 0.0146868 0.1939975 0.3923694
v 0.0117347 0.1939209 0.3929514
v 0.0117347 0.1939209 0.3929514
v 0.0092316 0.1941391 0.3912938
v 0.0092316 0.1941391 0.3912938
vt 0.9509296 0.8184038
vt 0.7021534 0.6672783
vt 0.9212931 0.9253545
vt 0.9491933 0.8184040
vt 0.6533281 0.0843481
vt 0.9230294 0.9253531
vt 0.9230294 0.4533772
vt 0.9509296 0.7867687
vt 0.6707402 0.6671863
vt 0.9212993 0.4533758
vt 0.9491933 0.7867690
vt 0.6218029 0.0843934
vt 0.7021534 0.6191536
vt 0.5376732 0.2952764
vt 0.9212931 0.8774161
vt 0.6533281 0.1324803
vt 0.5394026 0.2952762
vt 0.9230294 0.8774145
vt 0.9230294 0.4052401
vt 0.6707402 0.6190615
vt 0.5376732 0.2636396
vt 0.9212993 0.4052387
vt 0.6218029 0.1325256
vt 0.5394026 0.2636393
vt 0.9230294 0.4331679
vt 0.6707402 0.6469821
vt 0.9212993 0.4331665
vt 0.6218029 0.1046006
vt 0.7021534 0.6470742
vt 0.9212931 0.9052287
vt 0.6533281 0.1045553
vt 0.9230294 0.9052271
vt 0.8157005 0.9408867
vt 0.6279275 0.1020560
vt 0.9718547 0.3360018
vt 0.6279275 0.0869204
vt 0.9183794 0.9432106
vt 0.9718547 0.3510764
vt 0.9691527 0.2859761
vt 0.6472034 0.0868927
vt 0.9183794 0.9625546
vt 0.9691527 0.2708390
vt 0.8157005 0.9602298
vt 0.6472034 0.1020283
vt 0.6068002 0.9060786
vt 0.9180026 0.9432106
vt 0.9714763 0.3510767
vt 0.8160789 0.9408867
vt 0.5916647 0.9060786
vt 0.9714763 0.3360021
vt 0.9695297 0.2708392
vt 0.8160789 0.9602297
vt 0.5916924 0.9253545
vt 0.9695297 0.2859764
vt 0.6068279 0.9253545
vt 0.9180026 0.9625547
vt 0.5732585 0.9770103
vt 0.6279275 0.1270459
vt 0.9904548 0.8503441
vt 0.9894392 0.4929015
vt 0.6472034 0.1194034
vt 0.5115025 0.5510275
vt 0.9824606 0.7096339
vt 0.6384394 0.1176625
vt 0.9904548 0.8224440
vt 0.9824607 0.7398589
vt 0.6279275 0.1176776
vt 0.9927798 0.0365902
vt 0.6279275 0.1194311
vt 0.2557512 0.2911312
vt 0.9904548 0.8579283
vt 0.9894392 0.5108611
vt 0.5732586 0.9858048
vt 0.6366916 0.1270332
vt 0.6384394 0.1100477
vt 0.2720263 0.2934563
vt 0.9904548 0.8300281
vt 0.9871142 0.5922365
vt 0.9824606 0.7184284
vt 0.6472034 0.1176499
vt 0.6384394 0.1194160
vt 0.5115025 0.5422325
vt 0.9927798 0.0162742
vt 0.9894392 0.9851635
vt 0.9824607 0.7486535
vt 0.6366916 0.1176650
vt 0.9894392 0.5184767
vt 0.6366916 0.1194184
vt 0.2557512 0.2999263
vt 0.2384570 0.2934568
vt 0.6384394 0.1270307
vt 0.9927798 0.0086901
vt 0.9894392 0.9927790
vt 0.6366916 0.1100502
vt 0.1767009 0.5254524
vt 0.6279275 0.1100628
vt 0.1767009 0.5166573
vt 0.9927798 0.0441743
vt 0.9894392 0.4852860
vt 0.2384570 0.3022515
vt 0.6472034 0.1270181
vt 0.9871142 0.5998520
vt 0.6472034 0.1100351
vt 0.2720263 0.3022513
vt 0.8602415 0.9468156
vt 0.1756858 0.5166575
vt 0.9917606 0.0441752
vt 0.9904548 0.9927798
vt 0.8602542 0.9555796
vt 0.1756858 0.5254526
vt 0.9904548 0.5108619
vt 0.5742778 0.9858047
vt 0.9572648 0.1627508
vt 0.5742778 0.9770101
vt 0.9572523 0.1539867
vt 0.9894356 0.8503450
vt 0.9904548 0.5184775
vt 0.9648796 0.1627508
vt 0.2547361 0.2999264
vt 0.9834798 0.7398587
vt 0.8526267 0.9468156
vt 0.9917606 0.0365911
vt 0.9904548 0.9851643
vt 0.9834798 0.7486534
vt 0.8526394 0.9555796
vt 0.8834916 0.9584406
vt 0.5104874 0.5422326
vt 0.9917606 0.0162751
vt 0.2394761 0.2934567
vt 0.8758769 0.9584406
vt 0.9917606 0.0086910
vt 0.9904548 0.4929023
vt 0.8835042 0.9672047
vt 0.5104874 0.5510277
vt 0.9834797 0.7096337
vt 0.6526758 0.9630907
vt 0.9894356 0.8224449
vt 0.9881297 0.5922372
vt 0.9834797 0.7184283
vt 0.6526884 0.9718547
vt 0.9648671 0.1539867
vt 0.2547361 0.2911314
vt 0.9894356 0.8579291
vt 0.6602906 0.9630907
vt 0.2710112 0.2934564
vt 0.9894356 0.8300290
vt 0.9904548 0.4852868
vt 0.2394761 0.3022513
vt 0.8758895 0.9672047
vt 0.9881297 0.5998529
vt 0.6603032 0.9718547
vt 0.2710112 0.3022515
vt 0.9898998 0.8822114
vt 0.9898999 0.8822115
vt 0.9898999 0.8822115
vt 0.9898998 0.8822115
vt 0.9898999 0.8822116
vt 0.9900126 0.8821847
vt 0.9898999 0.8822116
vt 0.9900585 0.8823476
vt 0.9898998 0.8822116
vt 0.9900126 0.8821848
vt 0.9900126 0.8821848
vt 0.9900126 0.8821848
vt 0.9900587 0.8823476
vt 0.9900127 0.8821848
vt 0.9900128 0.8821848
vt 0.9900128 0.8821848
vt 0.9900128 0.8821848
vt 0.9900129 0.8821848
vt 0.9900129 0.8821848
vt 0.9900129 0.8821848
vt 0.9900129 0.8821848
vt 0.9900756 0.8824010
vt 0.9899011 0.8823809
vt 0.9900129 0.8821848
vt 0.9899011 0.8823808
vt 0.9900130 0.8821848
vt 0.9899011 0.8823808
vt 0.9900758 0.8824010
vt 0.9899011 0.8823808
vt 0.9899011 0.8823807
vt 0.9899011 0.8823807
vt 0.9899011 0.8823807
vt 0.9899011 0.8823805
vt 0.9899011 0.8823805
vt 0.9900913 0.8824751
vt 0.9899011 0.8823805
vt 0.9899011 0.8823804
vt 0.9899011 0.8823804
vt 0.9900912 0.8824751
vt 0.9901143 0.8824773
vt 0.9899011 0.8823804
vt 0.9899214 0.8822191
vt 0.9899011 0.8823804
vt 0.9899213 0.8822191
vt 0.9899214 0.8822193
vt 0.9901142 0.8824773
vt 0.9899214 0.8822193
vt 0.9899213 0.8822193
vt 0.9899214 0.8822194
vt 0.9899214 0.8822194
vt 0.9899213 0.8822194
vt 0.9899214 0.8822195
vt 0.9899214 0.8822195
vt 0.9899213 0.8822195
vt 0.9898999 0.8822111
vt 0.9899214 0.8822196
vt 0.9899214 0.8822196
vt 0.9901499 0.8823259
vt 0.9898998 0.8822113
vt 0.9899213 0.8822196
vt 0.9898999 0.8822113
vt 0.9898999 0.8822113
vt 0.9901498 0.8823259
vt 0.9898998 0.8822114
vt 0.9898999 0.8822114
vt 0.9898999 0.8822114
vt 0.9899001 0.8822115
vt 0.9899001 0.8822114
vt 0.9899215 0.8822196
vt 0.9901498 0.8823261
vt 0.9899215 0.8822195
vt 0.9899009 0.8823804
vt 0.9899215 0.8822194
vt 0.9901143 0.8824775
vt 0.9899009 0.8823805
vt 0.9900913 0.8824752
vt 0.9899009 0.8823807
vt 0.9900129 0.8821846
vt 0.9900757 0.8824009
vt 0.9900129 0.8821846
vt 0.9899001 0.8822116
vt 0.9900127 0.8821846
vt 0.9900587 0.8823475
vt 0.9899001 0.8822114
vt 0.9899001 0.8822114
vt 0.9899001 0.8822114
vt 0.9899001 0.8822113
vt 0.9899001 0.8822113
vt 0.9899216 0.8822195
vt 0.9899216 0.8822195
vt 0.9899215 0.8822194
vt 0.9899215 0.8822194
vt 0.9899215 0.8822194
vt 0.9899216 0.8822193
vt 0.9899009 0.8823805
vt 0.9899216 0.8822193
vt 0.9899008 0.8823807
vt 0.9899008 0.8823807
vt 0.9899008 0.8823808
vt 0.9900129 0.8821844
vt 0.9900128 0.8821844
vt 0.9899001 0.8822115
vt 0.9900127 0.8821844
vt 0.9899002 0.8822114
vt 0.9899002 0.8822114
vt 0.9899001 0.8822113
vt 0.9899001 0.8822014
vt 0.9899216 0.8822195
vt 0.9898999 0.8822014
vt 0.9899216 0.8822194
vt 0.9898999 0.8822014
vt 0.9899216 0.8822194
vt 0.9898998 0.8822014
vt 0.9899216 0.8822193
vt 0.9899008 0.8823804
vt 0.9899007 0.8823805
vt 0.9899007 0.8823805
vt 0.9900054 0.8821780
vt 0.9900129 0.8821843
vt 0.9899006 0.8823807
vt 0.9900053 0.8821780
vt 0.9900128 0.8821843
vt 0.9900053 0.8821780
vt 0.9900128 0.8821843
vt 0.9899002 0.8822114
vt 0.9900051 0.8821780
vt 0.9900127 0.8821843
vt 0.9899002 0.8822113
vt 0.9899002 0.8822113
vt 0.9899001 0.8822113
vt 0.9899001 0.8822014
vt 0.9898999 0.8822014
vt 0.9898999 0.8822014
vt 0.9898998 0.8822014
vt 0.9899008 0.8823804
vt 0.9899006 0.8823804
vt 0.9899006 0.8823804
vt 0.9900054 0.8821779
vt 0.9899005 0.8823804
vt 0.9900053 0.8821779
vt 0.9900053 0.8821779
vt 0.9899004 0.8822113
vt 0.9900051 0.8821779
vt 0.9900215 0.8821763
vt 0.9901357 0.8824113
vt 0.9900216 0.8821761
vt 0.9900219 0.8821761
vt 0.9900220 0.8821763
vt 0.9900220 0.8821766
vt 0.9900219 0.8821767
vt 0.9900216 0.8821767
vt 0.9900215 0.8821766
vt 0.9901358 0.8824114
vt 0.9898998 0.8822096
vt 0.9898998 0.8822096
vt 0.9900216 0.8821765
vt 0.9901358 0.8824113
vt 0.9898998 0.8822097
vt 0.9900216 0.8821766
vt 0.9899482 0.8823989
vt 0.9899482 0.8823988
vt 0.9900218 0.8821766
vt 0.9899482 0.8823988
vt 0.9900219 0.8821766
vt 0.9899482 0.8823987
vt 0.9899010 0.8823789
vt 0.9900219 0.8821765
vt 0.9899010 0.8823788
vt 0.9899010 0.8823788
vt 0.9899483 0.8822170
vt 0.9900219 0.8821763
vt 0.9899010 0.8823786
vt 0.9899482 0.8822170
vt 0.9900218 0.8821762
vt 0.9899482 0.8822170
vt 0.9898998 0.8822095
vt 0.9899480 0.8822170
vt 0.9900216 0.8821763
vt 0.9899000 0.8822097
vt 0.9899000 0.8822097
vt 0.9899000 0.8822097
vt 0.9899481 0.8823989
vt 0.9899481 0.8823989
vt 0.9899481 0.8823988
vt 0.9899481 0.8823988
vt 0.9899481 0.8823988
vt 0.9899481 0.8823987
vt 0.9899009 0.8823789
vt 0.9899008 0.8823788
vt 0.9899008 0.8823788
vt 0.9899483 0.8822172
vt 0.9899483 0.8822172
vt 0.9899008 0.8823786
vt 0.9899482 0.8822172
vt 0.9899482 0.8822172
vt 0.9899482 0.8822172
vt 0.9899001 0.8822095
vt 0.9899480 0.8822171
vt 0.9899001 0.8822097
vt 0.9899001 0.8822097
vt 0.9899001 0.8822097
vt 0.9899001 0.8821999
vt 0.9899481 0.8823989
vt 0.9898999 0.8821999
vt 0.9899481 0.8823988
vt 0.9898999 0.8821999
vt 0.9899481 0.8823988
vt 0.9898998 0.8821998
vt 0.9899480 0.8823987
vt 0.9899008 0.8823789
vt 0.9899007 0.8823789
vt 0.9899007 0.8823789
vt 0.9899483 0.8822173
vt 0.9900054 0.8821762
vt 0.9899006 0.8823788
vt 0.9899482 0.8822173
vt 0.9900053 0.8821761
vt 0.9899482 0.8822173
vt 0.9900053 0.8821761
vt 0.9899002 0.8822096
vt 0.9899480 0.8822173
vt 0.9900051 0.8821762
vt 0.9899001 0.8822098
vt 0.9899001 0.8822098
vt 0.9899001 0.8822098
vt 0.9899001 0.8821999
vt 0.9898999 0.8821999
vt 0.9898999 0.8821999
vt 0.9898998 0.8821999
vt 0.9899008 0.8823790
vt 0.9899006 0.8823790
vt 0.9899006 0.8823790
vt 0.9900054 0.8821763
vt 0.9899005 0.8823790
vt 0.9900053 0.8821763
vt 0.9900053 0.8821763
vt 0.9899002 0.8822097
vt 0.9900051 0.8821763
f 1834/1834 1837/1837 1844/1844
f 1834/1834 1844/1844 1841/1841
f 1858/1858 1860/1860 1855/1855
f 1858/1858 1855/1855 1852/1852
f 1854/1854 1857/1857 1850/1850
f 1854/1854 1850/1850 1847/1847
f 1863/1863 1865/1865 1839/1839
f 1863/1863 1839/1839 1836/1836
f 1859/1859 1853/1853 1846/1846
f 1859/1859 1846/1846 1862/1862
f 1870/1870 1874/1874 1889/1889
f 1870/1870 1889/1889 1879/1879
f 1936/1936 1864/1864 1849/1849
f 1849/1849 1934/1934 1894/1894
f 1913/1913 1936/1936 1849/1849
f 1849/1849 1894/1894 1913/1913
f 1842/1842 1859/1859 1862/1862
f 1842/1842 1862/1862 1835/1835
f 1848/1848 1851/1851 1865/1865
f 1848/1848 1865/1865 1863/1863
f 1840/1840 1843/1843 1860/1860
f 1840/1840 1860/1860 1858/1858
f 1861/1861 1845/1845 1869/1869
f 1861/1861 1869/1869 1867/1867
f 1845/1845 1838/1838 1873/1873
f 1845/1845 1873/1873 1869/1869
f 1838/1838 1864/1864 1877/1877
f 1838/1838 1877/1877 1873/1873
f 1864/1864 1861/1861 1867/1867
f 1864/1864 1867/1867 1877/1877
f 1868/1868 1871/1871 1880/1880
f 1868/1868 1880/1880 1883/1883
f 1872/1872 1875/1875 1884/1884
f 1872/1872 1884/1884 1887/1887
f 1876/1876 1866/1866 1881/1881
f 1876/1876 1881/1881 1885/1885
f 1886/1886 1882/1882 1878/1878
f 1886/1886 1878/1878 1888/1888
f 1909/1909 1937/1937 1985/1985
f 1909/1909 1985/1985 1978/1978
f 1929/1929 1861/1861 1864/1864
f 1864/1864 1936/1936 1908/1908
f 1927/1927 1929/1929 1864/1864
f 1864/1864 1908/1908 1927/1927
f 1934/1934 1849/1849 1856/1856
f 1856/1856 1891/1891 1907/1907
f 1924/1924 1934/1934 1856/1856
f 1856/1856 1907/1907 1924/1924
f 1891/1891 1856/1856 1861/1861
f 1861/1861 1929/1929 1900/1900
f 1902/1902 1891/1891 1861/1861
f 1861/1861 1900/1900 1902/1902
f 1897/1897 1914/1914 1921/1921
f 1897/1897 1921/1921 1919/1919
f 1897/1897 1913/1913 1894/1894
f 1897/1897 1894/1894 1914/1914
f 1900/1900 1919/1919 1921/1921
f 1900/1900 1921/1921 1902/1902
f 1914/1914 1924/1924 1907/1907
f 1914/1914 1907/1907 1921/1921
f 1908/1908 1897/1897 1919/1919
f 1908/1908 1919/1919 1927/1927
f 1912/1912 1896/1896 1968/1968
f 1912/1912 1968/1968 1972/1972
f 1893/1893 1932/1932 1980/1980
f 1893/1893 1980/1980 1965/1965
f 1915/1915 1895/1895 1967/1967
f 1915/1915 1967/1967 1960/1960
f 1954/1954 1938/1938 1942/1942
f 1954/1954 1942/1942 1958/1958
f 1969/1969 1977/1977 1984/1984
f 1969/1969 1984/1984 1973/1973
f 1963/1963 1959/1959 1966/1966
f 1963/1963 1966/1966 1982/1982
f 1948/1948 1974/1974 1951/1951
f 1948/1948 1951/1951 1946/1946
f 1892/1892 1904/1904 1976/1976
f 1892/1892 1976/1976 1949/1949
f 1935/1935 1911/1911 1971/1971
f 1935/1935 1971/1971 1983/1983
f 1898/1898 1910/1910 1979/1979
f 1898/1898 1979/1979 1970/1970
f 1930/1930 1928/1928 1943/1943
f 1930/1930 1943/1943 1939/1939
f 1903/1903 1922/1922 1952/1952
f 1903/1903 1952/1952 1975/1975
f 1901/1901 1931/1931 1940/1940
f 1901/1901 1940/1940 1955/1955
f 1906/1906 1890/1890 1947/1947
f 1906/1906 1947/1947 1945/1945
f 1926/1926 1917/1917 1956/1956
f 1926/1926 1956/1956 1941/1941
f 1920/1920 1905/1905 1944/1944
f 1920/1920 1944/1944 1950/1950
f 1925/1925 1916/1916 1961/1961
f 1925/1925 1961/1961 1964/1964
f 1918/1918 1899/1899 1953/1953
f 1918/1918 1953/1953 1957/1957
f 1933/1933 1923/1923 1962/1962
f 1933/1933 1962/1962 1981/1981
f 2053/2053 2069/2069 2052/2052
f 2053/2053 2052/2052 2051/2051
f 1989/1989 1987/1987 1990/1990
f 1996/1996 1999/1999 1995/1995
f 2197/2197 2175/2175 2173/2173
f 2197/2197 2173/2173 2195/2195
f 2000/2000 2002/2002 1999/1999
f 2004/2004 2005/2005 2002/2002
f 2058/2058 2081/2081 2077/2077
f 2009/2009 2011/2011 2005/2005
f 1995/1995 1991/1991 1996/1996
f 2014/2014 2015/2015 2010/2010
f 1999/1999 1996/1996 2000/2000
f 2017/2017 2018/2018 2015/2015
f 2002/2002 2000/2000 2004/2004
f 2021/2021 2022/2022 2018/2018
f 2005/2005 2004/2004 2009/2009
f 2026/2026 2028/2028 2022/2022
f 2010/2010 2008/2008 2014/2014
f 2032/2032 2033/2033 2029/2029
f 2015/2015 2014/2014 2017/2017
f 2035/2035 2036/2036 2033/2033
f 2018/2018 2017/2017 2021/2021
f 2037/2037 2039/2039 2036/2036
f 2022/2022 2021/2021 2026/2026
f 2041/2041 2045/2045 2039/2039
f 2029/2029 2027/2027 2032/2032
f 2046/2046 2049/2049 2044/2044
f 2033/2033 2032/2032 2035/2035
f 2095/2095 2093/2093 2075/2075
f 2095/2095 2075/2075 2076/2076
f 1990/1990 1994/1994 1989/1989
f 2115/2115 2114/2114 2090/2090
f 2115/2115 2090/2090 2091/2091
f 2050/2050 1986/1986 2049/2049
f 2054/2054 2042/2042 2056/2056
f 2054/2054 2056/2056 2074/2074
f 2034/2034 2030/2030 2058/2058
f 2056/2056 2034/2034 2058/2058
f 2056/2056 2058/2058 2077/2077
f 2024/2024 2020/2020 2061/2061
f 2057/2057 2023/2023 2060/2060
f 2057/2057 2060/2060 2080/2080
f 2016/2016 2012/2012 2062/2062
f 2060/2060 2016/2016 2062/2062
f 2060/2060 2062/2062 2082/2082
f 2006/2006 2003/2003 2065/2065
f 2063/2063 2006/2006 2065/2065
f 2063/2063 2065/2065 2085/2085
f 2001/2001 1997/1997 2067/2067
f 2065/2065 2001/2001 2067/2067
f 2065/2065 2067/2067 2086/2086
f 1992/1992 1988/1988 2052/2052
f 2066/2066 1992/1992 2052/2052
f 2066/2066 2052/2052 2087/2087
f 2105/2105 2101/2101 2082/2082
f 2105/2105 2082/2082 2084/2084
f 2109/2109 2104/2104 2085/2085
f 2109/2109 2085/2085 2086/2086
f 2060/2060 2083/2083 2080/2080
f 2112/2112 2107/2107 2086/2086
f 2112/2112 2086/2086 2088/2088
f 2099/2099 2097/2097 2078/2078
f 2099/2099 2078/2078 2079/2079
f 2102/2102 2100/2100 2080/2080
f 2102/2102 2080/2080 2083/2083
f 2065/2065 2086/2086 2085/2085
f 2122/2122 2120/2120 2100/2100
f 2122/2122 2100/2100 2102/2102
f 2067/2067 2088/2088 2086/2086
f 2210/2210 2209/2209 2114/2114
f 2210/2210 2114/2114 2115/2115
f 2119/2119 2118/2118 2096/2096
f 2119/2119 2096/2096 2098/2098
f 2124/2124 2121/2121 2101/2101
f 2124/2124 2101/2101 2105/2105
f 2126/2126 2123/2123 2103/2103
f 2126/2126 2103/2103 2108/2108
f 2128/2128 2125/2125 2106/2106
f 2128/2128 2106/2106 2111/2111
f 2212/2212 2211/2211 2116/2116
f 2212/2212 2116/2116 2117/2117
f 2208/2208 2222/2222 2127/2127
f 2208/2208 2127/2127 2113/2113
f 2219/2219 2216/2216 2121/2121
f 2219/2219 2121/2121 2124/2124
f 2217/2217 2215/2215 2120/2120
f 2217/2217 2120/2120 2122/2122
f 2221/2221 2218/2218 2123/2123
f 2221/2221 2123/2123 2126/2126
f 2223/2223 2220/2220 2125/2125
f 2223/2223 2125/2125 2128/2128
f 2164/2164 2182/2182 2205/2205
f 2164/2164 2205/2205 2184/2184
f 2194/2194 2172/2172 2171/2171
f 2194/2194 2171/2171 2192/2192
f 2138/2138 2130/2130 2142/2142
f 2136/2136 2137/2137 2144/2144
f 2133/2133 2134/2134 2152/2152
f 2131/2131 2132/2132 2159/2159
f 2132/2132 2133/2133 2156/2156
f 2135/2135 2136/2136 2147/2147
f 2134/2134 2135/2135 2149/2149
f 2053/2053 2073/2073 2071/2071
f 2117/2117 2116/2116 2092/2092
f 2117/2117 2092/2092 2094/2094
f 2183/2183 2162/2162 2158/2158
f 2183/2183 2158/2158 2179/2179
f 2087/2087 2052/2052 2069/2069
f 2129/2129 2131/2131 2163/2163
f 1986/1986 2050/2050 1987/1987
f 2149/2149 2135/2135 2147/2147
f 2214/2214 2213/2213 2118/2118
f 2214/2214 2118/2118 2119/2119
f 2181/2181 2160/2160 2155/2155
f 2181/2181 2155/2155 2177/2177
f 2144/2144 2137/2137 2141/2141
f 2049/2049 2046/2046 2050/2050
f 2042/2042 2038/2038 2056/2056
f 2178/2178 2157/2157 2153/2153
f 2178/2178 2153/2153 2174/2174
f 2175/2175 2154/2154 2151/2151
f 2175/2175 2151/2151 2173/2173
f 2172/2172 2150/2150 2148/2148
f 2172/2172 2148/2148 2171/2171
f 2169/2169 2146/2146 2145/2145
f 2169/2169 2145/2145 2167/2167
f 2166/2166 2143/2143 2140/2140
f 2166/2166 2140/2140 2165/2165
f 2139/2139 2161/2161 2182/2182
f 2139/2139 2182/2182 2164/2164
f 2190/2190 2170/2170 2168/2168
f 2190/2190 2168/2168 2188/2188
f 2200/2200 2178/2178 2174/2174
f 2200/2200 2174/2174 2196/2196
f 2159/2159 2132/2132 2156/2156
f 2156/2156 2133/2133 2152/2152
f 2186/2186 2185/2185 2209/2209
f 2186/2186 2209/2209 2210/2210
f 2203/2203 2180/2180 2176/2176
f 2203/2203 2176/2176 2198/2198
f 2206/2206 2183/2183 2179/2179
f 2206/2206 2179/2179 2201/2201
f 2152/2152 2134/2134 2149/2149
f 2163/2163 2131/2131 2159/2159
f 2184/2184 2205/2205 2222/2222
f 2184/2184 2222/2222 2208/2208
f 2189/2189 2187/2187 2211/2211
f 2189/2189 2211/2211 2212/2212
f 2200/2200 2196/2196 2216/2216
f 2200/2200 2216/2216 2219/2219
f 2197/2197 2195/2195 2215/2215
f 2197/2197 2215/2215 2217/2217
f 2204/2204 2199/2199 2218/2218
f 2204/2204 2218/2218 2221/2221
f 2207/2207 2202/2202 2220/2220
f 2207/2207 2220/2220 2223/2223
f 2186/2186 2166/2166 2165/2165
f 2186/2186 2165/2165 2185/2185
f 2193/2193 2191/2191 2213/2213
f 2193/2193 2213/2213 2214/2214
f 2141/2141 2129/2129 2163/2163
f 2147/2147 2136/2136 2144/2144
f 2091/2091 2090/2090 2070/2070
f 2091/2091 2070/2070 2072/2072
f 2113/2113 2127/2127 2110/2110
f 2113/2113 2110/2110 2089/2089
f 2065/2065 2003/2003 2001/2001
f 2056/2056 2077/2077 2074/2074
f 2059/2059 2031/2031 2025/2025
f 2055/2055 2048/2048 2043/2043
f 2051/2051 2047/2047 2053/2053
f 2052/2052 1988/1988 2051/2051
f 2039/2039 2037/2037 2041/2041
f 2089/2089 2110/2110 2087/2087
f 2089/2089 2087/2087 2069/2069
f 2060/2060 2019/2019 2016/2016
f 2056/2056 2038/2038 2034/2034
f 2068/2068 1998/1998 1993/1993
f 2064/2064 2013/2013 2007/2007
f 2036/2036 2035/2035 2037/2037
f 2062/2062 2084/2084 2082/2082
f 2044/2044 2040/2040 2046/2046
f 1987/1987 1989/1989 1986/1986
o mesh_2
usemtl house3_2
v -0.0027122 0.0355363 0.3667267
v -0.0027122 0.0355363 0.3667267
v -0.0027122 0.0355363 0.3667267
v -0.0027122 0.0355363 0.3797295
v -0.0027122 0.0355363 0.3797295
v -0.0027122 0.0355363 0.3797295
v -0.2396137 0.0355363 0.3667267
v -0.2396137 0.0355363 0.3667267
v -0.2396137 0.0355363 0.3667267
v -0.2396137 0.0355363 0.3797295
v -0.2396137 0.0355363 0.3797295
v -0.2396137 0.0355363 0.3797295
v -0.0027122 0.3960096 0.3667267
v -0.0027122 0.3960096 0.3667267
v -0.0027122 0.3960096 0.3667267
v -0.0027122 0.3960096 0.3797295
v -0.0027122 0.3960096 0.3797295
v -0.0027122 0.3960096 0.3797295
v -0.2396137 0.3960096 0.3667267
v -0.2396137 0.3960096 0.3667267
v -0.2396137 0.3960096 0.3667267
v -0.2396137 0.3960096 0.3797295
v -0.2396137 0.3960096 0.3797295
v -0.2396137 0.3960096 0.3797295
v -0.2396137 0.1868729 0.3667267
v -0.2396137 0.1868729 0.3667267
v -0.2396137 0.1868729 0.3797295
v -0.2396137 0.1868729 0.3797295
v -0.0027122 0.1868729 0.3667267
v -0.0027122 0.1868729 0.3667267
v -0.0027122 0.1868729 0.3797295
v -0.0027122 0.1868729 0.3797295
v -0.1935887 0.1678814 0.3797295
v -0.1935887 0.1678814 0.3797295
v -0.1935887 0.1678814 0.3797295
v -0.1935887 0.0545278 0.3797295
v -0.1935887 0.0545278 0.3797295
v -0.1935887 0.0545278 0.3797295
v -0.0487371 0.0545278 0.3797295
v -0.0487371 0.0545278 0.3797295
v -0.0487371 0.0545278 0.3797295
v -0.0487371 0.1678814 0.3797295
v -0.0487371 0.1678814 0.3797295
v -0.0487371 0.1678814 0.3797295
v -0.1935887 0.0545278 0.3768960
v -0.1935887 0.0545278 0.3768960
v -0.1935887 0.0545278 0.3768960
v -0.1935887 0.1678814 0.3768960
v -0.1935887 0.1678814 0.3768960
v -0.1935887 0.1678814 0.3768960
v -0.0487371 0.1678814 0.3768960
v -0.0487371 0.1678814 0.3768960
v -0.0487371 0.1678814 0.3768960
v -0.0487371 0.0545278 0.3768960
v -0.0487371 0.0545278 0.3768960
v -0.0487371 0.0545278 0.3768960
v -0.1935887 0.3550362 0.3797295
v -0.1935887 0.3550362 0.3797295
v -0.1935887 0.3550362 0.3797295
v -0.0487371 0.2980074 0.3797295
v -0.0487371 0.2980074 0.3797295
v -0.0487371 0.2980074 0.3797295
v -0.1145961 0.2848751 0.3797295
v -0.1145961 0.2848751 0.3797295
v -0.1145961 0.2848751 0.3797295
v -0.1935887 0.2848751 0.3797295
v -0.1935887 0.2848751 0.3797295
v -0.1935887 0.2848751 0.3797295
v -0.1935887 0.2980074 0.3797295
v -0.1935887 0.2980074 0.3797295
v -0.1935887 0.2980074 0.3797295
v -0.1277297 0.3550362 0.3797295
v -0.1277297 0.3550362 0.3797295
v -0.1277297 0.3550362 0.3797295
v -0.1145961 0.2278463 0.3797295
v -0.1145961 0.2278463 0.3797295
v -0.1145961 0.2278463 0.3797295
v -0.0487371 0.2848751 0.3797295
v -0.0487371 0.2848751 0.3797295
v -0.0487371 0.2848751 0.3797295
v -0.1145961 0.2980074 0.3797295
v -0.1145961 0.2980074 0.3797295
v -0.1145961 0.2980074 0.3797295
v -0.1277297 0.2848751 0.3797295
v -0.1277297 0.2848751 0.3797295
v -0.1277297 0.2848751 0.3797295
v -0.1277297 0.2980074 0.3797295
v -0.1277297 0.2980074 0.3797295
v -0.1277297 0.2980074 0.3797295
v -0.1145961 0.3550362 0.3797295
v -0.1145961 0.3550362 0.3797295
v -0.1145961 0.3550362 0.3797295
v -0.1277297 0.2278463 0.3797295
v -0.1277297 0.2278463 0.3797295
v -0.1277297 0.2278463 0.3797295
v -0.1935887 0.2278463 0.3797295
v -0.1935887 0.2278463 0.3797295
v -0.1935887 0.2278463 0.3797295
v -0.0487371 0.3550362 0.3797295
v -0.0487371 0.3550362 0.3797295
v -0.0487371 0.3550362 0.3797295
v -0.0487371 0.2278463 0.3797295
v -0.0487371 0.2278463 0.3797295
v -0.0487371 0.2278463 0.3797295
v -0.1935887 0.2278463 0.3720972
v -0.1935887 0.2278463 0.3720972
v -0.1935887 0.2278463 0.3720972
v -0.1277297 0.2278463 0.3720972
v -0.1277297 0.2278463 0.3720972
v -0.1277297 0.2278463 0.3720972
v -0.1277297 0.3550362 0.3720972
v -0.1277297 0.3550362 0.3720972
v -0.1277297 0.3550362 0.3720972
v -0.1935887 0.3550362 0.3720972
v -0.1935887 0.3550362 0.3720972
v -0.1935887 0.3550362 0.3720972
v -0.1277297 0.2980074 0.3720972
v -0.1277297 0.2980074 0.3720972
v -0.1277297 0.2980074 0.3720972
v -0.1935887 0.2848751 0.3720972
v -0.1935887 0.2848751 0.3720972
v -0.1935887 0.2848751 0.3720972
v -0.1277297 0.2848751 0.3720972
v -0.1277297 0.2848751 0.3720972
v -0.1277297 0.2848751 0.3720972
v -0.1145961 0.2980074 0.3720972
v -0.1145961 0.2980074 0.3720972
v -0.1145961 0.2980074 0.3720972
v -0.1145961 0.3550362 0.3720972
v -0.1145961 0.3550362 0.3720972
v -0.1145961 0.3550362 0.3720972
v -0.0487371 0.2980074 0.3720972
v -0.0487371 0.2980074 0.3720972
v -0.0487371 0.2980074 0.3720972
v -0.1145961 0.2848751 0.3720972
v -0.1145961 0.2848751 0.3720972
v -0.1145961 0.2848751 0.3720972
v -0.0487371 0.2848751 0.3720972
v -0.0487371 0.2848751 0.3720972
v -0.0487371 0.2848751 0.3720972
v -0.1935887 0.2980074 0.3720972
v -0.1935887 0.2980074 0.3720972
v -0.1935887 0.2980074 0.3720972
v -0.1145961 0.2278463 0.3720972
v -0.1145961 0.2278463 0.3720972
v -0.1145961 0.2278463 0.3720972
v -0.0487371 0.3550362 0.3720972
v -0.0487371 0.3550362 0.3720972
v -0.0487371 0.3550362 0.3720972
v -0.0487371 0.2278463 0.3720972
v -0.0487371 0.2278463 0.3720972
v -0.0487371 0.2278463 0.3720972
v -0.0308063 0.2326779 0.3790922
v -0.0306718 0.2340439 0.3803667
v -0.0306718 0.2340439 0.3803667
v -0.0302737 0.2353574 0.3790922
v -0.0296265 0.2365679 0.3803667
v -0.0296265 0.2365679 0.3803667
v -0.0296265 0.2365679 0.3803667
v -0.0296265 0.2365679 0.3803667
v -0.0287558 0.2376289 0.3790922
v -0.0287558 0.2376289 0.3790922
v -0.0276942 0.2384997 0.3803667
v -0.0276942 0.2384997 0.3803667
v -0.0276942 0.2384997 0.3803667
v -0.0264836 0.2391467 0.3790922
v -0.0251711 0.2395452 0.3803667
v -0.0251711 0.2395452 0.3803667
v -0.0238041 0.2396797 0.3790922
v -0.0224390 0.2395452 0.3803667
v -0.0224390 0.2395452 0.3803667
v -0.0211247 0.2391467 0.3790922
v -0.0199140 0.2384997 0.3803667
v -0.0199140 0.2384997 0.3803667
v -0.0199140 0.2384997 0.3803667
v -0.0199140 0.2384997 0.3803667
v -0.0188543 0.2376289 0.3790922
v -0.0188543 0.2376289 0.3790922
v -0.0179835 0.2365679 0.3803667
v -0.0179835 0.2365679 0.3803667
v -0.0179835 0.2365679 0.3803667
v -0.0173364 0.2353574 0.3790922
v -0.0169365 0.2340439 0.3803667
v -0.0169365 0.2340439 0.3803667
v -0.0168020 0.2326779 0.3790922
v -0.0169365 0.2313119 0.3803667
v -0.0169365 0.2313119 0.3803667
v -0.0169365 0.2313119 0.3803667
v -0.0173364 0.2299984 0.3790922
v -0.0179835 0.2287879 0.3803667
v -0.0179835 0.2287879 0.3803667
v -0.0179835 0.2287879 0.3803667
v -0.0179835 0.2287879 0.3803667
v -0.0179835 0.2287879 0.3803667
v -0.0188543 0.2277269 0.3790922
v -0.0188543 0.2277269 0.3790922
v -0.0199140 0.2268561 0.3803667
v -0.0199140 0.2268561 0.3803667
v -0.0199140 0.2268561 0.3803667
v -0.0211247 0.2262091 0.3790922
v -0.0224390 0.2258106 0.3803667
v -0.0224390 0.2258106 0.3803667
v -0.0238041 0.2256761 0.3790922
v -0.0251711 0.2258106 0.3803667
v -0.0251711 0.2258106 0.3803667
v -0.0264836 0.2262091 0.3790922
v -0.0276942 0.2268561 0.3803667
v -0.0276942 0.2268561 0.3803667
v -0.0276942 0.2268561 0.3803667
v -0.0276942 0.2268561 0.3803667
v -0.0287558 0.2277269 0.3790922
v -0.0287558 0.2277269 0.3790922
v -0.0296265 0.2287879 0.3803667
v -0.0296265 0.2287879 0.3803667
v -0.0296265 0.2287879 0.3803667
v -0.0302737 0.2299984 0.3790922
v -0.0306718 0.2313119 0.3803667
v -0.0306718 0.2313119 0.3803667
v -0.0276615 0.2334450 0.3838653
v -0.0270744 0.2304933 0.3838653
v -0.0270744 0.2304933 0.3838653
v -0.0270744 0.2304933 0.3838653
v -0.0245712 0.2288213 0.3838653
v -0.0216191 0.2294085 0.3838653
v -0.0216191 0.2294085 0.3838653
v -0.0216191 0.2294085 0.3838653
v -0.0199486 0.2319108 0.3838653
v -0.0199486 0.2319108 0.3838653
v -0.0205357 0.2348625 0.3838653
v -0.0205357 0.2348625 0.3838653
v -0.0205357 0.2348625 0.3838653
v -0.0230370 0.2365344 0.3838653
v -0.0259891 0.2359473 0.3838653
v -0.0259891 0.2359473 0.3838653
v -0.0259891 0.2359473 0.3838653
v -0.0276615 0.2317467 0.3850469
v -0.0276615 0.2317467 0.3850469
v -0.0276615 0.2317467 0.3850469
v -0.0259891 0.2293296 0.3843991
v -0.0259891 0.2293296 0.3843991
v -0.0259891 0.2293296 0.3843991
v -0.0259891 0.2293296 0.3843991
v -0.0230370 0.2287625 0.3842470
v -0.0230370 0.2287625 0.3842470
v -0.0230370 0.2287625 0.3842470
v -0.0205357 0.2303775 0.3846799
v -0.0205357 0.2303775 0.3846799
v -0.0205357 0.2303775 0.3846799
v -0.0199486 0.2332286 0.3854438
v -0.0199486 0.2332286 0.3854438
v -0.0216191 0.2356457 0.3860914
v -0.0216191 0.2356457 0.3860914
v -0.0245712 0.2362128 0.3862434
v -0.0270744 0.2345978 0.3858108
v -0.0270744 0.2345978 0.3858108
v -0.0276615 0.2305494 0.3870869
v -0.0276615 0.2305494 0.3870869
v -0.0259891 0.2287800 0.3853175
v -0.0259891 0.2287800 0.3853175
v -0.0259891 0.2287800 0.3853175
v -0.0230370 0.2283648 0.3849021
v -0.0230370 0.2283648 0.3849021
v -0.0230370 0.2283648 0.3849021
v -0.0230370 0.2283648 0.3849021
v -0.0205357 0.2295471 0.3860846
v -0.0205357 0.2295471 0.3860846
v -0.0205357 0.2295471 0.3860846
v -0.0199486 0.2316343 0.3881717
v -0.0199486 0.2316343 0.3881717
v -0.0216191 0.2334037 0.3899411
v -0.0216191 0.2334037 0.3899411
v -0.0216191 0.2334037 0.3899411
v -0.0245712 0.2338188 0.3903562
v -0.0245712 0.2338188 0.3903562
v -0.0245712 0.2338188 0.3903562
v -0.0245712 0.2338188 0.3903562
v -0.0270744 0.2326366 0.3891740
v -0.0270744 0.2326366 0.3891740
v -0.0270744 0.2326366 0.3891740
v -0.0276615 0.2284925 0.3882548
v -0.0276615 0.2284925 0.3882548
v -0.0259891 0.2278449 0.3858378
v -0.0259891 0.2278449 0.3858378
v -0.0230370 0.2276929 0.3852707
v -0.0230370 0.2276929 0.3852707
v -0.0205357 0.2281257 0.3868858
v -0.0205357 0.2281257 0.3868858
v -0.0199486 0.2288896 0.3897368
v -0.0199486 0.2288896 0.3897368
v -0.0216191 0.2295373 0.3921538
v -0.0216191 0.2295373 0.3921538
v -0.0245712 0.2296892 0.3927210
v -0.0245712 0.2296892 0.3927210
v -0.0270744 0.2292565 0.3911061
v -0.0270744 0.2292565 0.3911061
v -0.0306718 0.1883860 0.3790922
v -0.0306718 0.1883860 0.3790922
v -0.0276942 0.1839302 0.3790922
v -0.0224390 0.1828847 0.3790922
v -0.0179835 0.1858620 0.3790922
v -0.0169365 0.1911180 0.3790922
v -0.0199140 0.1955737 0.3790922
v -0.0251711 0.1966192 0.3790922
v -0.0296265 0.1936420 0.3790922
v -0.0296265 0.1936420 0.3790922
v -0.0276615 0.1905191 0.3815185
v -0.0276615 0.1905191 0.3815185
v -0.0276615 0.1905191 0.3815185
v -0.0276615 0.1905191 0.3815185
v -0.0259891 0.1930214 0.3815185
v -0.0259891 0.1930214 0.3815185
v -0.0259891 0.1930214 0.3815185
v -0.0230370 0.1936085 0.3815185
v -0.0230370 0.1936085 0.3815185
v -0.0230370 0.1936085 0.3815185
v -0.0205357 0.1919365 0.3815185
v -0.0205357 0.1919365 0.3815185
v -0.0205357 0.1919365 0.3815185
v -0.0199486 0.1889849 0.3815185
v -0.0199486 0.1889849 0.3815185
v -0.0199486 0.1889849 0.3815185
v -0.0216191 0.1864825 0.3815185
v -0.0216191 0.1864825 0.3815185
v -0.0216191 0.1864825 0.3815185
v -0.0245712 0.1858954 0.3815185
v -0.0245712 0.1858954 0.3815185
v -0.0245712 0.1858954 0.3815185
v -0.0270744 0.1875674 0.3815185
v -0.0270744 0.1875674 0.3815185
v -0.0270744 0.1875674 0.3815185
v -0.0276615 0.1908794 0.3856113
v -0.0276615 0.1908794 0.3856113
v -0.0259891 0.1931912 0.3846538
v -0.0259891 0.1931912 0.3846538
v -0.0259891 0.1931912 0.3846538
v -0.0230370 0.1937336 0.3844291
v -0.0230370 0.1937336 0.3844291
v -0.0230370 0.1937336 0.3844291
v -0.0205357 0.1921889 0.3850689
v -0.0205357 0.1921889 0.3850689
v -0.0199486 0.1894619 0.3861985
v -0.0199486 0.1894619 0.3861985
v -0.0216191 0.1871501 0.3871562
v -0.0216191 0.1871501 0.3871562
v -0.0216191 0.1871501 0.3871562
v -0.0245712 0.1866076 0.3873807
v -0.0245712 0.1866076 0.3873807
v -0.0245712 0.1866076 0.3873807
v -0.0270744 0.1881524 0.3867411
v -0.0270744 0.1881524 0.3867411
v -0.0276615 0.1923326 0.3874777
v -0.0276615 0.1923326 0.3874777
v -0.0259891 0.1938560 0.3854925
v -0.0259891 0.1938560 0.3854925
v -0.0259891 0.1938560 0.3854925
v -0.0230370 0.1942134 0.3850267
v -0.0230370 0.1942134 0.3850267
v -0.0230370 0.1942134 0.3850267
v -0.0230370 0.1942134 0.3850267
v -0.0205357 0.1931955 0.3863532
v -0.0205357 0.1931955 0.3863532
v -0.0205357 0.1931955 0.3863532
v -0.0199486 0.1913987 0.3886950
v -0.0199486 0.1913987 0.3886950
v -0.0216191 0.1898753 0.3906800
v -0.0216191 0.1898753 0.3906800
v -0.0216191 0.1898753 0.3906800
v -0.0245712 0.1895179 0.3911458
v -0.0245712 0.1895179 0.3911458
v -0.0245712 0.1895179 0.3911458
v -0.0245712 0.1895179 0.3911458
v -0.0270744 0.1905358 0.3898195
v -0.0270744 0.1905358 0.3898195
v -0.0270744 0.1905358 0.3898195
v -0.0276615 0.1945244 0.3883673
v -0.0276615 0.1945244 0.3883673
v -0.0259891 0.1948510 0.3858865
v -0.0259891 0.1948510 0.3858865
v -0.0230370 0.1949276 0.3853043
v -0.0230370 0.1949276 0.3853043
v -0.0205357 0.1947094 0.3869619
v -0.0205357 0.1947094 0.3869619
v -0.0199486 0.1943241 0.3898884
v -0.0199486 0.1943241 0.3898884
v -0.0216191 0.1939975 0.3923694
v -0.0216191 0.1939975 0.3923694
v -0.0245712 0.1939209 0.3929514
v -0.0245712 0.1939209 0.3929514
v -0.0270744 0.1941391 0.3912938
v -0.0270744 0.1941391 0.3912938
vt 0.9509296 0.8184038
vt 0.7021534 0.6672783
vt 0.9212931 0.9253545
vt 0.9491933 0.8184040
vt 0.6533281 0.0843481
vt 0.9230294 0.9253531
vt 0.9230294 0.4533772
vt 0.9509296 0.7867687
vt 0.6707402 0.6671863
vt 0.9212993 0.4533758
vt 0.9491933 0.7867690
vt 0.6218029 0.0843934
vt 0.7021534 0.6191536
vt 0.5376732 0.2952764
vt 0.9212931 0.8774161
vt 0.6533281 0.1324803
vt 0.5394026 0.2952762
vt 0.9230294 0.8774145
vt 0.9230294 0.4052401
vt 0.6707402 0.6190615
vt 0.5376732 0.2636396
vt 0.9212993 0.4052387
vt 0.6218029 0.1325256
vt 0.5394026 0.2636393
vt 0.9230294 0.4331679
vt 0.6707402 0.6469821
vt 0.9212993 0.4331665
vt 0.6218029 0.1046006
vt 0.7021534 0.6470742
vt 0.9212931 0.9052287
vt 0.6533281 0.1045553
vt 0.9230294 0.9052271
vt 0.8157005 0.9408867
vt 0.6279275 0.1020560
vt 0.9718547 0.3360018
vt 0.6279275 0.0869204
vt 0.9183794 0.9432106
vt 0.9718547 0.3510764
vt 0.9691527 0.2859761
vt 0.6472034 0.0868927
vt 0.9183794 0.9625546
vt 0.9691527 0.2708390
vt 0.8157005 0.9602298
vt 0.6472034 0.1020283
vt 0.6068002 0.9060786
vt 0.9180026 0.9432106
vt 0.9714763 0.3510767
vt 0.8160789 0.9408867
vt 0.5916647 0.9060786
vt 0.9714763 0.3360021
vt 0.9695297 0.2708392
vt 0.8160789 0.9602297
vt 0.5916924 0.9253545
vt 0.9695297 0.2859764
vt 0.6068279 0.9253545
vt 0.9180026 0.9625547
vt 0.5732585 0.9770103
vt 0.6279275 0.1270459
vt 0.9904548 0.8503441
vt 0.9894392 0.4929015
vt 0.6472034 0.1194034
vt 0.5115025 0.5510275
vt 0.9824606 0.7096339
vt 0.6384394 0.1176625
vt 0.9904548 0.8224440
vt 0.9824607 0.7398589
vt 0.6279275 0.1176776
vt 0.9927798 0.0365902
vt 0.6279275 0.1194311
vt 0.2557512 0.2911312
vt 0.9904548 0.8579283
vt 0.9894392 0.5108611
vt 0.5732586 0.9858048
vt 0.6366916 0.1270332
vt 0.6384394 0.1100477
vt 0.2720263 0.2934563
vt 0.9904548 0.8300281
vt 0.9871142 0.5922365
vt 0.9824606 0.7184284
vt 0.6472034 0.1176499
vt 0.6384394 0.1194160
vt 0.5115025 0.5422325
vt 0.9927798 0.0162742
vt 0.9894392 0.9851635
vt 0.9824607 0.7486535
vt 0.6366916 0.1176650
vt 0.9894392 0.5184767
vt 0.6366916 0.1194184
vt 0.2557512 0.2999263
vt 0.2384570 0.2934568
vt 0.6384394 0.1270307
vt 0.9927798 0.0086901
vt 0.9894392 0.9927790
vt 0.6366916 0.1100502
vt 0.1767009 0.5254524
vt 0.6279275 0.1100628
vt 0.1767009 0.5166573
vt 0.9927798 0.0441743
vt 0.9894392 0.4852860
vt 0.2384570 0.3022515
vt 0.6472034 0.1270181
vt 0.9871142 0.5998520
vt 0.6472034 0.1100351
vt 0.2720263 0.3022513
vt 0.8602415 0.9468156
vt 0.1756858 0.5166575
vt 0.9917606 0.0441752
vt 0.9904548 0.9927798
vt 0.8602542 0.9555796
vt 0.1756858 0.5254526
vt 0.9904548 0.5108619
vt 0.5742778 0.9858047
vt 0.9572648 0.1627508
vt 0.5742778 0.9770101
vt 0.9572523 0.1539867
vt 0.9894356 0.8503450
vt 0.9904548 0.5184775
vt 0.9648796 0.1627508
vt 0.2547361 0.2999264
vt 0.9834798 0.7398587
vt 0.8526267 0.9468156
vt 0.9917606 0.0365911
vt 0.9904548 0.9851643
vt 0.9834798 0.7486534
vt 0.8526394 0.9555796
vt 0.8834916 0.9584406
vt 0.5104874 0.5422326
vt 0.9917606 0.0162751
vt 0.2394761 0.2934567
vt 0.8758769 0.9584406
vt 0.9917606 0.0086910
vt 0.9904548 0.4929023
vt 0.8835042 0.9672047
vt 0.5104874 0.5510277
vt 0.9834797 0.7096337
vt 0.6526758 0.9630907
vt 0.9894356 0.8224449
vt 0.9881297 0.5922372
vt 0.9834797 0.7184283
vt 0.6526884 0.9718547
vt 0.9648671 0.1539867
vt 0.2547361 0.2911314
vt 0.9894356 0.8579291
vt 0.6602906 0.9630907
vt 0.2710112 0.2934564
vt 0.9894356 0.8300290
vt 0.9904548 0.4852868
vt 0.2394761 0.3022513
vt 0.8758895 0.9672047
vt 0.9881297 0.5998529
vt 0.6603032 0.9718547
vt 0.2710112 0.3022515
vt 0.9898998 0.8822114
vt 0.9898999 0.8822115
vt 0.9898999 0.8822115
vt 0.9898998 0.8822115
vt 0.9898999 0.8822116
vt 0.9900126 0.8821847
vt 0.9898999 0.8822116
vt 0.9900585 0.8823476
vt 0.9898998 0.8822116
vt 0.9900126 0.8821848
vt 0.9900126 0.8821848
vt 0.9900126 0.8821848
vt 0.9900587 0.8823476
vt 0.9900127 0.8821848
vt 0.9900128 0.8821848
vt 0.9900128 0.8821848
vt 0.9900128 0.8821848
vt 0.9900129 0.8821848
vt 0.9900129 0.8821848
vt 0.9900129 0.8821848
vt 0.9900129 0.8821848
vt 0.9900756 0.8824010
vt 0.9899011 0.8823809
vt 0.9900129 0.8821848
vt 0.9899011 0.8823808
vt 0.9900130 0.8821848
vt 0.9899011 0.8823808
vt 0.9900758 0.8824010
vt 0.9899011 0.8823808
vt 0.9899011 0.8823807
vt 0.9899011 0.8823807
vt 0.9899011 0.8823807
vt 0.9899011 0.8823805
vt 0.9899011 0.8823805
vt 0.9900913 0.8824751
vt 0.9899011 0.8823805
vt 0.9899011 0.8823804
vt 0.9899011 0.8823804
vt 0.9900912 0.8824751
vt 0.9901143 0.8824773
vt 0.9899011 0.8823804
vt 0.9899214 0.8822191
vt 0.9899011 0.8823804
vt 0.9899213 0.8822191
vt 0.9899214 0.8822193
vt 0.9901142 0.8824773
vt 0.9899214 0.8822193
vt 0.9899213 0.8822193
vt 0.9899214 0.8822194
vt 0.9899214 0.8822194
vt 0.9899213 0.8822194
vt 0.9899214 0.8822195
vt 0.9899214 0.8822195
vt 0.9899213 0.8822195
vt 0.9898999 0.8822111
vt 0.9899214 0.8822196
vt 0.9899214 0.8822196
vt 0.9901499 0.8823259
vt 0.9898998 0.8822113
vt 0.9899213 0.8822196
vt 0.9898999 0.8822113
vt 0.9898999 0.8822113
vt 0.9901498 0.8823259
vt 0.9898998 0.8822114
vt 0.9898999 0.8822114
vt 0.9898999 0.8822114
vt 0.9899001 0.8822115
vt 0.9899001 0.8822114
vt 0.9899215 0.8822196
vt 0.9901498 0.8823261
vt 0.9899215 0.8822195
vt 0.9899009 0.8823804
vt 0.9899215 0.8822194
vt 0.9901143 0.8824775
vt 0.9899009 0.8823805
vt 0.9900913 0.8824752
vt 0.9899009 0.8823807
vt 0.9900129 0.8821846
vt 0.9900757 0.8824009
vt 0.9900129 0.8821846
vt 0.9899001 0.8822116
vt 0.9900127 0.8821846
vt 0.9900587 0.8823475
vt 0.9899001 0.8822114
vt 0.9899001 0.8822114
vt 0.9899001 0.8822114
vt 0.9899001 0.8822113
vt 0.9899001 0.8822113
vt 0.9899216 0.8822195
vt 0.9899216 0.8822195
vt 0.9899215 0.8822194
vt 0.9899215 0.8822194
vt 0.9899215 0.8822194
vt 0.9899216 0.8822193
vt 0.9899009 0.8823805
vt 0.9899216 0.8822193
vt 0.9899008 0.8823807
vt 0.9899008 0.8823807
vt 0.9899008 0.8823808
vt 0.9900129 0.8821844
vt 0.9900128 0.8821844
vt 0.9899001 0.8822115
vt 0.9900127 0.8821844
vt 0.9899002 0.8822114
vt 0.9899002 0.8822114
vt 0.9899001 0.8822113
vt 0.9899001 0.8822014
vt 0.9899216 0.8822195
vt 0.9898999 0.8822014
vt 0.9899216 0.8822194
vt 0.9898999 0.8822014
vt 0.9899216 0.8822194
vt 0.9898998 0.8822014
vt 0.9899216 0.8822193
vt 0.9899008 0.8823804
vt 0.9899007 0.8823805
vt 0.9899007 0.8823805
vt 0.9900054 0.8821780
vt 0.9900129 0.8821843
vt 0.9899006 0.8823807
vt 0.9900053 0.8821780
vt 0.9900128 0.8821843
vt 0.9900053 0.8821780
vt 0.9900128 0.8821843
vt 0.9899002 0.8822114
vt 0.9900051 0.8821780
vt 0.9900127 0.8821843
vt 0.9899002 0.8822113
vt 0.9899002 0.8822113
vt 0.9899001 0.8822113
vt 0.9899001 0.8822014
vt 0.9898999 0.8822014
vt 0.9898999 0.8822014
vt 0.9898998 0.8822014
vt 0.9899008 0.8823804
vt 0.9899006 0.8823804
vt 0.9899006 0.8823804
vt 0.9900054 0.8821779
vt 0.9899005 0.8823804
vt 0.9900053 0.8821779
vt 0.9900053 0.8821779
vt 0.9899004 0.8822113
vt 0.9900051 0.8821779
vt 0.9900215 0.8821763
vt 0.9901357 0.8824113
vt 0.9900216 0.8821761
vt 0.9900219 0.8821761
vt 0.9900220 0.8821763
vt 0.9900220 0.8821766
vt 0.9900219 0.8821767
vt 0.9900216 0.8821767
vt 0.9900215 0.8821766
vt 0.9901358 0.8824114
vt 0.9898998 0.8822096
vt 0.9898998 0.8822096
vt 0.9900216 0.8821765
vt 0.9901358 0.8824113
vt 0.9898998 0.8822097
vt 0.9900216 0.8821766
vt 0.9899482 0.8823989
vt 0.9899482 0.8823988
vt 0.9900218 0.8821766
vt 0.9899482 0.8823988
vt 0.9900219 0.8821766
vt 0.9899482 0.8823987
vt 0.9899010 0.8823789
vt 0.9900219 0.8821765
vt 0.9899010 0.8823788
vt 0.9899010 0.8823788
vt 0.9899483 0.8822170
vt 0.9900219 0.8821763
vt 0.9899010 0.8823786
vt 0.9899482 0.8822170
vt 0.9900218 0.8821762
vt 0.9899482 0.8822170
vt 0.9898998 0.8822095
vt 0.9899480 0.8822170
vt 0.9900216 0.8821763
vt 0.9899000 0.8822097
vt 0.9899000 0.8822097
vt 0.9899000 0.8822097
vt 0.9899481 0.8823989
vt 0.9899481 0.8823989
vt 0.9899481 0.8823988
vt 0.9899481 0.8823988
vt 0.9899481 0.8823988
vt 0.9899481 0.8823987
vt 0.9899009 0.8823789
vt 0.9899008 0.8823788
vt 0.9899008 0.8823788
vt 0.9899483 0.8822172
vt 0.9899483 0.8822172
vt 0.9899008 0.8823786
vt 0.9899482 0.8822172
vt 0.9899482 0.8822172
vt 0.9899482 0.8822172
vt 0.9899001 0.8822095
vt 0.9899480 0.8822171
vt 0.9899001 0.8822097
vt 0.9899001 0.8822097
vt 0.9899001 0.8822097
vt 0.9899001 0.8821999
vt 0.9899481 0.8823989
vt 0.9898999 0.8821999
vt 0.9899481 0.8823988
vt 0.9898999 0.8821999
vt 0.9899481 0.8823988
vt 0.9898998 0.8821998
vt 0.9899480 0.8823987
vt 0.9899008 0.8823789
vt 0.9899007 0.8823789
vt 0.9899007 0.8823789
vt 0.9899483 0.8822173
vt 0.9900054 0.8821762
vt 0.9899006 0.8823788
vt 0.9899482 0.8822173
vt 0.9900053 0.8821761
vt 0.9899482 0.8822173
vt 0.9900053 0.8821761
vt 0.9899002 0.8822096
vt 0.9899480 0.8822173
vt 0.9900051 0.8821762
vt 0.9899001 0.8822098
vt 0.9899001 0.8822098
vt 0.9899001 0.8822098
vt 0.9899001 0.8821999
vt 0.9898999 0.8821999
vt 0.9898999 0.8821999
vt 0.9898998 0.8821999
vt 0.9899008 0.8823790
vt 0.9899006 0.8823790
vt 0.9899006 0.8823790
vt 0.9900054 0.8821763
vt 0.9899005 0.8823790
vt 0.9900053 0.8821763
vt 0.9900053 0.8821763
vt 0.9899002 0.8822097
vt 0.9900051 0.8821763
f 2224/2224 2227/2227 2234/2234
f 2224/2224 2234/2234 2231/2231
f 2248/2248 2250/2250 2245/2245
f 2248/2248 2245/2245 2242/2242
f 2244/2244 2247/2247 2240/2240
f 2244/2244 2240/2240 2237/2237
f 2253/2253 2255/2255 2229/2229
f 2253/2253 2229/2229 2226/2226
f 2249/2249 2243/2243 2236/2236
f 2249/2249 2236/2236 2252/2252
f 2260/2260 2264/2264 2279/2279
f 2260/2260 2279/2279 2269/2269
f 2326/2326 2254/2254 2239/2239
f 2239/2239 2324/2324 2284/2284
f 2303/2303 2326/2326 2239/2239
f 2239/2239 2284/2284 2303/2303
f 2232/2232 2249/2249 2252/2252
f 2232/2232 2252/2252 2225/2225
f 2238/2238 2241/2241 2255/2255
f 2238/2238 2255/2255 2253/2253
f 2230/2230 2233/2233 2250/2250
f 2230/2230 2250/2250 2248/2248
f 2251/2251 2235/2235 2259/2259
f 2251/2251 2259/2259 2257/2257
f 2235/2235 2228/2228 2263/2263
f 2235/2235 2263/2263 2259/2259
f 2228/2228 2254/2254 2267/2267
f 2228/2228 2267/2267 2263/2263
f 2254/2254 2251/2251 2257/2257
f 2254/2254 2257/2257 2267/2267
f 2258/2258 2261/2261 2270/2270
f 2258/2258 2270/2270 2273/2273
f 2262/2262 2265/2265 2274/2274
f 2262/2262 2274/2274 2277/2277
f 2266/2266 2256/2256 2271/2271
f 2266/2266 2271/2271 2275/2275
f 2276/2276 2272/2272 2268/2268
f 2276/2276 2268/2268 2278/2278
f 2299/2299 2327/2327 2375/2375
f 2299/2299 2375/2375 2368/2368
f 2319/2319 2251/2251 2254/2254
f 2254/2254 2326/2326 2298/2298
f 2317/2317 2319/2319 2254/2254
f 2254/2254 2298/2298 2317/2317
f 2324/2324 2239/2239 2246/2246
f 2246/2246 2281/2281 2297/2297
f 2314/2314 2324/2324 2246/2246
f 2246/2246 2297/2297 2314/2314
f 2281/2281 2246/2246 2251/2251
f 2251/2251 2319/2319 2290/2290
f 2292/2292 2281/2281 2251/2251
f 2251/2251 2290/2290 2292/2292
f 2287/2287 2304/2304 2311/2311
f 2287/2287 2311/2311 2309/2309
f 2287/2287 2303/2303 2284/2284
f 2287/2287 2284/2284 2304/2304
f 2290/2290 2309/2309 2311/2311
f 2290/2290 2311/2311 2292/2292
f 2304/2304 2314/2314 2297/2297
f 2304/2304 2297/2297 2311/2311
f 2298/2298 2287/2287 2309/2309
f 2298/2298 2309/2309 2317/2317
f 2302/2302 2286/2286 2358/2358
f 2302/2302 2358/2358 2362/2362
f 2283/2283 2322/2322 2370/2370
f 2283/2283 2370/2370 2355/2355
f 2305/2305 2285/2285 2357/2357
f 2305/2305 2357/2357 2350/2350
f 2344/2344 2328/2328 2332/2332
f 2344/2344 2332/2332 2348/2348
f 2359/2359 2367/2367 2374/2374
f 2359/2359 2374/2374 2363/2363
f 2353/2353 2349/2349 2356/2356
f 2353/2353 2356/2356 2372/2372
f 2338/2338 2364/2364 2341/2341
f 2338/2338 2341/2341 2336/2336
f 2282/2282 2294/2294 2366/2366
f 2282/2282 2366/2366 2339/2339
f 2325/2325 2301/2301 2361/2361
f 2325/2325 2361/2361 2373/2373
f 2288/2288 2300/2300 2369/2369
f 2288/2288 2369/2369 2360/2360
f 2320/2320 2318/2318 2333/2333
f 2320/2320 2333/2333 2329/2329
f 2293/2293 2312/2312 2342/2342
f 2293/2293 2342/2342 2365/2365
f 2291/2291 2321/2321 2330/2330
f 2291/2291 2330/2330 2345/2345
f 2296/2296 2280/2280 2337/2337
f 2296/2296 2337/2337 2335/2335
f 2316/2316 2307/2307 2346/2346
f 2316/2316 2346/2346 2331/2331
f 2310/2310 2295/2295 2334/2334
f 2310/2310 2334/2334 2340/2340
f 2315/2315 2306/2306 2351/2351
f 2315/2315 2351/2351 2354/2354
f 2308/2308 2289/2289 2343/2343
f 2308/2308 2343/2343 2347/2347
f 2323/2323 2313/2313 2352/2352
f 2323/2323 2352/2352 2371/2371
f 2443/2443 2459/2459 2442/2442
f 2443/2443 2442/2442 2441/2441
f 2379/2379 2377/2377 2380/2380
f 2386/2386 2389/2389 2385/2385
f 2587/2587 2565/2565 2563/2563
f 2587/2587 2563/2563 2585/2585
f 2390/2390 2392/2392 2389/2389
f 2394/2394 2395/2395 2392/2392
f 2448/2448 2471/2471 2467/2467
f 2399/2399 2401/2401 2395/2395
f 2385/2385 2381/2381 2386/2386
f 2404/2404 2405/2405 2400/2400
f 2389/2389 2386/2386 2390/2390
f 2407/2407 2408/2408 2405/2405
f 2392/2392 2390/2390 2394/2394
f 2411/2411 2412/2412 2408/2408
f 2395/2395 2394/2394 2399/2399
f 2416/2416 2418/2418 2412/2412
f 2400/2400 2398/2398 2404/2404
f 2422/2422 2423/2423 2419/2419
f 2405/2405 2404/2404 2407/2407
f 2425/2425 2426/2426 2423/2423
f 2408/2408 2407/2407 2411/2411
f 2427/2427 2429/2429 2426/2426
f 2412/2412 2411/2411 2416/2416
f 2431/2431 2435/2435 2429/2429
f 2419/2419 2417/2417 2422/2422
f 2436/2436 2439/2439 2434/2434
f 2423/2423 2422/2422 2425/2425
f 2485/2485 2483/2483 2465/2465
f 2485/2485 2465/2465 2466/2466
f 2380/2380 2384/2384 2379/2379
f 2505/2505 2504/2504 2480/2480
f 2505/2505 2480/2480 2481/2481
f 2440/2440 2376/2376 2439/2439
f 2444/2444 2432/2432 2446/2446
f 2444/2444 2446/2446 2464/2464
f 2424/2424 2420/2420 2448/2448
f 2446/2446 2424/2424 2448/2448
f 2446/2446 2448/2448 2467/2467
f 2414/2414 2410/2410 2451/2451
f 2447/2447 2413/2413 2450/2450
f 2447/2447 2450/2450 2470/2470
f 2406/2406 2402/2402 2452/2452
f 2450/2450 2406/2406 2452/2452
f 2450/2450 2452/2452 2472/2472
f 2396/2396 2393/2393 2455/2455
f 2453/2453 2396/2396 2455/2455
f 2453/2453 2455/2455 2475/2475
f 2391/2391 2387/2387 2457/2457
f 2455/2455 2391/2391 2457/2457
f 2455/2455 2457/2457 2476/2476
f 2382/2382 2378/2378 2442/2442
f 2456/2456 2382/2382 2442/2442
f 2456/2456 2442/2442 2477/2477
f 2495/2495 2491/2491 2472/2472
f 2495/2495 2472/2472 2474/2474
f 2499/2499 2494/2494 2475/2475
f 2499/2499 2475/2475 2476/2476
f 2450/2450 2473/2473 2470/2470
f 2502/2502 2497/2497 2476/2476
f 2502/2502 2476/2476 2478/2478
f 2489/2489 2487/2487 2468/2468
f 2489/2489 2468/2468 2469/2469
f 2492/2492 2490/2490 2470/2470
f 2492/2492 2470/2470 2473/2473
f 2455/2455 2476/2476 2475/2475
f 2512/2512 2510/2510 2490/2490
f 2512/2512 2490/2490 2492/2492
f 2457/2457 2478/2478 2476/2476
f 2600/2600 2599/2599 2504/2504
f 2600/2600 2504/2504 2505/2505
f 2509/2509 2508/2508 2486/2486
f 2509/2509 2486/2486 2488/2488
f 2514/2514 2511/2511 2491/2491
f 2514/2514 2491/2491 2495/2495
f 2516/2516 2513/2513 2493/2493
f 2516/2516 2493/2493 2498/2498
f 2518/2518 2515/2515 2496/2496
f 2518/2518 2496/2496 2501/2501
f 2602/2602 2601/2601 2506/2506
f 2602/2602 2506/2506 2507/2507
f 2598/2598 2612/2612 2517/2517
f 2598/2598 2517/2517 2503/2503
f 2609/2609 2606/2606 2511/2511
f 2609/2609 2511/2511 2514/2514
f 2607/2607 2605/2605 2510/2510
f 2607/2607 2510/2510 2512/2512
f 2611/2611 2608/2608 2513/2513
f 2611/2611 2513/2513 2516/2516
f 2613/2613 2610/2610 2515/2515
f 2613/2613 2515/2515 2518/2518
f 2554/2554 2572/2572 2595/2595
f 2554/2554 2595/2595 2574/2574
f 2584/2584 2562/2562 2561/2561
f 2584/2584 2561/2561 2582/2582
f 2528/2528 2520/2520 2532/2532
f 2526/2526 2527/2527 2534/2534
f 2523/2523 2524/2524 2542/2542
f 2521/2521 2522/2522 2549/2549
f 2522/2522 2523/2523 2546/2546
f 2525/2525 2526/2526 2537/2537
f 2524/2524 2525/2525 2539/2539
f 2443/2443 2463/2463 2461/2461
f 2507/2507 2506/2506 2482/2482
f 2507/2507 2482/2482 2484/2484
f 2573/2573 2552/2552 2548/2548
f 2573/2573 2548/2548 2569/2569
f 2477/2477 2442/2442 2459/2459
f 2519/2519 2521/2521 2553/2553
f 2376/2376 2440/2440 2377/2377
f 2539/2539 2525/2525 2537/2537
f 2604/2604 2603/2603 2508/2508
f 2604/2604 2508/2508 2509/2509
f 2571/2571 2550/2550 2545/2545
f 2571/2571 2545/2545 2567/2567
f 2534/2534 2527/2527 2531/2531
f 2439/2439 2436/2436 2440/2440
f 2432/2432 2428/2428 2446/2446
f 2568/2568 2547/2547 2543/2543
f 2568/2568 2543/2543 2564/2564
f 2565/2565 2544/2544 2541/2541
f 2565/2565 2541/2541 2563/2563
f 2562/2562 2540/2540 2538/2538
f 2562/2562 2538/2538 2561/2561
f 2559/2559 2536/2536 2535/2535
f 2559/2559 2535/2535 2557/2557
f 2556/2556 2533/2533 2530/2530
f 2556/2556 2530/2530 2555/2555
f 2529/2529 2551/2551 2572/2572
f 2529/2529 2572/2572 2554/2554
f 2580/2580 2560/2560 2558/2558
f 2580/2580 2558/2558 2578/2578
f 2590/2590 2568/2568 2564/2564
f 2590/2590 2564/2564 2586/2586
f 2549/2549 2522/2522 2546/2546
f 2546/2546 2523/2523 2542/2542
f 2576/2576 2575/2575 2599/2599
f 2576/2576 2599/2599 2600/2600
f 2593/2593 2570/2570 2566/2566
f 2593/2593 2566/2566 2588/2588
f 2596/2596 2573/2573 2569/2569
f 2596/2596 2569/2569 2591/2591
f 2542/2542 2524/2524 2539/2539
f 2553/2553 2521/2521 2549/2549
f 2574/2574 2595/2595 2612/2612
f 2574/2574 2612/2612 2598/2598
f 2579/2579 2577/2577 2601/2601
f 2579/2579 2601/2601 2602/2602
f 2590/2590 2586/2586 2606/2606
f 2590/2590 2606/2606 2609/2609
f 2587/2587 2585/2585 2605/2605
f 2587/2587 2605/2605 2607/2607
f 2594/2594 2589/2589 2608/2608
f 2594/2594 2608/2608 2611/2611
f 2597/2597 2592/2592 2610/2610
f 2597/2597 2610/2610 2613/2613
f 2576/2576 2556/2556 2555/2555
f 2576/2576 2555/2555 2575/2575
f 2583/2583 2581/2581 2603/2603
f 2583/2583 2603/2603 2604/2604
f 2531/2531 2519/2519 2553/2553
f 2537/2537 2526/2526 2534/2534
f 2481/2481 2480/2480 2460/2460
f 2481/2481 2460/2460 2462/2462
f 2503/2503 2517/2517 2500/2500
f 2503/2503 2500/2500 2479/2479
f 2455/2455 2393/2393 2391/2391
f 2446/2446 2467/2467 2464/2464
f 2449/2449 2421/2421 2415/2415
f 2445/2445 2438/2438 2433/2433
f 2441/2441 2437/2437 2443/2443
f 2442/2442 2378/2378 2441/2441
f 2429/2429 2427/2427 2431/2431
f 2479/2479 2500/2500 2477/2477
f 2479/2479 2477/2477 2459/2459
f 2450/2450 2409/2409 2406/2406
f 2446/2446 2428/2428 2424/2424
f 2458/2458 2388/2388 2383/2383
f 2454/2454 2403/2403 2397/2397
f 2426/2426 2425/2425 2427/2427
f 2452/2452 2474/2474 2472/2472
f 2434/2434 2430/2430 2436/2436
f 2377/2377 2379/2379 2376/2376
o mesh_3
usemtl house3_3
v -0.3548333 0.4697448 0.4531473
v -0.7386642 0.4697448 0.4531473
v -0.3548333 0.4658124 0.4700304
v -0.7386642 0.4658125 0.4700302
v -0.3548333 0.4568555 0.4848716
v -0.7386623 0.4568555 0.4848716
v -0.3548333 0.4437506 0.4962188
v -0.7386623 0.4437507 0.4962188
v -0.7386623 0.3715643 0.5043794
v -0.3548315 0.3715642 0.5043794
v -0.3548315 0.4192030 0.5043794
v -0.7386623 0.4192030 0.5043794
v 0.3548333 0.4697448 0.4531473
v 0.7386642 0.4697448 0.4531473
v 0.3548333 0.4658124 0.4700304
v 0.7386642 0.4658125 0.4700302
v 0.3548333 0.4568555 0.4848716
v 0.7386623 0.4568555 0.4848716
v 0.3548333 0.4437506 0.4962188
v 0.7386623 0.4437507 0.4962188
v 0.7386623 0.3715643 0.5043794
v 0.3548315 0.3715642 0.5043794
v 0.3548315 0.4192030 0.5043794
v 0.7386623 0.4192030 0.5043794
vt 0.0237730 0.5385121
vt 0.4270869 0.5385123
vt 0.0237731 0.6005148
vt 0.4270869 0.6005142
vt 0.0237730 0.6625163
vt 0.4270849 0.6625163
vt 0.0237730 0.7245184
vt 0.4270849 0.7245183
vt 0.4270849 0.9874348
vt 0.0237711 0.9874350
vt 0.0237711 0.8170435
vt 0.4270849 0.8170434
vt 0.0237730 0.5385121
vt 0.4270869 0.5385123
vt 0.0237731 0.6005148
vt 0.4270869 0.6005142
vt 0.0237730 0.6625163
vt 0.4270849 0.6625163
vt 0.0237730 0.7245184
vt 0.4270849 0.7245183
vt 0.4270849 0.9874348
vt 0.0237711 0.9874350
vt 0.0237711 0.8170435
vt 0.4270849 0.8170434
f 2614/2614 2615/2615 2617/2617
f 2614/2614 2617/2617 2616/2616
f 2624/2624 2625/2625 2622/2622
f 2624/2624 2622/2622 2623/2623
f 2620/2620 2621/2621 2625/2625
f 2620/2620 2625/2625 2624/2624
f 2618/2618 2619/2619 2621/2621
f 2618/2618 2621/2621 2620/2620
f 2617/2617 2619/2619 2618/2618
f 2617/2617 2618/2618 2616/2616
f 2626/2626 2628/2628 2629/2629
f 2626/2626 2629/2629 2627/2627
f 2636/2636 2635/2635 2634/2634
f 2636/2636 2634/2634 2637/2637
f 2632/2632 2636/2636 2637/2637
f 2632/2632 2637/2637 2633/2633
f 2630/2630 2632/2632 2633/2633
f 2630/2630 2633/2633 2631/2631
f 2629/2629 2628/2628 2630/2630
f 2629/2629 2630/2630 2631/2631