mtllib house6.mtl
o mesh_0
usemtl house6_0
v 0.5791238 0.1464266 -0.1359815
v 0.5791238 0.1464266 -0.1359815
v 0.5791238 0.1464266 -0.1359815
v 0.5791238 0.3763086 -0.1359815
v 0.5791238 0.3763086 -0.1359815
v 0.5791238 0.3763086 -0.1359815
v 0.4574215 0.1475597 0.3499511
v 0.4574215 0.1475597 0.3499511
v 0.4574215 0.1475597 0.3499511
v 0.4574215 0.3751756 0.3499511
v 0.4574215 0.3751756 0.3499511
v 0.4574215 0.3751756 0.3499511
v -0.5647832 0.0000104 -0.3500164
v -0.5647832 0.0000104 -0.3500164
v -0.5647832 0.0000104 -0.3500164
v -0.5647832 0.5227249 -0.3500164
v -0.5647832 0.5227249 -0.3500164
v -0.4213788 0.0000104 0.3499511
v -0.4213788 0.0000104 0.3499511
v -0.4213788 0.0000104 0.3499511
v -0.4213788 0.4571779 0.3499511
v -0.4213788 0.4571779 0.3499511
v -0.4213788 0.4571779 0.3499511
v -0.1363867 0.0000104 0.3499511
v -0.1363867 0.0000104 0.3499511
v -0.1363867 0.0000104 0.3499511
v -0.1363867 0.4571779 0.3499511
v -0.1363867 0.4571779 0.3499511
v -0.1363867 0.4571779 0.3499511
v 0.0070177 0.0000104 -0.3500163
v 0.0070177 0.0000104 -0.3500163
v 0.0070177 0.5227249 -0.3500163
v 0.1284149 0.3751756 0.3499511
v 0.1284149 0.3751756 0.3499511
v 0.1284149 0.3751756 0.3499511
v -0.4433860 0.6213717 0.3499511
v -0.4433860 0.6213717 0.3499511
v -0.4433860 0.6213717 0.3499511
v -0.5647832 0.0000104 0.3499511
v -0.5647832 0.0000104 0.3499511
v -0.5647832 0.0000104 0.3499511
v 0.1284149 0.1475597 0.3499511
v 0.1284149 0.1475597 0.3499511
v 0.1284149 0.1475597 0.3499511
v -0.4213788 0.0000104 0.3573973
v -0.4213788 0.0000104 0.3573973
v -0.4213788 0.0000104 0.3573973
v -0.1363867 0.0000104 0.3573973
v -0.1363867 0.0000104 0.3573973
v -0.1363867 0.0000104 0.3573973
v -0.1646784 0.4288858 0.3573973
v -0.1646784 0.4288858 0.3573973
v -0.1646784 0.4288858 0.3573973
v -0.3930852 0.4288858 0.3573973
v -0.3930852 0.4288858 0.3573973
v -0.3930852 0.4288858 0.3573973
v -0.1363867 0.4571779 0.3573973
v -0.1363867 0.4571779 0.3573973
v -0.1363867 0.4571779 0.3573973
v -0.4213788 0.4571779 0.3573973
v -0.4213788 0.4571779 0.3573973
v -0.4213788 0.4571779 0.3573973
v -0.3930852 0.0000104 0.3573973
v -0.3930852 0.0000104 0.3573973
v -0.3930852 0.0000104 0.3573973
v -0.1646784 0.0000104 0.3573973
v -0.1646784 0.0000104 0.3573973
v -0.1646784 0.0000104 0.3573973
v -0.3930852 0.0000104 0.3313652
v -0.3930852 0.0000104 0.3313652
v -0.3930852 0.0000104 0.3313652
v -0.1646784 0.0000104 0.3313652
v -0.1646784 0.0000104 0.3313652
v -0.1646784 0.0000104 0.3313652
v -0.1646784 0.4288858 0.3313652
v -0.1646784 0.4288858 0.3313652
v -0.1646784 0.4288858 0.3313652
v -0.3930852 0.4288858 0.3313652
v -0.3930852 0.4288858 0.3313652
v -0.3930852 0.4288858 0.3313652
v 0.5788187 0.5904710 -0.3500162
v 0.5788187 0.5904710 -0.3500162
v 0.5788187 0.5904710 -0.3500162
v 0.5788187 0.5904710 0.3499511
v 0.5788187 0.5904710 0.3499511
v 0.5788187 0.5904710 0.3499511
v -0.1143794 0.8489875 0.3499511
v -0.1143794 0.8489875 0.3499511
v -0.1143794 0.8489875 0.3499511
v -0.4433860 0.8489875 0.3499511
v -0.4433860 0.8489875 0.3499511
v -0.4433860 0.8489875 0.3499511
v 0.0070177 0.9703846 -0.3500163
v 0.0070177 0.9703846 -0.3500163
v 0.0070177 0.9703846 -0.3500163
v 0.2762783 0.1475597 0.3499511
v 0.2762783 0.1475597 0.3499511
v 0.2762783 0.5227249 -0.3500163
v 0.2762783 0.3751756 0.3499511
v 0.2762783 0.3751756 0.3499511
v 0.2762783 0.0000104 -0.3500163
v 0.2762783 0.0000104 -0.3500163
v 0.2762783 0.5904710 -0.3500163
v 0.2762783 0.5904710 -0.3500163
v 0.2762783 0.5904710 -0.3500163
v 0.2762783 0.5904710 0.3499511
v 0.2762783 0.5904710 0.3499511
v 0.2762783 0.5904710 0.3499511
v 0.5791238 0.3763086 0.1907472
v 0.5791238 0.3763086 0.1907472
v 0.5791238 0.3763086 0.1907472
v 0.5791238 0.1464266 0.1907472
v 0.5791238 0.1464266 0.1907472
v 0.5791238 0.1464266 0.1907472
v 0.2762783 0.0000104 0.3499511
v 0.2762783 0.0000104 0.3499511
v -0.5647832 0.5227249 0.3499511
v -0.5647832 0.5227249 0.3499511
v 0.0070177 0.5227249 0.3499511
v -0.1143794 0.6213717 0.3499511
v -0.1143794 0.6213717 0.3499511
v -0.1143794 0.6213717 0.3499511
v 0.2762783 0.5227249 0.3499511
v 0.0070177 0.0000104 0.3499511
v 0.0070177 0.0000104 0.3499511
v 0.0070177 0.9703846 0.3499511
v 0.0070177 0.9703846 0.3499511
v 0.0070177 0.9703846 0.3499511
v 0.4412843 0.3590398 0.3631203
v 0.4412843 0.3590398 0.3631203
v 0.4412843 0.3590398 0.3631203
v 0.4412843 0.1636955 0.3631203
v 0.4412843 0.1636955 0.3631203
v 0.4412843 0.1636955 0.3631203
v 0.2762783 0.1636956 0.3631201
v 0.2762783 0.1636956 0.3631201
v -0.1305149 0.6375075 0.3631201
v -0.1305149 0.6375075 0.3631201
v -0.1305149 0.6375075 0.3631201
v -0.4272505 0.6375075 0.3631201
v -0.4272505 0.6375075 0.3631201
v -0.4272505 0.6375075 0.3631201
v 0.2762783 0.3590398 0.3631201
v 0.2762783 0.3590398 0.3631201
v 0.1445504 0.3590398 0.3631201
v 0.1445504 0.3590398 0.3631201
v 0.1445504 0.3590398 0.3631201
v -0.4272505 0.8328516 0.3631201
v -0.4272505 0.8328516 0.3631201
v -0.4272505 0.8328516 0.3631201
v 0.1445504 0.1636955 0.3631201
v 0.1445504 0.1636955 0.3631201
v 0.1445504 0.1636955 0.3631201
v -0.1305149 0.8328516 0.3631201
v -0.1305149 0.8328516 0.3631201
v -0.1305149 0.8328516 0.3631201
v 0.4574215 0.3751756 0.3631203
v 0.4574215 0.3751756 0.3631203
v 0.4574215 0.3751756 0.3631203
v 0.4574215 0.1475597 0.3631203
v 0.4574215 0.1475597 0.3631203
v 0.4574215 0.1475597 0.3631203
v 0.2762783 0.1475597 0.3631201
v 0.2762783 0.1475597 0.3631201
v -0.1143794 0.6213717 0.3631201
v -0.1143794 0.6213717 0.3631201
v -0.1143794 0.6213717 0.3631201
v -0.4433860 0.6213717 0.3631201
v -0.4433860 0.6213717 0.3631201
v -0.4433860 0.6213717 0.3631201
v 0.2762783 0.3751756 0.3631201
v 0.2762783 0.3751756 0.3631201
v 0.1284149 0.3751756 0.3631201
v 0.1284149 0.3751756 0.3631201
v 0.1284149 0.3751756 0.3631201
v -0.4433860 0.8489875 0.3631201
v -0.4433860 0.8489875 0.3631201
v -0.4433860 0.8489875 0.3631201
v 0.1284149 0.1475597 0.3631201
v 0.1284149 0.1475597 0.3631201
v 0.1284149 0.1475597 0.3631201
v -0.1143794 0.8489875 0.3631201
v -0.1143794 0.8489875 0.3631201
v -0.1143794 0.8489875 0.3631201
v 0.4412843 0.3590398 0.3242753
v 0.4412843 0.3590398 0.3242753
v 0.4412843 0.3590398 0.3242753
v 0.4412843 0.1636955 0.3242753
v 0.4412843 0.1636955 0.3242753
v 0.4412843 0.1636955 0.3242753
v 0.2762783 0.1636956 0.3242753
v 0.2762783 0.1636956 0.3242753
v -0.1305149 0.6375075 0.3242751
v -0.1305149 0.6375075 0.3242751
v -0.1305149 0.6375075 0.3242751
v -0.4272505 0.6375075 0.3242751
v -0.4272505 0.6375075 0.3242751
v -0.4272505 0.6375075 0.3242751
v 0.2762783 0.3590398 0.3242753
v 0.2762783 0.3590398 0.3242753
v 0.1445504 0.3590398 0.3242753
v 0.1445504 0.3590398 0.3242753
v 0.1445504 0.3590398 0.3242753
v -0.4272505 0.8328516 0.3242751
v -0.4272505 0.8328516 0.3242751
v -0.4272505 0.8328516 0.3242751
v 0.1445504 0.1636955 0.3242753
v 0.1445504 0.1636955 0.3242753
v 0.1445504 0.1636955 0.3242753
v -0.1305149 0.8328516 0.3242751
v -0.1305149 0.8328516 0.3242751
v -0.1305149 0.8328516 0.3242751
v -0.5647832 0.8444806 -0.3500164
v -0.5647832 0.8444806 -0.3500164
v -0.5647832 0.8444806 -0.3500164
v -0.4388794 0.9703846 -0.3500163
v -0.4388794 0.9703846 -0.3500163
v -0.4388794 0.9703846 -0.3500163
v -0.4388794 0.9703846 0.3499511
v -0.4388794 0.9703846 0.3499511
v -0.4388794 0.9703846 0.3499511
v -0.5647832 0.8444806 0.3499511
v -0.5647832 0.8444806 0.3499511
v -0.5647832 0.8444806 0.3499511
v -0.4757558 0.8813570 0.3499511
v 0.5788187 0.0000104 0.3499511
v 0.5788187 0.0000104 0.3499511
v 0.5788187 0.0000104 0.3499511
v 0.5788187 0.0000104 -0.3500162
v 0.5788187 0.0000104 -0.3500162
v 0.5788187 0.0000104 -0.3500162
v 0.5788187 0.5227249 -0.3500162
v 0.5788187 0.5227249 -0.3500162
v 0.5788187 0.5227249 0.3499511
v 0.5788187 0.5227249 0.3499511
v 0.5924918 0.1636956 0.1757501
v 0.5924918 0.1636956 0.1757501
v 0.5924918 0.1636956 0.1757501
v 0.5924918 0.1636956 -0.1209845
v 0.5924918 0.1636956 -0.1209845
v 0.5924918 0.1636956 -0.1209845
v 0.5924918 0.3590398 -0.1209845
v 0.5924918 0.3590398 -0.1209845
v 0.5924918 0.3590398 -0.1209845
v 0.5924918 0.3590398 0.1757501
v 0.5924918 0.3590398 0.1757501
v 0.5924918 0.3590398 0.1757501
v 0.5921849 0.1464266 0.1907472
v 0.5921849 0.1464266 0.1907472
v 0.5921849 0.1464266 0.1907472
v 0.5921849 0.1464266 -0.1359815
v 0.5921849 0.1464266 -0.1359815
v 0.5921849 0.1464266 -0.1359815
v 0.5921849 0.3763086 -0.1359815
v 0.5921849 0.3763086 -0.1359815
v 0.5921849 0.3763086 -0.1359815
v 0.5921849 0.3763086 0.1907472
v 0.5921849 0.3763086 0.1907472
v 0.5921849 0.3763086 0.1907472
v 0.5536471 0.1636956 0.1757501
v 0.5536471 0.1636956 0.1757501
v 0.5536471 0.1636956 0.1757501
v 0.5536471 0.1636956 -0.1209845
v 0.5536471 0.1636956 -0.1209845
v 0.5536471 0.1636956 -0.1209845
v 0.5536471 0.3590398 -0.1209845
v 0.5536471 0.3590398 -0.1209845
v 0.5536471 0.3590398 -0.1209845
v 0.5536471 0.3590398 0.1757501
v 0.5536471 0.3590398 0.1757501
v 0.5536471 0.3590398 0.1757501
v 0.1766732 0.7241787 -0.3088651
v 0.1766732 0.7241787 -0.3088651
v 0.1766732 0.7241787 -0.3088651
v 0.1766732 0.7438699 -0.3088651
v 0.1766732 0.7438699 -0.3088651
v 0.1766732 0.7438699 -0.3088651
v 0.1766732 0.7241786 0.3123719
v 0.1766732 0.7241786 0.3123719
v 0.1766732 0.7241786 0.3123719
v 0.1766732 0.7438699 0.3123719
v 0.1766732 0.7438699 0.3123719
v 0.1766732 0.7438699 0.3123719
v 0.5379102 0.7241786 0.3123719
v 0.5379102 0.7241786 0.3123719
v 0.5379102 0.7438699 0.3123719
v 0.5379102 0.7438699 0.3123719
v 0.5379102 0.7241786 -0.3088650
v 0.5379102 0.7241786 -0.3088650
v 0.5379102 0.7438699 -0.3088650
v 0.5379102 0.7438699 -0.3088650
v 0.5766403 0.7241787 -0.3475948
v 0.5766403 0.7241787 -0.3475948
v 0.5766403 0.7241787 -0.3475948
v 0.5806707 0.7282081 -0.3516242
v 0.5806707 0.7282081 -0.3516242
v 0.5806707 0.7282081 -0.3516242
v 0.5806707 0.7282081 -0.3516242
v 0.5766403 0.7438699 -0.3475948
v 0.5766403 0.7438699 -0.3475948
v 0.5766403 0.7438699 -0.3475948
v 0.5806707 0.7398405 -0.3516242
v 0.5806707 0.7398405 -0.3516242
v 0.5806707 0.7398405 -0.3516242
v 0.5806707 0.7398405 -0.3516242
v 0.5806707 0.7282081 -0.3088651
v 0.5806707 0.7282081 -0.3088651
v 0.5806707 0.7282081 -0.3088651
v 0.5766403 0.7241787 -0.3088651
v 0.5766403 0.7241787 -0.3088651
v 0.5766403 0.7241787 -0.3088651
v 0.1766732 0.7282081 -0.3516242
v 0.1766732 0.7282081 -0.3516242
v 0.1766732 0.7282081 -0.3516242
v 0.1766732 0.7241787 -0.3475948
v 0.1766732 0.7241787 -0.3475948
v 0.1766732 0.7241787 -0.3475948
v 0.1766732 0.7438699 -0.3475948
v 0.1766732 0.7438699 -0.3475948
v 0.1766732 0.7438699 -0.3475948
v 0.1766732 0.7398405 -0.3516242
v 0.1766732 0.7398405 -0.3516242
v 0.1766732 0.7398405 -0.3516242
v 0.5806707 0.7398404 0.3123719
v 0.5806707 0.7398404 0.3123719
v 0.5806707 0.7398404 0.3123719
v 0.5766403 0.7438699 0.3123719
v 0.5766403 0.7438699 0.3123719
v 0.5766403 0.7438699 0.3123719
v 0.5766403 0.7438699 0.3123719
v 0.5766403 0.7241786 0.3511016
v 0.5766403 0.7241786 0.3511016
v 0.5766403 0.7241786 0.3511016
v 0.5806707 0.7282081 0.3551310
v 0.5806707 0.7282081 0.3551310
v 0.5806707 0.7282081 0.3551310
v 0.5806707 0.7282081 0.3551310
v 0.5766403 0.7438699 0.3511016
v 0.5766403 0.7438699 0.3511016
v 0.5766403 0.7438699 0.3511016
v 0.5806707 0.7398404 0.3551310
v 0.5806707 0.7398404 0.3551310
v 0.5806707 0.7398404 0.3551310
v 0.5806707 0.7398404 0.3551310
v 0.1766732 0.7241786 0.3511016
v 0.1766732 0.7241786 0.3511016
v 0.1766732 0.7241786 0.3511016
v 0.1766732 0.7282081 0.3551310
v 0.1766732 0.7282081 0.3551310
v 0.1766732 0.7282081 0.3551310
v 0.1766732 0.7398404 0.3551310
v 0.1766732 0.7398404 0.3551310
v 0.1766732 0.7398404 0.3551310
v 0.1766732 0.7438699 0.3511016
v 0.1766732 0.7438699 0.3511016
v 0.1766732 0.7438699 0.3511016
v 0.5806707 0.7282081 0.3123719
v 0.5806707 0.7282081 0.3123719
v 0.5806707 0.7282081 0.3123719
v 0.5766403 0.7241786 0.3123719
v 0.5766403 0.7241786 0.3123719
v 0.5766403 0.7241786 0.3123719
v 0.5806707 0.7398404 -0.3088650
v 0.5806707 0.7398404 -0.3088650
v 0.5806707 0.7398404 -0.3088650
v 0.5766403 0.7438699 -0.3088650
v 0.5766403 0.7438699 -0.3088650
v 0.5766403 0.7438699 -0.3088650
v 0.5766403 0.7438699 -0.3088650
v 0.3295882 0.5904710 -0.3438679
v 0.3295882 0.5904710 -0.3438679
v 0.3295882 0.5904710 -0.3438679
v 0.3295882 0.7340790 -0.3438679
v 0.3295882 0.7340790 -0.3438679
v 0.3295882 0.7340790 -0.3438679
v 0.3527913 0.5904710 -0.3438679
v 0.3527913 0.5904710 -0.3438679
v 0.3527913 0.5904710 -0.3438679
v 0.3527913 0.7340790 -0.3438679
v 0.3527913 0.7340790 -0.3438679
v 0.3527913 0.7340790 -0.3438679
v 0.3295882 0.5904710 -0.3206644
v 0.3295882 0.5904710 -0.3206644
v 0.3295882 0.5904710 -0.3206644
v 0.3295882 0.7340790 -0.3206644
v 0.3295882 0.7340790 -0.3206644
v 0.3295882 0.7340790 -0.3206644
v 0.3527913 0.5904710 -0.3206644
v 0.3527913 0.5904710 -0.3206644
v 0.3527913 0.5904710 -0.3206644
v 0.3527913 0.7340790 -0.3206644
v 0.3527913 0.7340790 -0.3206644
v 0.3527913 0.7340790 -0.3206644
v 0.5748483 0.5904710 0.3223018
v 0.5748483 0.5904710 0.3223018
v 0.5748483 0.5904710 0.3223018
v 0.5748483 0.7340790 0.3223018
v 0.5748483 0.7340790 0.3223018
v 0.5748483 0.7340790 0.3223018
v 0.5748483 0.5904710 0.3455052
v 0.5748483 0.5904710 0.3455052
v 0.5748483 0.5904710 0.3455052
v 0.5748483 0.7340790 0.3455052
v 0.5748483 0.7340790 0.3455052
v 0.5748483 0.7340790 0.3455052
v 0.5516451 0.5904710 0.3223018
v 0.5516451 0.5904710 0.3223018
v 0.5516451 0.5904710 0.3223018
v 0.5516451 0.7340790 0.3223018
v 0.5516451 0.7340790 0.3223018
v 0.5516451 0.7340790 0.3223018
v 0.5516451 0.5904710 0.3455052
v 0.5516451 0.5904710 0.3455052
v 0.5516451 0.5904710 0.3455052
v 0.5516451 0.7340790 0.3455052
v 0.5516451 0.7340790 0.3455052
v 0.5516451 0.7340790 0.3455052
v 0.5748483 0.5904710 0.1002453
v 0.5748483 0.5904710 0.1002453
v 0.5748483 0.5904710 0.1002453
v 0.5748483 0.7340790 0.1002453
v 0.5748483 0.7340790 0.1002453
v 0.5748483 0.7340790 0.1002453
v 0.5748483 0.5904710 0.1234486
v 0.5748483 0.5904710 0.1234486
v 0.5748483 0.5904710 0.1234486
v 0.5748483 0.7340790 0.1234486
v 0.5748483 0.7340790 0.1234486
v 0.5748483 0.7340790 0.1234486
v 0.5516451 0.5904710 0.1002453
v 0.5516451 0.5904710 0.1002453
v 0.5516451 0.5904710 0.1002453
v 0.5516451 0.7340790 0.1002453
v 0.5516451 0.7340790 0.1002453
v 0.5516451 0.7340790 0.1002453
v 0.5516451 0.5904710 0.1234486
v 0.5516451 0.5904710 0.1234486
v 0.5516451 0.5904710 0.1234486
v 0.5516451 0.7340790 0.1234486
v 0.5516451 0.7340790 0.1234486
v 0.5516451 0.7340790 0.1234486
v 0.5748483 0.5904710 -0.1218113
v 0.5748483 0.5904710 -0.1218113
v 0.5748483 0.5904710 -0.1218113
v 0.5748483 0.7340790 -0.1218113
v 0.5748483 0.7340790 -0.1218113
v 0.5748483 0.7340790 -0.1218113
v 0.5748483 0.5904710 -0.0986079
v 0.5748483 0.5904710 -0.0986079
v 0.5748483 0.5904710 -0.0986079
v 0.5748483 0.7340790 -0.0986079
v 0.5748483 0.7340790 -0.0986079
v 0.5748483 0.7340790 -0.0986079
v 0.5516451 0.5904710 -0.1218113
v 0.5516451 0.5904710 -0.1218113
v 0.5516451 0.5904710 -0.1218113
v 0.5516451 0.7340790 -0.1218113
v 0.5516451 0.7340790 -0.1218113
v 0.5516451 0.7340790 -0.1218113
v 0.5516451 0.5904710 -0.0986079
v 0.5516451 0.5904710 -0.0986079
v 0.5516451 0.5904710 -0.0986079
v 0.5516451 0.7340790 -0.0986079
v 0.5516451 0.7340790 -0.0986079
v 0.5516451 0.7340790 -0.0986079
v 0.5748483 0.5904710 -0.3438678
v 0.5748483 0.5904710 -0.3438678
v 0.5748483 0.5904710 -0.3438678
v 0.5748483 0.7340790 -0.3438678
v 0.5748483 0.7340790 -0.3438678
v 0.5748483 0.7340790 -0.3438678
v 0.5748483 0.5904710 -0.3206644
v 0.5748483 0.5904710 -0.3206644
v 0.5748483 0.5904710 -0.3206644
v 0.5748483 0.7340790 -0.3206644
v 0.5748483 0.7340790 -0.3206644
v 0.5748483 0.7340790 -0.3206644
v 0.5516451 0.5904710 -0.3438678
v 0.5516451 0.5904710 -0.3438678
v 0.5516451 0.5904710 -0.3438678
v 0.5516451 0.7340790 -0.3438678
v 0.5516451 0.7340790 -0.3438678
v 0.5516451 0.7340790 -0.3438678
v 0.5516451 0.5904710 -0.3206644
v 0.5516451 0.5904710 -0.3206644
v 0.5516451 0.5904710 -0.3206644
v 0.5516451 0.7340790 -0.3206644
v 0.5516451 0.7340790 -0.3206644
v 0.5516451 0.7340790 -0.3206644
v 0.3295882 0.5904710 0.3223016
v 0.3295882 0.5904710 0.3223016
v 0.3295882 0.5904710 0.3223016
v 0.3295882 0.7340790 0.3223016
v 0.3295882 0.7340790 0.3223016
v 0.3295882 0.7340790 0.3223016
v 0.3527913 0.5904710 0.3223016
v 0.3527913 0.5904710 0.3223016
v 0.3527913 0.5904710 0.3223016
v 0.3527913 0.7340790 0.3223016
v 0.3527913 0.7340790 0.3223016
v 0.3527913 0.7340790 0.3223016
v 0.3295882 0.5904710 0.3455052
v 0.3295882 0.5904710 0.3455052
v 0.3295882 0.5904710 0.3455052
v 0.3295882 0.7340790 0.3455052
v 0.3295882 0.7340790 0.3455052
v 0.3295882 0.7340790 0.3455052
v 0.3527913 0.5904710 0.3455052
v 0.3527913 0.5904710 0.3455052
v 0.3527913 0.5904710 0.3455052
v 0.3527913 0.7340790 0.3455052
v 0.3527913 0.7340790 0.3455052
v 0.3527913 0.7340790 0.3455052
v 0.5648174 0.6536606 -0.3331957
v 0.5648174 0.6536606 -0.3331957
v 0.5648174 0.6536606 -0.3331957
v 0.5648174 0.6865778 -0.3331957
v 0.5648174 0.6865778 -0.3331957
v 0.5648174 0.6865778 -0.3331957
v 0.5648174 0.6536606 -0.3298754
v 0.5648174 0.6536606 -0.3298754
v 0.5648174 0.6536606 -0.3298754
v 0.5648174 0.6865778 -0.3298754
v 0.5648174 0.6865778 -0.3298754
v 0.5648174 0.6865778 -0.3298754
v 0.2142198 0.6536606 -0.3331958
v 0.2142198 0.6536606 -0.3331958
v 0.2142198 0.6536606 -0.3331958
v 0.2142198 0.6865778 -0.3331958
v 0.2142198 0.6865778 -0.3331958
v 0.2142198 0.6865778 -0.3331958
v 0.2142198 0.6536606 -0.3298754
v 0.2142198 0.6536606 -0.3298754
v 0.2142198 0.6536606 -0.3298754
v 0.2142198 0.6865778 -0.3298754
v 0.2142198 0.6865778 -0.3298754
v 0.2142198 0.6865778 -0.3298754
v 0.5648174 0.6117839 -0.3331957
v 0.5648174 0.6117839 -0.3331957
v 0.5648174 0.6117839 -0.3331957
v 0.5648174 0.6447010 -0.3331957
v 0.5648174 0.6447010 -0.3331957
v 0.5648174 0.6447010 -0.3331957
v 0.5648174 0.6117839 -0.3298754
v 0.5648174 0.6117839 -0.3298754
v 0.5648174 0.6117839 -0.3298754
v 0.5648174 0.6447010 -0.3298754
v 0.5648174 0.6447010 -0.3298754
v 0.5648174 0.6447010 -0.3298754
v 0.2142198 0.6117839 -0.3331958
v 0.2142198 0.6117839 -0.3331958
v 0.2142198 0.6117839 -0.3331958
v 0.2142198 0.6447010 -0.3331958
v 0.2142198 0.6447010 -0.3331958
v 0.2142198 0.6447010 -0.3331958
v 0.2142198 0.6117839 -0.3298754
v 0.2142198 0.6117839 -0.3298754
v 0.2142198 0.6117839 -0.3298754
v 0.2142198 0.6447010 -0.3298754
v 0.2142198 0.6447010 -0.3298754
v 0.2142198 0.6447010 -0.3298754
v 0.5648174 0.6536606 0.3320302
v 0.5648174 0.6536606 0.3320302
v 0.5648174 0.6536606 0.3320302
v 0.5648174 0.6865777 0.3320302
v 0.5648174 0.6865777 0.3320302
v 0.5648174 0.6865777 0.3320302
v 0.5648174 0.6536606 0.3353506
v 0.5648174 0.6536606 0.3353506
v 0.5648174 0.6536606 0.3353506
v 0.5648174 0.6865777 0.3353506
v 0.5648174 0.6865777 0.3353506
v 0.5648174 0.6865777 0.3353506
v 0.2142198 0.6536606 0.3320302
v 0.2142198 0.6536606 0.3320302
v 0.2142198 0.6536606 0.3320302
v 0.2142198 0.6865777 0.3320302
v 0.2142198 0.6865777 0.3320302
v 0.2142198 0.6865777 0.3320302
v 0.2142198 0.6536606 0.3353506
v 0.2142198 0.6536606 0.3353506
v 0.2142198 0.6536606 0.3353506
v 0.2142198 0.6865777 0.3353506
v 0.2142198 0.6865777 0.3353506
v 0.2142198 0.6865777 0.3353506
v 0.5648174 0.6117838 0.3320302
v 0.5648174 0.6117838 0.3320302
v 0.5648174 0.6117838 0.3320302
v 0.5648174 0.6447009 0.3320302
v 0.5648174 0.6447009 0.3320302
v 0.5648174 0.6447009 0.3320302
v 0.5648174 0.6117838 0.3353506
v 0.5648174 0.6117838 0.3353506
v 0.5648174 0.6117838 0.3353506
v 0.5648174 0.6447009 0.3353506
v 0.5648174 0.6447009 0.3353506
v 0.5648174 0.6447009 0.3353506
v 0.2142198 0.6117838 0.3320302
v 0.2142198 0.6117838 0.3320302
v 0.2142198 0.6117838 0.3320302
v 0.2142198 0.6447009 0.3320302
v 0.2142198 0.6447009 0.3320302
v 0.2142198 0.6447009 0.3320302
v 0.2142198 0.6117838 0.3353506
v 0.2142198 0.6117838 0.3353506
v 0.2142198 0.6117838 0.3353506
v 0.2142198 0.6447009 0.3353506
v 0.2142198 0.6447009 0.3353506
v 0.2142198 0.6447009 0.3353506
v 0.5632935 0.6536606 0.3272423
v 0.5632935 0.6536606 0.3272423
v 0.5632935 0.6536606 0.3272423
v 0.5632935 0.6865777 0.3272423
v 0.5632935 0.6865777 0.3272423
v 0.5632935 0.6865777 0.3272423
v 0.5599722 0.6536606 0.3272423
v 0.5599722 0.6536606 0.3272423
v 0.5599722 0.6536606 0.3272423
v 0.5599722 0.6865777 0.3272423
v 0.5599722 0.6865777 0.3272423
v 0.5599722 0.6865777 0.3272423
v 0.5632935 0.6536606 -0.3262963
v 0.5632935 0.6536606 -0.3262963
v 0.5632935 0.6536606 -0.3262963
v 0.5632935 0.6865777 -0.3262963
v 0.5632935 0.6865777 -0.3262963
v 0.5632935 0.6865777 -0.3262963
v 0.5599722 0.6536606 -0.3262963
v 0.5599722 0.6536606 -0.3262963
v 0.5599722 0.6536606 -0.3262963
v 0.5599722 0.6865777 -0.3262963
v 0.5599722 0.6865777 -0.3262963
v 0.5599722 0.6865777 -0.3262963
v 0.5632935 0.6117838 0.3272423
v 0.5632935 0.6117838 0.3272423
v 0.5632935 0.6117838 0.3272423
v 0.5632935 0.6447009 0.3272423
v 0.5632935 0.6447009 0.3272423
v 0.5632935 0.6447009 0.3272423
v 0.5599722 0.6117838 0.3272423
v 0.5599722 0.6117838 0.3272423
v 0.5599722 0.6117838 0.3272423
v 0.5599722 0.6447009 0.3272423
v 0.5599722 0.6447009 0.3272423
v 0.5599722 0.6447009 0.3272423
v 0.5632935 0.6117838 -0.3262963
v 0.5632935 0.6117838 -0.3262963
v 0.5632935 0.6117838 -0.3262963
v 0.5632935 0.6447009 -0.3262963
v 0.5632935 0.6447009 -0.3262963
v 0.5632935 0.6447009 -0.3262963
v 0.5599722 0.6117838 -0.3262963
v 0.5599722 0.6117838 -0.3262963
v 0.5599722 0.6117838 -0.3262963
v 0.5599722 0.6447009 -0.3262963
v 0.5599722 0.6447009 -0.3262963
v 0.5599722 0.6447009 -0.3262963
v 0.3122357 0.5913675 -0.1613338
v 0.3122357 0.5913675 -0.1613338
v 0.3122357 0.5913675 -0.1613338
v 0.3122357 0.5913675 -0.1613338
v 0.3113396 0.5904710 -0.1614188
v 0.3113396 0.5904710 -0.1614188
v 0.3113396 0.5904710 -0.1614188
v 0.3113396 0.5904710 -0.1614188
v 0.3113396 0.5913675 -0.1623152
v 0.3113396 0.5913675 -0.1623152
v 0.3113396 0.5913675 -0.1623152
v 0.3113396 0.5913675 -0.1623152
v 0.3131317 0.8506725 -0.1266721
v 0.3131317 0.8506725 -0.1266721
v 0.3131317 0.8506725 -0.1266721
v 0.3122357 0.8518435 -0.1276570
v 0.3122357 0.8518435 -0.1276570
v 0.3122357 0.8518435 -0.1276570
v 0.3131317 0.8515689 -0.1257757
v 0.3131317 0.8515689 -0.1257757
v 0.3131317 0.8515689 -0.1257757
v 0.3122357 0.5913675 0.1363247
v 0.3122357 0.5913675 0.1363247
v 0.3122357 0.5913675 0.1363247
v 0.3122357 0.5913675 0.1363247
v 0.3113396 0.5913675 0.1373061
v 0.3113396 0.5913675 0.1373061
v 0.3113396 0.5913675 0.1373061
v 0.3113396 0.5913675 0.1373061
v 0.3113396 0.5904710 0.1364097
v 0.3113396 0.5904710 0.1364097
v 0.3113396 0.5904710 0.1364097
v 0.3113396 0.5904710 0.1364097
v 0.3131317 0.8515689 0.1007666
v 0.3131317 0.8515689 0.1007666
v 0.3131317 0.8515689 0.1007666
v 0.3122357 0.8518435 0.1026479
v 0.3122357 0.8518435 0.1026479
v 0.3122357 0.8518435 0.1026479
v 0.3131317 0.8506725 0.1016631
v 0.3131317 0.8506725 0.1016631
v 0.3131317 0.8506725 0.1016631
v 0.0979307 0.5904710 -0.1614188
v 0.0979307 0.5904710 -0.1614188
v 0.0979307 0.5904710 -0.1614188
v 0.0979307 0.5904710 -0.1614188
v 0.0970329 0.5913675 -0.1614188
v 0.0970329 0.5913675 -0.1614188
v 0.0970329 0.5913675 -0.1614188
v 0.0970329 0.5913675 -0.1614188
v 0.0979307 0.5913675 -0.1623152
v 0.0979307 0.5913675 -0.1623152
v 0.0979307 0.5913675 -0.1623152
v 0.0979307 0.5913675 -0.1623152
v 0.0979307 0.8615068 -0.1614188
v 0.0979307 0.8615068 -0.1614188
v 0.0979307 0.8615068 -0.1614188
v 0.0979307 0.8615068 -0.1614188
v 0.0979307 0.8606103 -0.1623152
v 0.0979307 0.8606103 -0.1623152
v 0.0979307 0.8606103 -0.1623152
v 0.0979307 0.8606103 -0.1623152
v 0.0970329 0.8606103 -0.1614188
v 0.0970329 0.8606103 -0.1614188
v 0.0970329 0.8606103 -0.1614188
v 0.0970329 0.8606103 -0.1614188
v 0.0979307 0.5904710 0.1364097
v 0.0979307 0.5904710 0.1364097
v 0.0979307 0.5904710 0.1364097
v 0.0979307 0.5904710 0.1364097
v 0.0979307 0.5913675 0.1373061
v 0.0979307 0.5913675 0.1373061
v 0.0979307 0.5913675 0.1373061
v 0.0979307 0.5913675 0.1373061
v 0.0970329 0.5913675 0.1364097
v 0.0970329 0.5913675 0.1364097
v 0.0970329 0.5913675 0.1364097
v 0.0970329 0.5913675 0.1364097
v 0.0979307 0.8615068 0.1364097
v 0.0979307 0.8615068 0.1364097
v 0.0979307 0.8615068 0.1364097
v 0.0979307 0.8615068 0.1364097
v 0.0970329 0.8606103 0.1364097
v 0.0970329 0.8606103 0.1364097
v 0.0970329 0.8606103 0.1364097
v 0.0970329 0.8606103 0.1364097
v 0.0979307 0.8606103 0.1373061
v 0.0979307 0.8606103 0.1373061
v 0.0979307 0.8606103 0.1373061
v 0.0979307 0.8606103 0.1373061
v 0.3131317 0.5913675 -0.1266721
v 0.3131317 0.5913675 -0.1266721
v 0.3131317 0.5913675 -0.1266721
v 0.3131317 0.5913675 -0.1266721
v 0.3113396 0.5904710 -0.1257757
v 0.3113396 0.5904710 -0.1257757
v 0.3113396 0.5904710 -0.1257757
v 0.3113396 0.5904710 -0.1257757
v 0.3122357 0.5913675 -0.1276536
v 0.3122357 0.5913675 -0.1276536
v 0.3122357 0.5913675 -0.1276536
v 0.3122357 0.5913675 -0.1276536
v 0.3113396 0.8606103 -0.1623152
v 0.3113396 0.8606103 -0.1623152
v 0.3113396 0.8606103 -0.1623152
v 0.3113396 0.8615068 -0.1614188
v 0.3113396 0.8615068 -0.1614188
v 0.3122357 0.8612322 -0.1613304
v 0.3122357 0.8612322 -0.1613304
v 0.3122357 0.8612322 -0.1613304
v 0.3122357 0.8612322 -0.1613304
v 0.3113396 0.8615068 0.1364097
v 0.3113396 0.8615068 0.1364097
v 0.3113396 0.8615068 0.1364097
v 0.3113396 0.8606103 0.1373061
v 0.3113396 0.8606103 0.1373061
v 0.3113396 0.8606103 0.1373061
v 0.3113396 0.8606103 0.1373061
v 0.3122357 0.8612322 0.1363213
v 0.3122357 0.8612322 0.1363213
v 0.3122357 0.8612322 0.1363213
v 0.3122357 0.8612322 0.1363213
v 0.3131317 0.5913675 0.1016631
v 0.3131317 0.5913675 0.1016631
v 0.3131317 0.5913675 0.1016631
v 0.3131317 0.5913675 0.1016631
v 0.3122357 0.5913675 0.1026445
v 0.3122357 0.5913675 0.1026445
v 0.3122357 0.5913675 0.1026445
v 0.3122357 0.5913675 0.1026445
v 0.3113396 0.5904710 0.1007666
v 0.3113396 0.5904710 0.1007666
v 0.3113396 0.5904710 0.1007666
v 0.3113396 0.5904710 0.1007666
v 0.3350419 0.5908354 0.1007263
v 0.3350419 0.5908354 0.1007263
v 0.3341459 0.5913675 0.1016631
v 0.3341459 0.5913675 0.1016631
v 0.3341459 0.5913675 0.1016631
v 0.3341459 0.5898729 0.1009953
v 0.3341459 0.5898729 0.1009953
v 0.3341459 0.5898729 0.1009953
v 0.3350419 0.5908354 -0.1257353
v 0.3350419 0.5908354 -0.1257353
v 0.3350419 0.5908354 -0.1257353
v 0.3341459 0.5898729 -0.1260043
v 0.3341459 0.5898729 -0.1260043
v 0.3341459 0.5898729 -0.1260043
v 0.3341459 0.5898729 -0.1260043
v 0.3341459 0.5913675 -0.1266721
v 0.3341459 0.5913675 -0.1266721
v 0.3341459 0.5913675 -0.1266721
v 0.3341459 0.5913675 -0.1266721
v 0.3341459 0.8374038 -0.1111087
v 0.3341459 0.8374038 -0.1111087
v 0.3341459 0.8374038 -0.1111087
v 0.3341459 0.8374038 -0.1111087
v 0.3350419 0.8391003 -0.1120472
v 0.3350419 0.8391003 -0.1120472
v 0.3350419 0.8391003 -0.1120472
v 0.3350419 0.8391003 -0.1120472
v 0.3341459 0.8383003 -0.1102122
v 0.3341459 0.8383003 -0.1102122
v 0.3341459 0.8383003 -0.1102122
v 0.3341459 0.8383003 -0.1102122
v 0.3341459 0.8383003 0.0852033
v 0.3341459 0.8383003 0.0852033
v 0.3341459 0.8383003 0.0852033
v 0.3341459 0.8383003 0.0852033
v 0.3350419 0.8391003 0.0870381
v 0.3350419 0.8391003 0.0870381
v 0.3350419 0.8391003 0.0870381
v 0.3350419 0.8391003 0.0870381
v 0.3341459 0.8374038 0.0860997
v 0.3341459 0.8374038 0.0860997
v 0.3341459 0.8374038 0.0860997
v 0.3341459 0.8374038 0.0860997
v 0.3341459 0.5774264 -0.1111087
v 0.3341459 0.5774264 -0.1111087
v 0.3341459 0.5774264 -0.1111087
v 0.3341459 0.5774264 -0.1111087
v 0.3341459 0.5771281 -0.1117765
v 0.3341459 0.5771281 -0.1117765
v 0.3341459 0.5771281 -0.1117765
v 0.3341459 0.5771281 -0.1117765
v 0.3350419 0.5785726 -0.1120455
v 0.3350419 0.5785726 -0.1120455
v 0.3350419 0.5785726 -0.1120455
v 0.3350419 0.5785726 -0.1120455
v 0.3341459 0.8506725 -0.1266721
v 0.3341459 0.8506725 -0.1266721
v 0.3341459 0.8506725 -0.1266721
v 0.3341459 0.8506725 -0.1266721
v 0.3341459 0.8515689 -0.1257756
v 0.3341459 0.8515689 -0.1257756
v 0.3341459 0.8515689 -0.1257756
v 0.3341459 0.8515689 -0.1257756
v 0.3350419 0.8507689 -0.1257337
v 0.3350419 0.8507689 -0.1257337
v 0.3350419 0.8507689 -0.1257337
v 0.3350419 0.8507689 -0.1257337
v 0.3341459 0.8515689 0.1007666
v 0.3341459 0.8515689 0.1007666
v 0.3341459 0.8515689 0.1007666
v 0.3341459 0.8515689 0.1007666
v 0.3341459 0.8506725 0.1016631
v 0.3341459 0.8506725 0.1016631
v 0.3341459 0.8506725 0.1016631
v 0.3341459 0.8506725 0.1016631
v 0.3350419 0.8507689 0.1007247
v 0.3350419 0.8507689 0.1007247
v 0.3350419 0.8507689 0.1007247
v 0.3350419 0.8507689 0.1007247
v 0.3341459 0.5774264 0.0860997
v 0.3341459 0.5774264 0.0860997
v 0.3341459 0.5774264 0.0860997
v 0.3341459 0.5774264 0.0860997
v 0.3350419 0.5785726 0.0870365
v 0.3350419 0.5785726 0.0870365
v 0.3350419 0.5785726 0.0870365
v 0.3350419 0.5785726 0.0870365
v 0.3341459 0.5771281 0.0867674
v 0.3341459 0.5771281 0.0867674
v 0.3341459 0.5771281 0.0867674
v 0.3341459 0.5771281 0.0867674
v 0.3017585 0.5765299 0.0869962
v 0.3017585 0.5765299 0.0869962
v 0.3017585 0.5765299 0.0869962
v 0.2923608 0.5774264 0.0852033
v 0.2923608 0.5774264 0.0852033
v 0.2923608 0.5774264 0.0852033
v 0.2923608 0.5774264 0.0852033
v 0.3035506 0.5774264 0.0860997
v 0.3035506 0.5774264 0.0860997
v 0.3017585 0.5765299 -0.1120053
v 0.3017585 0.5765299 -0.1120053
v 0.3017585 0.5765299 -0.1120053
v 0.3035506 0.5774264 -0.1111088
v 0.3035506 0.5774264 -0.1111088
v 0.2923608 0.5774264 -0.1102122
v 0.2923608 0.5774264 -0.1102122
v 0.2923608 0.5774264 -0.1102122
v 0.2923608 0.5774264 -0.1102122
v 0.3035506 0.8374038 -0.1111088
v 0.3035506 0.8374038 -0.1111088
v 0.3035506 0.8383003 -0.1102122
v 0.3035506 0.8383003 -0.1102122
v 0.2923608 0.8374038 -0.1102122
v 0.2923608 0.8374038 -0.1102122
v 0.2923608 0.8374038 -0.1102122
v 0.2923608 0.8374038 -0.1102122
v 0.3035506 0.8383003 0.0852033
v 0.3035506 0.8383003 0.0852033
v 0.3035506 0.8374038 0.0860997
v 0.3035506 0.8374038 0.0860997
v 0.2923608 0.8374038 0.0852033
v 0.2923608 0.8374038 0.0852033
v 0.2923608 0.8374038 0.0852033
v 0.2923608 0.8374038 0.0852033
v 0.5898884 0.0076131 -0.3630234
v 0.5898884 0.0076131 -0.3630234
v 0.5898884 0.0076131 -0.3630234
v 0.5898884 0.0633822 -0.3630234
v 0.5898884 0.0633822 -0.3630234
v 0.5898884 0.0633822 -0.3630234
v 0.5898884 0.0076131 0.3629585
v 0.5898884 0.0076131 0.3629585
v 0.5898884 0.0076131 0.3629585
v 0.5898884 0.0633822 0.3629585
v 0.5898884 0.0633822 0.3629585
v 0.5898884 0.0633822 0.3629585
v -0.5758529 0.0076131 -0.3630236
v -0.5758529 0.0076131 -0.3630236
v -0.5758529 0.0076131 -0.3630236
v -0.5758529 0.0633822 -0.3630236
v -0.5758529 0.0633822 -0.3630236
v -0.5758529 0.0633822 -0.3630236
v -0.5758529 0.0076131 0.3629582
v -0.5758529 0.0076131 0.3629582
v -0.5758529 0.0076131 0.3629582
v -0.5758529 0.0633822 0.3629582
v -0.5758529 0.0633822 0.3629582
v -0.5758529 0.0633822 0.3629582
v -0.1363867 0.0076131 0.3629582
v -0.1363867 0.0076131 0.3629582
v -0.1363867 0.0076131 0.3629582
v -0.4213788 0.0076131 0.3629582
v -0.4213788 0.0076131 0.3629582
v -0.4213788 0.0076131 0.3629582
v -0.4213788 0.0633822 0.3629582
v -0.4213788 0.0633822 0.3629582
v -0.4213788 0.0633822 0.3629582
v -0.1363867 0.0633822 0.3629582
v -0.1363867 0.0633822 0.3629582
v -0.1363867 0.0633822 0.3629582
v -0.4213788 0.0076131 -0.3630236
v -0.4213788 0.0076131 -0.3630236
v -0.1363867 0.0076131 -0.3630236
v -0.1363867 0.0076131 -0.3630236
v -0.1363867 0.0633822 -0.3630236
v -0.1363867 0.0633822 -0.3630236
v -0.4213788 0.0633822 -0.3630236
v -0.4213788 0.0633822 -0.3630236
v -0.4213788 0.0633822 0.2118080
v -0.4213788 0.0633822 0.2118080
v -0.4213788 0.0633822 0.2118080
v -0.1363867 0.0633822 0.2118080
v -0.1363867 0.0633822 0.2118080
v -0.1363867 0.0633822 0.2118080
v -0.1363867 0.0076131 0.2118080
v -0.1363867 0.0076131 0.2118080
v -0.1363867 0.0076131 0.2118080
v -0.4213788 0.0076131 0.2118080
v -0.4213788 0.0076131 0.2118080
v -0.4213788 0.0076131 0.2118080
v -0.5902405 0.4592549 -0.3835324
v -0.5902405 0.4592549 -0.3835324
v -0.5902405 0.4592549 -0.3835324
v -0.5902405 0.4592549 -0.3835324
v -0.5854923 0.4582127 -0.3882240
v -0.5854923 0.4582127 -0.3882240
v -0.5854923 0.4582127 -0.3882240
v -0.5854923 0.4582127 -0.3882240
v -0.5847126 0.4539295 -0.3830588
v -0.5847126 0.4539295 -0.3830588
v -0.5847126 0.4539295 -0.3830588
v -0.5847126 0.4539295 -0.3830588
v 0.5757584 0.4594049 -0.3892338
v 0.5757584 0.4594049 -0.3892338
v 0.5757584 0.4594049 -0.3892338
v 0.5776704 0.4534639 -0.3831610
v 0.5776704 0.4534639 -0.3831610
v 0.5894563 0.4569492 -0.3839509
v 0.5894563 0.4569492 -0.3839509
v 0.5894563 0.4569492 -0.3839509
v 0.5894563 0.4569492 -0.3839509
v 0.6031242 0.4594695 -0.3713641
v 0.6031242 0.4594695 -0.3713641
v 0.5981290 0.4537495 -0.3691340
v 0.5572541 0.5102500 -0.3710353
v 0.5572541 0.5102500 -0.3710353
v 0.5572541 0.5102500 -0.3710353
v 0.5888266 0.5053307 -0.3562211
v 0.5888266 0.5053307 -0.3562211
v 0.5888266 0.5053307 -0.3562211
v 0.5888266 0.5053307 -0.3562211
v 0.5723542 0.5050673 -0.3736793
v 0.5723542 0.5050673 -0.3736793
v 0.5723542 0.5050673 -0.3736793
v 0.5723542 0.5050673 -0.3736793
v 0.5741428 0.5111158 -0.3654934
v 0.5741428 0.5111158 -0.3654934
v 0.5741428 0.5111158 -0.3654934
v 0.5741428 0.5111158 -0.3654934
v 0.5741428 0.5111158 -0.3654934
v 0.5852390 0.5118879 -0.3472658
v 0.5852390 0.5118879 -0.3472658
v 0.5975699 0.4537519 0.3699187
v 0.5975699 0.4537519 0.3699187
v 0.5975699 0.4537519 0.3699187
v 0.6026832 0.4589810 0.3723795
v 0.6026832 0.4589810 0.3723795
v 0.6026832 0.4589810 0.3723795
v 0.6026832 0.4589810 0.3723795
v 0.5850062 0.4539357 0.3821282
v 0.5850062 0.4539357 0.3821282
v 0.5850062 0.4539357 0.3821282
v 0.5854965 0.4584433 0.3866123
v 0.5854965 0.4584433 0.3866123
v 0.5854965 0.4584433 0.3866123
v 0.5575610 0.5104173 0.3708355
v 0.5575610 0.5104173 0.3708355
v 0.5721038 0.5051055 0.3736082
v 0.5721038 0.5051055 0.3736082
v 0.5721038 0.5051055 0.3736082
v 0.5721038 0.5051055 0.3736082
v 0.5874843 0.5055031 0.3569952
v 0.5874843 0.5055031 0.3569952
v 0.5874843 0.5055031 0.3569952
v 0.5874843 0.5055031 0.3569952
v 0.5854771 0.5112828 0.3468514
v 0.5854771 0.5112828 0.3468514
v 0.5854771 0.5112828 0.3468514
v 0.5744003 0.5117397 0.3649796
v 0.5744003 0.5117397 0.3649796
v 0.5744003 0.5117397 0.3649796
v 0.5744003 0.5117397 0.3649796
v -0.5532901 0.5103137 -0.3692070
v -0.5532901 0.5103137 -0.3692070
v -0.5532901 0.5103137 -0.3692070
v -0.5532901 0.5103137 -0.3692070
v -0.5560875 0.5051541 -0.3739237
v -0.5560875 0.5051541 -0.3739237
v -0.5560875 0.5051541 -0.3739237
v -0.5754808 0.5050739 -0.3553111
v -0.5754808 0.5050739 -0.3553111
v -0.5754808 0.5050739 -0.3553111
v -0.5707925 0.5102490 -0.3515838
v -0.5707925 0.5102490 -0.3515838
v -0.5707925 0.5102490 -0.3515838
v -0.5707925 0.5102490 -0.3515838
v -0.5621815 0.4594740 0.3891789
v -0.5621815 0.4594740 0.3891789
v -0.5621815 0.4594740 0.3891789
v -0.5890905 0.4594699 0.3712983
v -0.5890905 0.4594699 0.3712983
v -0.5890905 0.4594699 0.3712983
v -0.5890905 0.4594699 0.3712983
v -0.5842029 0.4538230 0.3691129
v -0.5842029 0.4538230 0.3691129
v -0.5842029 0.4538230 0.3691129
v -0.5721842 0.4539081 0.3815252
v -0.5721842 0.4539081 0.3815252
v -0.5762269 0.4583986 0.3837985
v -0.5762269 0.4583986 0.3837985
v -0.5430634 0.5103963 0.3709676
v -0.5430634 0.5103963 0.3709676
v -0.5430634 0.5103963 0.3709676
v -0.5744207 0.5053125 0.3566711
v -0.5744207 0.5053125 0.3566711
v -0.5744207 0.5053125 0.3566711
v -0.5744207 0.5053125 0.3566711
v -0.5576820 0.5051396 0.3738759
v -0.5576820 0.5051396 0.3738759
v -0.5576820 0.5051396 0.3738759
v -0.5576820 0.5051396 0.3738759
v -0.5710888 0.5119050 0.3474291
v -0.5710888 0.5119050 0.3474291
v -0.5710888 0.5119050 0.3474291
v -0.5601090 0.5111161 0.3654280
v -0.5601090 0.5111161 0.3654280
v -0.5601090 0.5111161 0.3654280
v -0.5601090 0.5111161 0.3654280
v -0.5601090 0.5111161 0.3654280
v 0.6038703 0.5014327 -0.3588826
v 0.6038703 0.5014327 -0.3588826
v 0.6038703 0.5014327 -0.3588826
v 0.5771465 0.5027328 -0.3876351
v 0.5771465 0.5027328 -0.3876351
v 0.5771465 0.5027328 -0.3876351
v 0.5899008 0.5005493 -0.3835985
v 0.5899008 0.5005493 -0.3835985
v 0.5899008 0.5005493 -0.3835985
v 0.5998911 0.5029789 -0.3723685
v 0.5998911 0.5029789 -0.3723685
v 0.5841066 0.5037358 0.3823610
v 0.5841066 0.5037358 0.3823610
v 0.5841066 0.5037358 0.3823610
v 0.5759295 0.4982764 0.3892338
v 0.5759295 0.4982764 0.3892338
v 0.5759295 0.4982764 0.3892338
v 0.6032847 0.4984270 0.3707544
v 0.6032847 0.4984270 0.3707544
v 0.6032847 0.4984270 0.3707544
v 0.6032847 0.4984270 0.3707544
v 0.5984077 0.5039808 0.3672640
v 0.5984077 0.5039808 0.3672640
v 0.5984077 0.5039808 0.3672640
v 0.5900860 0.4990728 0.3838523
v 0.5900860 0.4990728 0.3838523
v 0.5900860 0.4990728 0.3838523
v -0.5575515 0.5042094 0.3842443
v -0.5844357 0.5039465 0.3673826
v -0.5844357 0.5039465 0.3673826
v -0.5888612 0.4985253 0.3720744
v -0.5888612 0.4985253 0.3720744
v -0.5888612 0.4985253 0.3720744
v -0.5888612 0.4985253 0.3720744
v -0.5627548 0.4979890 0.3891304
v -0.5627548 0.4979890 0.3891304
v -0.5627548 0.4979890 0.3891304
v -0.5750433 0.5008169 0.3836667
v -0.5750433 0.5008169 0.3836667
v -0.5899794 0.4976813 -0.3744797
v -0.5899794 0.4976813 -0.3744797
v -0.5899794 0.4976813 -0.3744797
v -0.5899794 0.4976813 -0.3744797
v -0.5853776 0.5040064 -0.3632712
v -0.5853776 0.5040064 -0.3632712
v -0.5662754 0.5040087 -0.3836751
v -0.5662754 0.5040087 -0.3836751
v -0.5754155 0.4976156 -0.3885379
v -0.5754155 0.4976156 -0.3885379
v -0.5754155 0.4976156 -0.3885379
v -0.5754155 0.4976156 -0.3885379
v -0.5888735 0.4852098 -0.3873267
v -0.5888735 0.4852098 -0.3873267
v -0.5888735 0.4852098 -0.3873267
v -0.5888735 0.4852098 -0.3873267
v 0.5854577 0.5656514 -0.3412137
v 0.5854577 0.5656514 -0.3412137
v 0.5854577 0.5656514 -0.3412137
v 0.5781766 0.5706180 -0.3514863
v 0.5781766 0.5706180 -0.3514863
v 0.5781766 0.5706180 -0.3514863
v 0.5687066 0.5648801 -0.3682655
v 0.5687066 0.5648801 -0.3682655
v 0.5687066 0.5648801 -0.3682655
v 0.5687066 0.5648801 -0.3682655
v 0.5808964 0.5663042 -0.3543813
v 0.5808964 0.5663042 -0.3543813
v 0.5808964 0.5663042 -0.3543813
v 0.5654824 0.5709841 -0.3632668
v 0.5654824 0.5709841 -0.3632668
v 0.5654824 0.5709841 -0.3632668
v 0.5663131 0.5710428 0.3625365
v 0.5663131 0.5710428 0.3625365
v 0.5663131 0.5710428 0.3625365
v 0.5688301 0.5656924 0.3678427
v 0.5688301 0.5656924 0.3678427
v 0.5688301 0.5656924 0.3678427
v 0.5856341 0.5652395 0.3408729
v 0.5856341 0.5652395 0.3408729
v 0.5856341 0.5652395 0.3408729
v 0.5856341 0.5652395 0.3408729
v 0.5786670 0.5706680 0.3501917
v 0.5786670 0.5706680 0.3501917
v 0.5786670 0.5706680 0.3501917
v 0.5786670 0.5706680 0.3501917
v 0.5809546 0.5662749 0.3541978
v 0.5809546 0.5662749 0.3541978
v 0.5809546 0.5662749 0.3541978
v -0.5715845 0.5652672 0.3409225
v -0.5715845 0.5652672 0.3409225
v -0.5715845 0.5652672 0.3409225
v -0.5647179 0.5705784 0.3506988
v -0.5647179 0.5705784 0.3506988
v -0.5647179 0.5705784 0.3506988
v -0.5546711 0.5648799 0.3682003
v -0.5546711 0.5648799 0.3682003
v -0.5546711 0.5648799 0.3682003
v -0.5546711 0.5648799 0.3682003
v -0.5546711 0.5648799 0.3682003
v -0.5668627 0.5663045 0.3543146
v -0.5668627 0.5663045 0.3543146
v -0.5668627 0.5663045 0.3543146
v -0.5514486 0.5709841 0.3632019
v -0.5514486 0.5709841 0.3632019
v -0.5514486 0.5709841 0.3632019
v -0.5503268 0.5710698 -0.3626580
v -0.5503268 0.5710698 -0.3626580
v -0.5503268 0.5710698 -0.3626580
v -0.5525722 0.5663267 -0.3678601
v -0.5525722 0.5663267 -0.3678601
v -0.5525722 0.5663267 -0.3678601
v -0.5525722 0.5663267 -0.3678601
v -0.5694732 0.5659463 -0.3513870
v -0.5694732 0.5659463 -0.3513870
v -0.5694732 0.5659463 -0.3513870
v -0.5694732 0.5659463 -0.3513870
v -0.5641694 0.5709878 -0.3497680
v -0.5641694 0.5709878 -0.3497680
v -0.5641694 0.5709878 -0.3497680
v -0.5647782 0.0096176 -0.3687188
v -0.5647782 0.0096176 -0.3687188
v -0.5460764 0.0096176 -0.3500167
v -0.5460764 0.0096176 -0.3500167
v -0.5539818 0.0000000 -0.3608144
v -0.5539818 0.0000000 -0.3608144
v -0.5539818 0.0000000 -0.3608144
v -0.5515548 0.0098307 -0.3632410
v -0.5515548 0.0098307 -0.3632410
v -0.5515548 0.0000000 -0.3500167
v -0.5515548 0.0000000 -0.3500167
v -0.5515548 0.0000000 -0.3500167
v -0.5647782 0.4439891 -0.3687188
v -0.5647782 0.4439891 -0.3687188
v -0.5647782 0.4579763 -0.3632410
v -0.5647782 0.4579763 -0.3632410
v -0.5647782 0.4579763 -0.3632410
v -0.5539818 0.4579763 -0.3608144
v -0.5539818 0.4579763 -0.3608144
v -0.5539818 0.4579763 -0.3608144
v -0.5515548 0.4439891 -0.3632410
v -0.5515548 0.4439891 -0.3632410
v -0.5539818 0.0000000 -0.3392190
v -0.5539818 0.0000000 -0.3392190
v -0.5539818 0.0000000 -0.3392190
v -0.5515548 0.0098307 -0.3367922
v -0.5515548 0.0098307 -0.3367922
v -0.5460764 0.4439891 -0.3500167
v -0.5460764 0.4439891 -0.3500167
v -0.5539818 0.4579763 -0.3392190
v -0.5539818 0.4579763 -0.3392190
v -0.5539818 0.4579763 -0.3392190
v -0.5515548 0.4439891 -0.3367922
v -0.5515548 0.4439891 -0.3367922
v -0.5515548 0.4579763 -0.3500167
v -0.5515548 0.4579763 -0.3500167
v -0.5515548 0.4579763 -0.3500167
v -0.5780034 0.0000000 -0.3500167
v -0.5780034 0.0000000 -0.3500167
v -0.5780034 0.0000000 -0.3500167
v -0.5755764 0.0000000 -0.3608144
v -0.5755764 0.0000000 -0.3608144
v -0.5755764 0.0000000 -0.3608144
v -0.5780034 0.0098307 -0.3632410
v -0.5780034 0.0098307 -0.3632410
v -0.5647782 0.0000000 -0.3632410
v -0.5647782 0.0000000 -0.3632410
v -0.5647782 0.0000000 -0.3632410
v -0.5647782 0.4579763 -0.3500167
v -0.5834801 0.4439891 -0.3500167
v -0.5834801 0.4439891 -0.3500167
v -0.5755764 0.4579763 -0.3608144
v -0.5755764 0.4579763 -0.3608144
v -0.5755764 0.4579763 -0.3608144
v -0.5780034 0.4439891 -0.3632410
v -0.5780034 0.4439891 -0.3632410
v -0.5780034 0.4579763 -0.3500167
v -0.5780034 0.4579763 -0.3500167
v -0.5780034 0.4579763 -0.3500167
v -0.5647782 0.0000000 -0.3500167
v -0.5647782 0.0096176 -0.3313144
v -0.5647782 0.0096176 -0.3313144
v -0.5834801 0.0096176 -0.3500167
v -0.5834801 0.0096176 -0.3500167
v -0.5647782 0.0000000 -0.3367922
v -0.5647782 0.0000000 -0.3367922
v -0.5647782 0.0000000 -0.3367922
v -0.5755764 0.0000000 -0.3392190
v -0.5755764 0.0000000 -0.3392190
v -0.5755764 0.0000000 -0.3392190
v -0.5780034 0.0098307 -0.3367922
v -0.5780034 0.0098307 -0.3367922
v -0.5647782 0.4439891 -0.3313144
v -0.5647782 0.4439891 -0.3313144
v -0.5755764 0.4579763 -0.3392190
v -0.5755764 0.4579763 -0.3392190
v -0.5755764 0.4579763 -0.3392190
v -0.5780034 0.4439891 -0.3367922
v -0.5780034 0.4439891 -0.3367922
v -0.5647782 0.4579763 -0.3367922
v -0.5647782 0.4579763 -0.3367922
v -0.5647782 0.4579763 -0.3367922
v 0.5788183 0.0096278 0.3312491
v 0.5788183 0.0096278 0.3312491
v 0.5975202 0.0096278 0.3499512
v 0.5975202 0.0096278 0.3499512
v 0.5896147 0.0000104 0.3391534
v 0.5896147 0.0000104 0.3391534
v 0.5896147 0.0000104 0.3391534
v 0.5920417 0.0098409 0.3367269
v 0.5920417 0.0098409 0.3367269
v 0.5920417 0.0000104 0.3499512
v 0.5920417 0.0000104 0.3499512
v 0.5920417 0.0000104 0.3499512
v 0.5788183 0.4439995 0.3312491
v 0.5788183 0.4439995 0.3312491
v 0.5788183 0.4579866 0.3367269
v 0.5788183 0.4579866 0.3367269
v 0.5788183 0.4579866 0.3367269
v 0.5896147 0.4579866 0.3391534
v 0.5896147 0.4579866 0.3391534
v 0.5896147 0.4579866 0.3391534
v 0.5920417 0.4439994 0.3367269
v 0.5920417 0.4439994 0.3367269
v 0.5896147 0.0000104 0.3607489
v 0.5896147 0.0000104 0.3607489
v 0.5896147 0.0000104 0.3607489
v 0.5920417 0.0098409 0.3631757
v 0.5920417 0.0098409 0.3631757
v 0.5975202 0.4439995 0.3499512
v 0.5975202 0.4439995 0.3499512
v 0.5896147 0.4579866 0.3607489
v 0.5896147 0.4579866 0.3607489
v 0.5896147 0.4579866 0.3607489
v 0.5920417 0.4439994 0.3631757
v 0.5920417 0.4439994 0.3631757
v 0.5920417 0.4579866 0.3499512
v 0.5920417 0.4579866 0.3499512
v 0.5920417 0.4579866 0.3499512
v 0.5655932 0.0000104 0.3499512
v 0.5655932 0.0000104 0.3499512
v 0.5655932 0.0000104 0.3499512
v 0.5680202 0.0000104 0.3391534
v 0.5680202 0.0000104 0.3391534
v 0.5680202 0.0000104 0.3391534
v 0.5655932 0.0098409 0.3367269
v 0.5655932 0.0098409 0.3367269
v 0.5788183 0.0000104 0.3367269
v 0.5788183 0.0000104 0.3367269
v 0.5788183 0.0000104 0.3367269
v 0.5788183 0.4579866 0.3499512
v 0.5601165 0.4439995 0.3499512
v 0.5601165 0.4439995 0.3499512
v 0.5680202 0.4579866 0.3391534
v 0.5680202 0.4579866 0.3391534
v 0.5680202 0.4579866 0.3391534
v 0.5655932 0.4439994 0.3367269
v 0.5655932 0.4439994 0.3367269
v 0.5655932 0.4579866 0.3499512
v 0.5655932 0.4579866 0.3499512
v 0.5655932 0.4579866 0.3499512
v 0.5788183 0.0000104 0.3499512
v 0.5788183 0.0096278 0.3686535
v 0.5788183 0.0096278 0.3686535
v 0.5601165 0.0096278 0.3499512
v 0.5601165 0.0096278 0.3499512
v 0.5788183 0.0000104 0.3631757
v 0.5788183 0.0000104 0.3631757
v 0.5788183 0.0000104 0.3631757
v 0.5680202 0.0000104 0.3607489
v 0.5680202 0.0000104 0.3607489
v 0.5680202 0.0000104 0.3607489
v 0.5655932 0.0098409 0.3631757
v 0.5655932 0.0098409 0.3631757
v 0.5788183 0.4439995 0.3686535
v 0.5788183 0.4439995 0.3686535
v 0.5680202 0.4579866 0.3607489
v 0.5680202 0.4579866 0.3607489
v 0.5680202 0.4579866 0.3607489
v 0.5655932 0.4439994 0.3631757
v 0.5655932 0.4439994 0.3631757
v 0.5788183 0.4579866 0.3631757
v 0.5788183 0.4579866 0.3631757
v 0.5788183 0.4579866 0.3631757
v -0.0010327 0.0129885 0.3312491
v -0.0010327 0.0129885 0.3312491
v 0.0176692 0.0129885 0.3499512
v 0.0176692 0.0129885 0.3499512
v 0.0097637 0.0033710 0.3391534
v 0.0097637 0.0033710 0.3391534
v 0.0097637 0.0033710 0.3391534
v 0.0121907 0.0132016 0.3367269
v 0.0121907 0.0132016 0.3367269
v 0.0121907 0.0033710 0.3499512
v 0.0121907 0.0033710 0.3499512
v 0.0121907 0.0033710 0.3499512
v -0.0010327 0.4473600 0.3312491
v -0.0010327 0.4473600 0.3312491
v -0.0010327 0.4613472 0.3367269
v -0.0010327 0.4613472 0.3367269
v -0.0010327 0.4613472 0.3367269
v 0.0097637 0.4613472 0.3391534
v 0.0097637 0.4613472 0.3391534
v 0.0097637 0.4613472 0.3391534
v 0.0121907 0.4473600 0.3367269
v 0.0121907 0.4473600 0.3367269
v 0.0097637 0.0033710 0.3607489
v 0.0097637 0.0033710 0.3607489
v 0.0097637 0.0033710 0.3607489
v 0.0121907 0.0132016 0.3631757
v 0.0121907 0.0132016 0.3631757
v 0.0176692 0.4473600 0.3499512
v 0.0176692 0.4473600 0.3499512
v 0.0097637 0.4613472 0.3607489
v 0.0097637 0.4613472 0.3607489
v 0.0097637 0.4613472 0.3607489
v 0.0121907 0.4473600 0.3631757
v 0.0121907 0.4473600 0.3631757
v 0.0121907 0.4613472 0.3499512
v 0.0121907 0.4613472 0.3499512
v 0.0121907 0.4613472 0.3499512
v -0.0142578 0.0033710 0.3499512
v -0.0142578 0.0033710 0.3499512
v -0.0142578 0.0033710 0.3499512
v -0.0118308 0.0033710 0.3391534
v -0.0118308 0.0033710 0.3391534
v -0.0118308 0.0033710 0.3391534
v -0.0142578 0.0132016 0.3367269
v -0.0142578 0.0132016 0.3367269
v -0.0010327 0.0033710 0.3367269
v -0.0010327 0.0033710 0.3367269
v -0.0010327 0.0033710 0.3367269
v -0.0010327 0.4613472 0.3499512
v -0.0197345 0.4473600 0.3499512
v -0.0197345 0.4473600 0.3499512
v -0.0118308 0.4613472 0.3391534
v -0.0118308 0.4613472 0.3391534
v -0.0118308 0.4613472 0.3391534
v -0.0142578 0.4473600 0.3367269
v -0.0142578 0.4473600 0.3367269
v -0.0142578 0.4613472 0.3499512
v -0.0142578 0.4613472 0.3499512
v -0.0142578 0.4613472 0.3499512
v -0.0010327 0.0033710 0.3499512
v -0.0010327 0.0129885 0.3686535
v -0.0010327 0.0129885 0.3686535
v -0.0197345 0.0129885 0.3499512
v -0.0197345 0.0129885 0.3499512
v -0.0010327 0.0033710 0.3631757
v -0.0010327 0.0033710 0.3631757
v -0.0010327 0.0033710 0.3631757
v -0.0118308 0.0033710 0.3607489
v -0.0118308 0.0033710 0.3607489
v -0.0118308 0.0033710 0.3607489
v -0.0142578 0.0132016 0.3631757
v -0.0142578 0.0132016 0.3631757
v -0.0010327 0.4473600 0.3686535
v -0.0010327 0.4473600 0.3686535
v -0.0118308 0.4613472 0.3607489
v -0.0118308 0.4613472 0.3607489
v -0.0118308 0.4613472 0.3607489
v -0.0142578 0.4473600 0.3631757
v -0.0142578 0.4473600 0.3631757
v -0.0010327 0.4613472 0.3631757
v -0.0010327 0.4613472 0.3631757
v -0.0010327 0.4613472 0.3631757
v -0.5647782 0.0096176 0.3312486
v -0.5647782 0.0096176 0.3312486
v -0.5460764 0.0096176 0.3499507
v -0.5460764 0.0096176 0.3499507
v -0.5539818 0.0000001 0.3391530
v -0.5539818 0.0000001 0.3391530
v -0.5539818 0.0000001 0.3391530
v -0.5515548 0.0098307 0.3367264
v -0.5515548 0.0098307 0.3367264
v -0.5515548 0.0000001 0.3499507
v -0.5515548 0.0000001 0.3499507
v -0.5515548 0.0000001 0.3499507
v -0.5647782 0.4439891 0.3312486
v -0.5647782 0.4439891 0.3312486
v -0.5647782 0.4579763 0.3367264
v -0.5647782 0.4579763 0.3367264
v -0.5647782 0.4579763 0.3367264
v -0.5539818 0.4579763 0.3391530
v -0.5539818 0.4579763 0.3391530
v -0.5539818 0.4579763 0.3391530
v -0.5515548 0.4439891 0.3367264
v -0.5515548 0.4439891 0.3367264
v -0.5539818 0.0000001 0.3607484
v -0.5539818 0.0000001 0.3607484
v -0.5539818 0.0000001 0.3607484
v -0.5515548 0.0098307 0.3631752
v -0.5515548 0.0098307 0.3631752
v -0.5460764 0.4439891 0.3499507
v -0.5460764 0.4439891 0.3499507
v -0.5539818 0.4579763 0.3607484
v -0.5539818 0.4579763 0.3607484
v -0.5539818 0.4579763 0.3607484
v -0.5515548 0.4439891 0.3631752
v -0.5515548 0.4439891 0.3631752
v -0.5515548 0.4579763 0.3499507
v -0.5515548 0.4579763 0.3499507
v -0.5515548 0.4579763 0.3499507
v -0.5780034 0.0000001 0.3499507
v -0.5780034 0.0000001 0.3499507
v -0.5780034 0.0000001 0.3499507
v -0.5755764 0.0000001 0.3391530
v -0.5755764 0.0000001 0.3391530
v -0.5755764 0.0000001 0.3391530
v -0.5780034 0.0098307 0.3367264
v -0.5780034 0.0098307 0.3367264
v -0.5647782 0.0000001 0.3367264
v -0.5647782 0.0000001 0.3367264
v -0.5647782 0.0000001 0.3367264
v -0.5647782 0.4579763 0.3499507
v -0.5834801 0.4439891 0.3499507
v -0.5834801 0.4439891 0.3499507
v -0.5755764 0.4579763 0.3391530
v -0.5755764 0.4579763 0.3391530
v -0.5755764 0.4579763 0.3391530
v -0.5780034 0.4439891 0.3367264
v -0.5780034 0.4439891 0.3367264
v -0.5780034 0.4579763 0.3499507
v -0.5780034 0.4579763 0.3499507
v -0.5780034 0.4579763 0.3499507
v -0.5647782 0.0000001 0.3499507
v -0.5647782 0.0096176 0.3686530
v -0.5647782 0.0096176 0.3686530
v -0.5834801 0.0096176 0.3499507
v -0.5834801 0.0096176 0.3499507
v -0.5647782 0.0000001 0.3631752
v -0.5647782 0.0000001 0.3631752
v -0.5647782 0.0000001 0.3631752
v -0.5755764 0.0000001 0.3607484
v -0.5755764 0.0000001 0.3607484
v -0.5755764 0.0000001 0.3607484
v -0.5780034 0.0098307 0.3631752
v -0.5780034 0.0098307 0.3631752
v -0.5647782 0.4439891 0.3686530
v -0.5647782 0.4439891 0.3686530
v -0.5755764 0.4579763 0.3607484
v -0.5755764 0.4579763 0.3607484
v -0.5755764 0.4579763 0.3607484
v -0.5780034 0.4439891 0.3631752
v -0.5780034 0.4439891 0.3631752
v -0.5647782 0.4579763 0.3631752
v -0.5647782 0.4579763 0.3631752
v -0.5647782 0.4579763 0.3631752
v -0.5647800 0.4642261 0.3312486
v -0.5647800 0.4642261 0.3312486
v -0.5460781 0.4642261 0.3499507
v -0.5460781 0.4642261 0.3499507
v -0.5539836 0.4546086 0.3391530
v -0.5539836 0.4546086 0.3391530
v -0.5539836 0.4546086 0.3391530
v -0.5515566 0.4644392 0.3367264
v -0.5515566 0.4644392 0.3367264
v -0.5515566 0.4546086 0.3499507
v -0.5515566 0.4546086 0.3499507
v -0.5515566 0.4546086 0.3499507
v -0.5647800 0.8357744 0.3312486
v -0.5647800 0.8357744 0.3312486
v -0.5647800 0.8497615 0.3367264
v -0.5647800 0.8497615 0.3367264
v -0.5647800 0.8497615 0.3367264
v -0.5539836 0.8497615 0.3391530
v -0.5539836 0.8497615 0.3391530
v -0.5539836 0.8497615 0.3391530
v -0.5515566 0.8357743 0.3367264
v -0.5515566 0.8357743 0.3367264
v -0.5539836 0.4546086 0.3607484
v -0.5539836 0.4546086 0.3607484
v -0.5539836 0.4546086 0.3607484
v -0.5515566 0.4644392 0.3631752
v -0.5515566 0.4644392 0.3631752
v -0.5460781 0.8357744 0.3499507
v -0.5460781 0.8357744 0.3499507
v -0.5539836 0.8497615 0.3607484
v -0.5539836 0.8497615 0.3607484
v -0.5539836 0.8497615 0.3607484
v -0.5515566 0.8357743 0.3631752
v -0.5515566 0.8357743 0.3631752
v -0.5515566 0.8497615 0.3499507
v -0.5515566 0.8497615 0.3499507
v -0.5515566 0.8497615 0.3499507
v -0.5780051 0.4546086 0.3499507
v -0.5780051 0.4546086 0.3499507
v -0.5780051 0.4546086 0.3499507
v -0.5755781 0.4546086 0.3391530
v -0.5755781 0.4546086 0.3391530
v -0.5755781 0.4546086 0.3391530
v -0.5780051 0.4644392 0.3367264
v -0.5780051 0.4644392 0.3367264
v -0.5647800 0.4546086 0.3367264
v -0.5647800 0.4546086 0.3367264
v -0.5647800 0.4546086 0.3367264
v -0.5647800 0.8497615 0.3499507
v -0.5834818 0.8357744 0.3499507
v -0.5834818 0.8357744 0.3499507
v -0.5755781 0.8497615 0.3391530
v -0.5755781 0.8497615 0.3391530
v -0.5755781 0.8497615 0.3391530
v -0.5780051 0.8357743 0.3367264
v -0.5780051 0.8357743 0.3367264
v -0.5780051 0.8497615 0.3499507
v -0.5780051 0.8497615 0.3499507
v -0.5780051 0.8497615 0.3499507
v -0.5647800 0.4546086 0.3499507
v -0.5647800 0.4642261 0.3686530
v -0.5647800 0.4642261 0.3686530
v -0.5834818 0.4642261 0.3499507
v -0.5834818 0.4642261 0.3499507
v -0.5647800 0.4546086 0.3631752
v -0.5647800 0.4546086 0.3631752
v -0.5647800 0.4546086 0.3631752
v -0.5755781 0.4546086 0.3607484
v -0.5755781 0.4546086 0.3607484
v -0.5755781 0.4546086 0.3607484
v -0.5780051 0.4644392 0.3631752
v -0.5780051 0.4644392 0.3631752
v -0.5647800 0.8357744 0.3686530
v -0.5647800 0.8357744 0.3686530
v -0.5755781 0.8497615 0.3607484
v -0.5755781 0.8497615 0.3607484
v -0.5755781 0.8497615 0.3607484
v -0.5780051 0.8357743 0.3631752
v -0.5780051 0.8357743 0.3631752
v -0.5647800 0.8497615 0.3631752
v -0.5647800 0.8497615 0.3631752
v -0.5647800 0.8497615 0.3631752
v -0.0010291 0.5421755 0.3312491
v -0.0010291 0.5421755 0.3312491
v 0.0176727 0.5421755 0.3499512
v 0.0176727 0.5421755 0.3499512
v 0.0097672 0.5325580 0.3391534
v 0.0097672 0.5325580 0.3391534
v 0.0097672 0.5325580 0.3391534
v 0.0121943 0.5423886 0.3367269
v 0.0121943 0.5423886 0.3367269
v 0.0121943 0.5325580 0.3499512
v 0.0121943 0.5325580 0.3499512
v 0.0121943 0.5325580 0.3499512
v -0.0010291 0.9765471 0.3312491
v -0.0010291 0.9765471 0.3312491
v -0.0010291 0.9905343 0.3367269
v -0.0010291 0.9905343 0.3367269
v -0.0010291 0.9905343 0.3367269
v 0.0097672 0.9905343 0.3391534
v 0.0097672 0.9905343 0.3391534
v 0.0097672 0.9905343 0.3391534
v 0.0121943 0.9765471 0.3367269
v 0.0121943 0.9765471 0.3367269
v 0.0097672 0.5325580 0.3607489
v 0.0097672 0.5325580 0.3607489
v 0.0097672 0.5325580 0.3607489
v 0.0121943 0.5423886 0.3631757
v 0.0121943 0.5423886 0.3631757
v 0.0176727 0.9765471 0.3499512
v 0.0176727 0.9765471 0.3499512
v 0.0097672 0.9905343 0.3607489
v 0.0097672 0.9905343 0.3607489
v 0.0097672 0.9905343 0.3607489
v 0.0121943 0.9765471 0.3631757
v 0.0121943 0.9765471 0.3631757
v 0.0121943 0.9905343 0.3499512
v 0.0121943 0.9905343 0.3499512
v 0.0121943 0.9905343 0.3499512
v -0.0142543 0.5325580 0.3499512
v -0.0142543 0.5325580 0.3499512
v -0.0142543 0.5325580 0.3499512
v -0.0118273 0.5325580 0.3391534
v -0.0118273 0.5325580 0.3391534
v -0.0118273 0.5325580 0.3391534
v -0.0142543 0.5423886 0.3367269
v -0.0142543 0.5423886 0.3367269
v -0.0010291 0.5325580 0.3367269
v -0.0010291 0.5325580 0.3367269
v -0.0010291 0.5325580 0.3367269
v -0.0010291 0.9905343 0.3499512
v -0.0197310 0.9765471 0.3499512
v -0.0197310 0.9765471 0.3499512
v -0.0118273 0.9905343 0.3391534
v -0.0118273 0.9905343 0.3391534
v -0.0118273 0.9905343 0.3391534
v -0.0142543 0.9765471 0.3367269
v -0.0142543 0.9765471 0.3367269
v -0.0142543 0.9905343 0.3499512
v -0.0142543 0.9905343 0.3499512
v -0.0142543 0.9905343 0.3499512
v -0.0010291 0.5325580 0.3499512
v -0.0010291 0.5421755 0.3686535
v -0.0010291 0.5421755 0.3686535
v -0.0197310 0.5421755 0.3499512
v -0.0197310 0.5421755 0.3499512
v -0.0010291 0.5325580 0.3631757
v -0.0010291 0.5325580 0.3631757
v -0.0010291 0.5325580 0.3631757
v -0.0118273 0.5325580 0.3607489
v -0.0118273 0.5325580 0.3607489
v -0.0118273 0.5325580 0.3607489
v -0.0142543 0.5423886 0.3631757
v -0.0142543 0.5423886 0.3631757
v -0.0010291 0.9765471 0.3686535
v -0.0010291 0.9765471 0.3686535
v -0.0118273 0.9905343 0.3607489
v -0.0118273 0.9905343 0.3607489
v -0.0118273 0.9905343 0.3607489
v -0.0142543 0.9765471 0.3631757
v -0.0142543 0.9765471 0.3631757
v -0.0010291 0.9905343 0.3631757
v -0.0010291 0.9905343 0.3631757
v -0.0010291 0.9905343 0.3631757
v -0.5647782 0.4642261 -0.3687188
v -0.5647782 0.4642261 -0.3687188
v -0.5460764 0.4642261 -0.3500167
v -0.5460764 0.4642261 -0.3500167
v -0.5539818 0.4546086 -0.3608144
v -0.5539818 0.4546086 -0.3608144
v -0.5539818 0.4546086 -0.3608144
v -0.5515548 0.4644392 -0.3632410
v -0.5515548 0.4644392 -0.3632410
v -0.5515548 0.4546086 -0.3500167
v -0.5515548 0.4546086 -0.3500167
v -0.5515548 0.4546086 -0.3500167
v -0.5647782 0.8357744 -0.3687188
v -0.5647782 0.8357744 -0.3687188
v -0.5647782 0.8497615 -0.3632410
v -0.5647782 0.8497615 -0.3632410
v -0.5647782 0.8497615 -0.3632410
v -0.5539818 0.8497615 -0.3608144
v -0.5539818 0.8497615 -0.3608144
v -0.5539818 0.8497615 -0.3608144
v -0.5515548 0.8357743 -0.3632410
v -0.5515548 0.8357743 -0.3632410
v -0.5539818 0.4546086 -0.3392190
v -0.5539818 0.4546086 -0.3392190
v -0.5539818 0.4546086 -0.3392190
v -0.5515548 0.4644392 -0.3367922
v -0.5515548 0.4644392 -0.3367922
v -0.5460764 0.8357744 -0.3500167
v -0.5460764 0.8357744 -0.3500167
v -0.5539818 0.8497615 -0.3392190
v -0.5539818 0.8497615 -0.3392190
v -0.5539818 0.8497615 -0.3392190
v -0.5515548 0.8357743 -0.3367922
v -0.5515548 0.8357743 -0.3367922
v -0.5515548 0.8497615 -0.3500167
v -0.5515548 0.8497615 -0.3500167
v -0.5515548 0.8497615 -0.3500167
v -0.5780034 0.4546086 -0.3500167
v -0.5780034 0.4546086 -0.3500167
v -0.5780034 0.4546086 -0.3500167
v -0.5755764 0.4546086 -0.3608144
v -0.5755764 0.4546086 -0.3608144
v -0.5755764 0.4546086 -0.3608144
v -0.5780034 0.4644392 -0.3632410
v -0.5780034 0.4644392 -0.3632410
v -0.5647782 0.4546086 -0.3632410
v -0.5647782 0.4546086 -0.3632410
v -0.5647782 0.4546086 -0.3632410
v -0.5647782 0.8497615 -0.3500167
v -0.5834801 0.8357744 -0.3500167
v -0.5834801 0.8357744 -0.3500167
v -0.5755764 0.8497615 -0.3608144
v -0.5755764 0.8497615 -0.3608144
v -0.5755764 0.8497615 -0.3608144
v -0.5780034 0.8357743 -0.3632410
v -0.5780034 0.8357743 -0.3632410
v -0.5780034 0.8497615 -0.3500167
v -0.5780034 0.8497615 -0.3500167
v -0.5780034 0.8497615 -0.3500167
v -0.5647782 0.4546086 -0.3500167
v -0.5647782 0.4642261 -0.3313144
v -0.5647782 0.4642261 -0.3313144
v -0.5834801 0.4642261 -0.3500167
v -0.5834801 0.4642261 -0.3500167
v -0.5647782 0.4546086 -0.3367922
v -0.5647782 0.4546086 -0.3367922
v -0.5647782 0.4546086 -0.3367922
v -0.5755764 0.4546086 -0.3392190
v -0.5755764 0.4546086 -0.3392190
v -0.5755764 0.4546086 -0.3392190
v -0.5780034 0.4644392 -0.3367922
v -0.5780034 0.4644392 -0.3367922
v -0.5647782 0.8357744 -0.3313144
v -0.5647782 0.8357744 -0.3313144
v -0.5755764 0.8497615 -0.3392190
v -0.5755764 0.8497615 -0.3392190
v -0.5755764 0.8497615 -0.3392190
v -0.5780034 0.8357743 -0.3367922
v -0.5780034 0.8357743 -0.3367922
v -0.5647782 0.8497615 -0.3367922
v -0.5647782 0.8497615 -0.3367922
v -0.5647782 0.8497615 -0.3367922
v -0.0010291 0.5434105 -0.3687187
v -0.0010291 0.5434105 -0.3687187
v 0.0176727 0.5434105 -0.3500166
v 0.0176727 0.5434105 -0.3500166
v 0.0097672 0.5337930 -0.3608143
v 0.0097672 0.5337930 -0.3608143
v 0.0097672 0.5337930 -0.3608143
v 0.0121943 0.5436236 -0.3632409
v 0.0121943 0.5436236 -0.3632409
v 0.0121943 0.5337930 -0.3500166
v 0.0121943 0.5337930 -0.3500166
v 0.0121943 0.5337930 -0.3500166
v -0.0010291 0.9777820 -0.3687187
v -0.0010291 0.9777820 -0.3687187
v -0.0010291 0.9917693 -0.3632409
v -0.0010291 0.9917693 -0.3632409
v -0.0010291 0.9917693 -0.3632409
v 0.0097672 0.9917693 -0.3608143
v 0.0097672 0.9917693 -0.3608143
v 0.0097672 0.9917693 -0.3608143
v 0.0121943 0.9777820 -0.3632409
v 0.0121943 0.9777820 -0.3632409
v 0.0097672 0.5337930 -0.3392189
v 0.0097672 0.5337930 -0.3392189
v 0.0097672 0.5337930 -0.3392189
v 0.0121943 0.5436236 -0.3367921
v 0.0121943 0.5436236 -0.3367921
v 0.0176727 0.9777820 -0.3500166
v 0.0176727 0.9777820 -0.3500166
v 0.0097672 0.9917693 -0.3392189
v 0.0097672 0.9917693 -0.3392189
v 0.0097672 0.9917693 -0.3392189
v 0.0121943 0.9777820 -0.3367921
v 0.0121943 0.9777820 -0.3367921
v 0.0121943 0.9917693 -0.3500166
v 0.0121943 0.9917693 -0.3500166
v 0.0121943 0.9917693 -0.3500166
v -0.0142543 0.5337930 -0.3500166
v -0.0142543 0.5337930 -0.3500166
v -0.0142543 0.5337930 -0.3500166
v -0.0118273 0.5337930 -0.3608143
v -0.0118273 0.5337930 -0.3608143
v -0.0118273 0.5337930 -0.3608143
v -0.0142543 0.5436236 -0.3632409
v -0.0142543 0.5436236 -0.3632409
v -0.0010291 0.5337930 -0.3632409
v -0.0010291 0.5337930 -0.3632409
v -0.0010291 0.5337930 -0.3632409
v -0.0010291 0.9917693 -0.3500166
v -0.0197310 0.9777820 -0.3500166
v -0.0197310 0.9777820 -0.3500166
v -0.0118273 0.9917693 -0.3608143
v -0.0118273 0.9917693 -0.3608143
v -0.0118273 0.9917693 -0.3608143
v -0.0142543 0.9777820 -0.3632409
v -0.0142543 0.9777820 -0.3632409
v -0.0142543 0.9917693 -0.3500166
v -0.0142543 0.9917693 -0.3500166
v -0.0142543 0.9917693 -0.3500166
v -0.0010291 0.5337930 -0.3500166
v -0.0010291 0.5434105 -0.3313143
v -0.0010291 0.5434105 -0.3313143
v -0.0197310 0.5434105 -0.3500166
v -0.0197310 0.5434105 -0.3500166
v -0.0010291 0.5337930 -0.3367921
v -0.0010291 0.5337930 -0.3367921
v -0.0010291 0.5337930 -0.3367921
v -0.0118273 0.5337930 -0.3392189
v -0.0118273 0.5337930 -0.3392189
v -0.0118273 0.5337930 -0.3392189
v -0.0142543 0.5436236 -0.3367921
v -0.0142543 0.5436236 -0.3367921
v -0.0010291 0.9777820 -0.3313143
v -0.0010291 0.9777820 -0.3313143
v -0.0118273 0.9917693 -0.3392189
v -0.0118273 0.9917693 -0.3392189
v -0.0118273 0.9917693 -0.3392189
v -0.0142543 0.9777820 -0.3367921
v -0.0142543 0.9777820 -0.3367921
v -0.0010291 0.9917693 -0.3367921
v -0.0010291 0.9917693 -0.3367921
v -0.0010291 0.9917693 -0.3367921
v 0.5788201 0.0096176 -0.3687188
v 0.5788201 0.0096176 -0.3687188
v 0.5975219 0.0096176 -0.3500167
v 0.5975219 0.0096176 -0.3500167
v 0.5896165 0.0000000 -0.3608144
v 0.5896165 0.0000000 -0.3608144
v 0.5896165 0.0000000 -0.3608144
v 0.5920435 0.0098307 -0.3632410
v 0.5920435 0.0098307 -0.3632410
v 0.5920435 0.0000000 -0.3500167
v 0.5920435 0.0000000 -0.3500167
v 0.5920435 0.0000000 -0.3500167
v 0.5788201 0.4439891 -0.3687188
v 0.5788201 0.4439891 -0.3687188
v 0.5788201 0.4579763 -0.3632410
v 0.5788201 0.4579763 -0.3632410
v 0.5788201 0.4579763 -0.3632410
v 0.5896165 0.4579763 -0.3608144
v 0.5896165 0.4579763 -0.3608144
v 0.5896165 0.4579763 -0.3608144
v 0.5920435 0.4439891 -0.3632410
v 0.5920435 0.4439891 -0.3632410
v 0.5896165 0.0000000 -0.3392190
v 0.5896165 0.0000000 -0.3392190
v 0.5896165 0.0000000 -0.3392190
v 0.5920435 0.0098307 -0.3367922
v 0.5920435 0.0098307 -0.3367922
v 0.5975219 0.4439891 -0.3500167
v 0.5975219 0.4439891 -0.3500167
v 0.5896165 0.4579763 -0.3392190
v 0.5896165 0.4579763 -0.3392190
v 0.5896165 0.4579763 -0.3392190
v 0.5920435 0.4439891 -0.3367922
v 0.5920435 0.4439891 -0.3367922
v 0.5920435 0.4579763 -0.3500167
v 0.5920435 0.4579763 -0.3500167
v 0.5920435 0.4579763 -0.3500167
v 0.5655949 0.0000000 -0.3500167
v 0.5655949 0.0000000 -0.3500167
v 0.5655949 0.0000000 -0.3500167
v 0.5680219 0.0000000 -0.3608144
v 0.5680219 0.0000000 -0.3608144
v 0.5680219 0.0000000 -0.3608144
v 0.5655949 0.0098307 -0.3632410
v 0.5655949 0.0098307 -0.3632410
v 0.5788201 0.0000000 -0.3632410
v 0.5788201 0.0000000 -0.3632410
v 0.5788201 0.0000000 -0.3632410
v 0.5788201 0.4579763 -0.3500167
v 0.5601182 0.4439891 -0.3500167
v 0.5601182 0.4439891 -0.3500167
v 0.5680219 0.4579763 -0.3608144
v 0.5680219 0.4579763 -0.3608144
v 0.5680219 0.4579763 -0.3608144
v 0.5655949 0.4439891 -0.3632410
v 0.5655949 0.4439891 -0.3632410
v 0.5655949 0.4579763 -0.3500167
v 0.5655949 0.4579763 -0.3500167
v 0.5655949 0.4579763 -0.3500167
v 0.5788201 0.0000000 -0.3500167
v 0.5788201 0.0096176 -0.3313144
v 0.5788201 0.0096176 -0.3313144
v 0.5601182 0.0096176 -0.3500167
v 0.5601182 0.0096176 -0.3500167
v 0.5788201 0.0000000 -0.3367922
v 0.5788201 0.0000000 -0.3367922
v 0.5788201 0.0000000 -0.3367922
v 0.5680219 0.0000000 -0.3392190
v 0.5680219 0.0000000 -0.3392190
v 0.5680219 0.0000000 -0.3392190
v 0.5655949 0.0098307 -0.3367922
v 0.5655949 0.0098307 -0.3367922
v 0.5788201 0.4439891 -0.3313144
v 0.5788201 0.4439891 -0.3313144
v 0.5680219 0.4579763 -0.3392190
v 0.5680219 0.4579763 -0.3392190
v 0.5680219 0.4579763 -0.3392190
v 0.5655949 0.4439891 -0.3367922
v 0.5655949 0.4439891 -0.3367922
v 0.5788201 0.4579763 -0.3367922
v 0.5788201 0.4579763 -0.3367922
v 0.5788201 0.4579763 -0.3367922
v 0.3089245 0.5510853 -0.1737252
v 0.3089245 0.5510853 -0.1737252
v 0.3089245 0.5510853 -0.1737252
v 0.3089245 0.5510853 -0.1737252
v 0.3276263 0.5510853 -0.1550231
v 0.3276263 0.5510853 -0.1550231
v 0.3276263 0.5510853 -0.1550231
v 0.3276263 0.5510853 -0.1550231
v 0.3197208 0.5441887 -0.1658208
v 0.3197208 0.5441887 -0.1658208
v 0.3197208 0.5441887 -0.1658208
v 0.3221479 0.5512381 -0.1682474
v 0.3221479 0.5512381 -0.1682474
v 0.3221479 0.5512381 -0.1682474
v 0.3221479 0.5512381 -0.1682474
v 0.3221479 0.5441887 -0.1550231
v 0.3221479 0.5441887 -0.1550231
v 0.3221479 0.5441887 -0.1550231
v 0.3089245 0.8625659 -0.1737252
v 0.3089245 0.8625659 -0.1737252
v 0.3089245 0.8725959 -0.1682474
v 0.3089245 0.8725959 -0.1682474
v 0.3089245 0.8725959 -0.1682474
v 0.3197208 0.8725959 -0.1658208
v 0.3197208 0.8725959 -0.1658208
v 0.3197208 0.8725959 -0.1658208
v 0.3221479 0.8625659 -0.1682474
v 0.3221479 0.8625659 -0.1682474
v 0.3197208 0.5441887 -0.1442254
v 0.3197208 0.5441887 -0.1442254
v 0.3197208 0.5441887 -0.1442254
v 0.3221479 0.5512381 -0.1417986
v 0.3221479 0.5512381 -0.1417986
v 0.3221479 0.5512381 -0.1417986
v 0.3221479 0.5512381 -0.1417986
v 0.3276263 0.8625659 -0.1550231
v 0.3276263 0.8625659 -0.1550231
v 0.3197208 0.8725959 -0.1442254
v 0.3197208 0.8725959 -0.1442254
v 0.3197208 0.8725959 -0.1442254
v 0.3221479 0.8625659 -0.1417986
v 0.3221479 0.8625659 -0.1417986
v 0.3221479 0.8725959 -0.1550231
v 0.3221479 0.8725959 -0.1550231
v 0.3221479 0.8725959 -0.1550231
v 0.2956993 0.5441887 -0.1550231
v 0.2956993 0.5441887 -0.1550231
v 0.2956993 0.5441887 -0.1550231
v 0.2981263 0.5441887 -0.1658208
v 0.2981263 0.5441887 -0.1658208
v 0.2981263 0.5441887 -0.1658208
v 0.2956993 0.5512381 -0.1682474
v 0.2956993 0.5512381 -0.1682474
v 0.2956993 0.5512381 -0.1682474
v 0.2956993 0.5512381 -0.1682474
v 0.3089245 0.5441887 -0.1682474
v 0.3089245 0.5441887 -0.1682474
v 0.3089245 0.5441887 -0.1682474
v 0.3089245 0.8725959 -0.1550231
v 0.2902226 0.8625659 -0.1550231
v 0.2902226 0.8625659 -0.1550231
v 0.2981263 0.8725959 -0.1658208
v 0.2981263 0.8725959 -0.1658208
v 0.2981263 0.8725959 -0.1658208
v 0.2956993 0.8625659 -0.1682474
v 0.2956993 0.8625659 -0.1682474
v 0.2956993 0.8725959 -0.1550231
v 0.2956993 0.8725959 -0.1550231
v 0.2956993 0.8725959 -0.1550231
v 0.3089245 0.5441887 -0.1550231
v 0.3089245 0.5510853 -0.1363208
v 0.3089245 0.5510853 -0.1363208
v 0.3089245 0.5510853 -0.1363208
v 0.3089245 0.5510853 -0.1363208
v 0.2902226 0.5510853 -0.1550231
v 0.2902226 0.5510853 -0.1550231
v 0.2902226 0.5510853 -0.1550231
v 0.2902226 0.5510853 -0.1550231
v 0.3089245 0.5441887 -0.1417986
v 0.3089245 0.5441887 -0.1417986
v 0.3089245 0.5441887 -0.1417986
v 0.2981263 0.5441887 -0.1442254
v 0.2981263 0.5441887 -0.1442254
v 0.2981263 0.5441887 -0.1442254
v 0.2956993 0.5512381 -0.1417986
v 0.2956993 0.5512381 -0.1417986
v 0.2956993 0.5512381 -0.1417986
v 0.2956993 0.5512381 -0.1417986
v 0.3089245 0.8625659 -0.1363208
v 0.3089245 0.8625659 -0.1363208
v 0.2981263 0.8725959 -0.1442254
v 0.2981263 0.8725959 -0.1442254
v 0.2981263 0.8725959 -0.1442254
v 0.2956993 0.8625659 -0.1417986
v 0.2956993 0.8625659 -0.1417986
v 0.3089245 0.8725959 -0.1417986
v 0.3089245 0.8725959 -0.1417986
v 0.3089245 0.8725959 -0.1417986
v 0.3089227 0.5889918 0.1121524
v 0.3089227 0.5889918 0.1121524
v 0.3089227 0.5889918 0.1121524
v 0.3089227 0.5889918 0.1121524
v 0.3276246 0.5889918 0.1308544
v 0.3276246 0.5889918 0.1308544
v 0.3276246 0.5889918 0.1308544
v 0.3276246 0.5889918 0.1308544
v 0.3197191 0.5820953 0.1200567
v 0.3197191 0.5820953 0.1200567
v 0.3197191 0.5820953 0.1200567
v 0.3221461 0.5891446 0.1176301
v 0.3221461 0.5891446 0.1176301
v 0.3221461 0.5891446 0.1176301
v 0.3221461 0.5891446 0.1176301
v 0.3221461 0.5820953 0.1308544
v 0.3221461 0.5820953 0.1308544
v 0.3221461 0.5820953 0.1308544
v 0.3089227 0.9004725 0.1121524
v 0.3089227 0.9004725 0.1121524
v 0.3089227 0.9105025 0.1176301
v 0.3089227 0.9105025 0.1176301
v 0.3089227 0.9105025 0.1176301
v 0.3197191 0.9105025 0.1200567
v 0.3197191 0.9105025 0.1200567
v 0.3197191 0.9105025 0.1200567
v 0.3221461 0.9004725 0.1176301
v 0.3221461 0.9004725 0.1176301
v 0.3197191 0.5820953 0.1416521
v 0.3197191 0.5820953 0.1416521
v 0.3197191 0.5820953 0.1416521
v 0.3221461 0.5891446 0.1440789
v 0.3221461 0.5891446 0.1440789
v 0.3221461 0.5891446 0.1440789
v 0.3221461 0.5891446 0.1440789
v 0.3276246 0.9004725 0.1308544
v 0.3276246 0.9004725 0.1308544
v 0.3197191 0.9105025 0.1416521
v 0.3197191 0.9105025 0.1416521
v 0.3197191 0.9105025 0.1416521
v 0.3221461 0.9004725 0.1440789
v 0.3221461 0.9004725 0.1440789
v 0.3221461 0.9105025 0.1308544
v 0.3221461 0.9105025 0.1308544
v 0.3221461 0.9105025 0.1308544
v 0.2956975 0.5820953 0.1308544
v 0.2956975 0.5820953 0.1308544
v 0.2956975 0.5820953 0.1308544
v 0.2981245 0.5820953 0.1200567
v 0.2981245 0.5820953 0.1200567
v 0.2981245 0.5820953 0.1200567
v 0.2956975 0.5891446 0.1176301
v 0.2956975 0.5891446 0.1176301
v 0.2956975 0.5891446 0.1176301
v 0.2956975 0.5891446 0.1176301
v 0.3089227 0.5820953 0.1176301
v 0.3089227 0.5820953 0.1176301
v 0.3089227 0.5820953 0.1176301
v 0.3089227 0.9105025 0.1308544
v 0.2902208 0.9004725 0.1308544
v 0.2902208 0.9004725 0.1308544
v 0.2981245 0.9105025 0.1200567
v 0.2981245 0.9105025 0.1200567
v 0.2981245 0.9105025 0.1200567
v 0.2956975 0.9004725 0.1176301
v 0.2956975 0.9004725 0.1176301
v 0.2956975 0.9105025 0.1308544
v 0.2956975 0.9105025 0.1308544
v 0.2956975 0.9105025 0.1308544
v 0.3089227 0.5820953 0.1308544
v 0.3089227 0.5889918 0.1495567
v 0.3089227 0.5889918 0.1495567
v 0.3089227 0.5889918 0.1495567
v 0.3089227 0.5889918 0.1495567
v 0.2902208 0.5889918 0.1308544
v 0.2902208 0.5889918 0.1308544
v 0.2902208 0.5889918 0.1308544
v 0.2902208 0.5889918 0.1308544
v 0.3089227 0.5820953 0.1440789
v 0.3089227 0.5820953 0.1440789
v 0.3089227 0.5820953 0.1440789
v 0.2981245 0.5820953 0.1416521
v 0.2981245 0.5820953 0.1416521
v 0.2981245 0.5820953 0.1416521
v 0.2956975 0.5891446 0.1440789
v 0.2956975 0.5891446 0.1440789
v 0.2956975 0.5891446 0.1440789
v 0.2956975 0.5891446 0.1440789
v 0.3089227 0.9004725 0.1495567
v 0.3089227 0.9004725 0.1495567
v 0.2981245 0.9105025 0.1416521
v 0.2981245 0.9105025 0.1416521
v 0.2981245 0.9105025 0.1416521
v 0.2956975 0.9004725 0.1440789
v 0.2956975 0.9004725 0.1440789
v 0.3089227 0.9105025 0.1440789
v 0.3089227 0.9105025 0.1440789
v 0.3089227 0.9105025 0.1440789
vt 0.9685912 0.3282275
vt 0.9806745 0.2682517
vt 0.2667603 0.1878808
vt 0.9806745 0.2169339
vt 0.9710068 0.2851685
vt 0.3175722 0.1888340
vt 0.8259818 0.0184058
vt 0.7616143 0.3689636
vt 0.9782589 0.7540048
vt 0.7616143 0.3181617
vt 0.3958127 0.9400884
vt 0.9782589 0.7036850
vt 0.7233648 0.9594228
vt 0.8796722 0.5410661
vt 0.2199181 0.2585850
vt 0.8400638 0.9594228
vt 0.1032296 0.2585850
vt 0.9618395 0.5026693
vt 0.7233992 0.5730713
vt 0.8942748 0.3984045
vt 0.9618395 0.4006040
vt 0.8942748 0.2963686
vt 0.9746772 0.8982231
vt 0.7233832 0.6366764
vt 0.8512534 0.3995366
vt 0.9601916 0.6114205
vt 0.8512534 0.2975006
vt 0.9746772 0.9618390
vt 0.9601916 0.5103529
vt 0.8796399 0.6686817
vt 0.2198650 0.1309846
vt 0.1031766 0.1309846
vt 0.9811729 0.2947681
vt 0.8112798 0.3168547
vt 0.3958127 0.8666473
vt 0.9835896 0.4060016
vt 0.9637328 0.8869223
vt 0.8975968 0.2596345
vt 0.7233124 0.8041478
vt 0.7234073 0.5410661
vt 0.9159224 0.3978348
vt 0.9811729 0.3455845
vt 0.8259818 0.0918339
vt 0.8112798 0.3676566
vt 0.9601876 0.5026698
vt 0.7217368 0.5730711
vt 0.2090430 0.3662037
vt 0.7217208 0.6366763
vt 0.1660214 0.3673356
vt 0.9618394 0.6113896
vt 0.3627693 0.3996710
vt 0.9739228 0.4106086
vt 0.1702924 0.2715019
vt 0.9739228 0.4615851
vt 0.2047717 0.2705947
vt 0.3794190 0.4004990
vt 0.1660214 0.2652998
vt 0.9763395 0.9618395
vt 0.9618394 0.5103220
vt 0.9601876 0.4006046
vt 0.2090430 0.2641678
vt 0.9763395 0.8982235
vt 0.7217353 0.5793856
vt 0.2047717 0.3663160
vt 0.3794190 0.4953117
vt 0.3627693 0.4954197
vt 0.7217225 0.6303622
vt 0.1702924 0.3672233
vt 0.7275469 0.5793860
vt 0.3576690 0.4945126
vt 0.3736589 0.4954198
vt 0.3685440 0.4954178
vt 0.7275341 0.6303623
vt 0.3231899 0.4954198
vt 0.3685440 0.3996690
vt 0.9681112 0.4106100
vt 0.3231899 0.3996986
vt 0.9681112 0.4615863
vt 0.3576690 0.3987913
vt 0.3736589 0.4006069
vt 0.0880003 0.0033846
vt 0.9183391 0.1594864
vt 0.3649190 0.1423465
vt 0.7432887 0.2705919
vt 0.9183391 0.0032250
vt 0.3649190 0.2972519
vt 0.8479314 0.2101396
vt 0.8863991 0.3770015
vt 0.1952541 0.9332697
vt 0.9835896 0.3551852
vt 0.8975968 0.2088326
vt 0.8863991 0.3035609
vt 0.0032432 0.1309846
vt 0.1594796 0.2653859
vt 0.2254847 0.0066496
vt 0.8259815 0.0588334
vt 0.7889591 0.3682441
vt 0.1031516 0.0708980
vt 0.7889591 0.3174422
vt 0.3958125 0.8996536
vt 0.8796247 0.7287756
vt 0.2198400 0.0708980
vt 0.0880283 0.0708980
vt 0.8508059 0.1595010
vt 0.2317636 0.0990840
vt 0.7889591 0.2693901
vt 0.8508059 0.0032396
vt 0.3866691 0.0990840
vt 0.9811728 0.7630623
vt 0.9710068 0.2122293
vt 0.3175722 0.2611403
vt 0.9685912 0.4011683
vt 0.9811728 0.8143700
vt 0.2667603 0.2601871
vt 0.7233599 0.7287756
vt 0.7889592 0.4011758
vt 0.8400114 0.8041478
vt 0.9159224 0.2811694
vt 0.8296054 0.2834408
vt 0.9637328 0.8134942
vt 0.8479314 0.2609415
vt 0.1952541 0.9835895
vt 0.7889591 0.2845104
vt 0.7233750 0.6686817
vt 0.8296054 0.4001062
vt 0.8296053 0.1835270
vt 0.0032181 0.2653860
vt 0.3803901 0.0066496
vt 0.9604724 0.6209760
vt 0.3649190 0.5741930
vt 0.2488144 0.4771553
vt 0.9604724 0.6645876
vt 0.2488144 0.5207545
vt 0.3673356 0.3866692
vt 0.2737228 0.5200991
vt 0.3673356 0.3498363
vt 0.9580559 0.7153379
vt 0.1714800 0.4216705
vt 0.0797505 0.0688754
vt 0.2162743 0.4204918
vt 0.0797505 0.0026381
vt 0.0120833 0.9737616
vt 0.3649190 0.6110193
vt 0.2737228 0.4764999
vt 0.3649190 0.6404185
vt 0.2936079 0.4759767
vt 0.9715062 0.0122373
vt 0.3794190 0.6392101
vt 0.2162743 0.3768927
vt 0.0120833 0.9305761
vt 0.2936079 0.5195758
vt 0.3673356 0.3204321
vt 0.9715062 0.0554225
vt 0.9580559 0.6717262
vt 0.3794190 0.5729843
vt 0.1714800 0.3780715
vt 0.2463783 0.4736181
vt 0.3987525 0.9400893
vt 0.9811729 0.7036303
vt 0.8289219 0.0184051
vt 0.2463783 0.5244200
vt 0.9811729 0.7539501
vt 0.8289215 0.0588327
vt 0.2737228 0.5237004
vt 0.9666727 0.8134935
vt 0.1690445 0.4253360
vt 0.1981680 0.9835349
vt 0.9806684 0.4060026
vt 0.9666727 0.8869216
vt 0.2187097 0.4240291
vt 0.2737228 0.4728986
vt 0.3987520 0.8996543
vt 0.9782517 0.2947690
vt 0.2960435 0.4723111
vt 0.3987525 0.8666480
vt 0.9806684 0.3551860
vt 0.2187097 0.3732272
vt 0.8893389 0.3035617
vt 0.9782517 0.3455856
vt 0.8289219 0.0918332
vt 0.2960435 0.5231131
vt 0.1690445 0.3745341
vt 0.8893389 0.3770024
vt 0.1981680 0.9332151
vt 0.9690894 0.6209730
vt 0.3562470 0.5741952
vt 0.5231278 0.5836902
vt 0.9690894 0.6645846
vt 0.5667119 0.5848370
vt 0.3586639 0.3866671
vt 0.5667119 0.5599194
vt 0.3586639 0.3498342
vt 0.9666728 0.7153349
vt 0.5159615 0.5848370
vt 0.0710789 0.0688734
vt 0.5159616 0.5400271
vt 0.0710789 0.0026360
vt 0.0034884 0.9739228
vt 0.3562469 0.6110215
vt 0.5231278 0.5587726
vt 0.3562470 0.6404207
vt 0.5231278 0.5388806
vt 0.9629112 0.0123984
vt 0.3707470 0.6392123
vt 0.4723775 0.5388803
vt 0.0034884 0.9307375
vt 0.5667119 0.5400276
vt 0.3586639 0.3204302
vt 0.9629112 0.0555838
vt 0.9666728 0.6717232
vt 0.3707470 0.5729865
vt 0.4723775 0.5836901
vt 0.9118975 0.9594228
vt 0.9118975 0.9594228
vt 0.0314024 0.2585850
vt 0.9400893 0.9562522
vt 0.0032845 0.2304891
vt 0.1595010 0.3649189
vt 0.9400369 0.8009773
vt 0.8969163 0.1817558
vt 0.0032396 0.3649189
vt 0.9118451 0.8041478
vt 0.9118451 0.8041478
vt 0.9159224 0.2093563
vt 0.9024833 0.2014794
vt 0.7233426 0.7962968
vt 0.7432887 0.4023775
vt 0.2344069 0.2948035
vt 0.8796074 0.7962968
vt 0.2198120 0.0033846
vt 0.2344069 0.1398979
vt 0.1031237 0.0033846
vt 0.3499448 0.1420655
vt 0.7432887 0.2857122
vt 0.3499449 0.2969710
vt 0.9666728 0.2029977
vt 0.3818357 0.3204243
vt 0.3478198 0.3079344
vt 0.9463087 0.9739228
vt 0.3818357 0.3866674
vt 0.3478199 0.3736029
vt 0.2549599 0.4001749
vt 0.9463087 0.9303238
vt 0.3046420 0.3727929
vt 0.2549599 0.4664196
vt 0.9666728 0.1593899
vt 0.3046420 0.3071244
vt 0.9715061 0.4011692
vt 0.9792008 0.8144218
vt 0.3516271 0.3046961
vt 0.9715061 0.3282285
vt 0.9835895 0.2682505
vt 0.3516271 0.3770024
vt 0.9835895 0.2169327
vt 0.9739228 0.2851681
vt 0.3008153 0.3760492
vt 0.9792008 0.7631142
vt 0.9739228 0.2122289
vt 0.3008153 0.3037429
vt 0.9580044 0.2030013
vt 0.3731651 0.3204261
vt 0.4664196 0.5385020
vt 0.9521726 0.9737685
vt 0.3731651 0.3866692
vt 0.4664196 0.6041705
vt 0.2462903 0.4001728
vt 0.9521726 0.9301695
vt 0.4232418 0.6033604
vt 0.2462903 0.4664176
vt 0.9580044 0.1593934
vt 0.4232418 0.5376920
vt 0.2682516 0.1135840
vt 0.7532339 0.0124608
vt 0.9715062 0.0646839
vt 0.2638553 0.1135840
vt 0.9671128 0.0645684
vt 0.1848762 0.2771412
vt 0.3286658 0.1040987
vt 0.7532339 0.1511495
vt 0.9533811 0.2428765
vt 0.3242693 0.1040987
vt 0.9489854 0.2428765
vt 0.1898409 0.2771370
vt 0.4217110 0.9376726
vt 0.8338553 0.1511700
vt 0.4173147 0.9376726
vt 0.4033989 0.8014040
vt 0.4216644 0.7998624
vt 0.8338553 0.0124814
vt 0.4172682 0.7998624
vt 0.4033989 0.9400892
vt 0.8424994 0.0038372
vt 0.9352188 0.4617215
vt 0.8424994 0.0038372
vt 0.9343063 0.4608493
vt 0.9343063 0.4608493
vt 0.8434218 0.0029293
vt 0.8796722 0.4688363
vt 0.1762300 0.3664199
vt 0.1762300 0.3664199
vt 0.8760837 0.4679972
vt 0.9317096 0.4608493
vt 0.1753199 0.3673357
vt 0.8771011 0.4687880
vt 0.8771011 0.4687880
vt 0.9706071 0.1256675
vt 0.8434219 0.0124750
vt 0.8796722 0.4593736
vt 0.8424994 0.0124835
vt 0.9715062 0.1250824
vt 0.8424994 0.0124835
vt 0.2673485 0.1040987
vt 0.9343439 0.5510035
vt 0.9343439 0.5510035
vt 0.2682486 0.1049925
vt 0.7532339 0.0038145
vt 0.9352559 0.5509763
vt 0.2638526 0.1049925
vt 0.1762300 0.2771393
vt 0.1762300 0.2771393
vt 0.2647515 0.1040987
vt 0.9317472 0.5510035
vt 0.1753197 0.2771558
vt 0.9498475 0.1527225
vt 0.8771011 0.3218432
vt 0.8771011 0.3218432
vt 0.9489483 0.1536219
vt 0.1898409 0.3664175
vt 0.4120442 0.8014021
vt 0.8760837 0.3219440
vt 0.8424994 0.1598183
vt 0.8424994 0.1598183
vt 0.8424994 0.1598183
vt 0.8434218 0.1607094
vt 0.9690894 0.5920870
vt 0.8434218 0.1607094
vt 0.8796722 0.3124287
vt 0.1984871 0.3664194
vt 0.1984871 0.3664194
vt 0.8760837 0.3133730
vt 0.9664941 0.5920188
vt 0.1993762 0.3673356
vt 0.8771011 0.3123804
vt 0.8771011 0.3123804
vt 0.3286687 0.1126900
vt 0.7532339 0.1597956
vt 0.7532339 0.1597956
vt 0.3277691 0.1135841
vt 0.7532569 0.1606864
vt 0.9690894 0.5310799
vt 0.3251723 0.1135841
vt 0.9664941 0.5310116
vt 0.1993760 0.2771554
vt 0.3242723 0.1126900
vt 0.1984872 0.2771388
vt 0.1984872 0.2771388
vt 0.9524443 0.1527225
vt 0.8434219 0.1511636
vt 0.8796722 0.3218914
vt 0.8424994 0.1511721
vt 0.9533443 0.1536219
vt 0.8424994 0.1511721
vt 0.9680118 0.1255991
vt 0.8771011 0.4593253
vt 0.8771011 0.4593253
vt 0.9671128 0.1249669
vt 0.1848762 0.3664217
vt 0.4120442 0.9400874
vt 0.8760837 0.4594261
vt 0.4060026 0.9787544
vt 0.2775721 0.3766558
vt 0.4467416 0.9763395
vt 0.4060026 0.9466930
vt 0.4467416 0.9442813
vt 0.3669891 0.1059867
vt 0.2827503 0.3766558
vt 0.4519195 0.9763374
vt 0.0093661 0.1087506
vt 0.4519195 0.9442790
vt 0.3669891 0.1111664
vt 0.0093661 0.0770028
vt 0.4008552 0.9787561
vt 0.2775734 0.3818358
vt 0.2416682 0.4324939
vt 0.4008552 0.9466947
vt 0.2416682 0.4004419
vt 0.3721690 0.1059877
vt 0.2827517 0.3818358
vt 0.2381660 0.4325860
vt 0.0145001 0.1086543
vt 0.2381660 0.4005339
vt 0.3721690 0.1111673
vt 0.0145001 0.0769063
vt 0.2005832 0.3839059
vt 0.4277528 0.9763374
vt 0.0359495 0.0531670
vt 0.4277528 0.9442790
vt 0.2389050 0.3794181
vt 0.0359495 0.0214190
vt 0.2005846 0.3890858
vt 0.3396659 0.3480022
vt 0.0410836 0.0530706
vt 0.3396659 0.3159502
vt 0.2440849 0.3794190
vt 0.0410836 0.0213227
vt 0.5002531 0.9787543
vt 0.1954050 0.3839059
vt 0.4225745 0.9763395
vt 0.5002531 0.9466930
vt 0.4225745 0.9442810
vt 0.2389050 0.3742388
vt 0.4951060 0.9787561
vt 0.1954062 0.3890858
vt 0.3431688 0.3479100
vt 0.4951060 0.9466949
vt 0.3431688 0.3158580
vt 0.2440849 0.3742397
vt 0.2948341 0.3814889
vt 0.3625024 0.9787540
vt 0.0480329 0.0507503
vt 0.3625024 0.9466956
vt 0.3476562 0.1180706
vt 0.0480329 0.0190025
vt 0.2948353 0.3866690
vt 0.0303310 0.4132526
vt 0.0531670 0.0506541
vt 0.0303310 0.3812006
vt 0.3476562 0.1232510
vt 0.0531670 0.0189061
vt 0.0169168 0.0483319
vt 0.2896559 0.3814889
vt 0.3573242 0.9787561
vt 0.0169168 0.0162708
vt 0.3573242 0.9466978
vt 0.3528356 0.1180696
vt 0.0117696 0.0483336
vt 0.2896571 0.3866690
vt 0.0338335 0.4131604
vt 0.0117696 0.0162724
vt 0.0338335 0.3811083
vt 0.3528356 0.1232499
vt 0.2054180 0.3935727
vt 0.4398361 0.9763374
vt 0.0238660 0.0483336
vt 0.4398361 0.9442790
vt 0.3379888 0.3649191
vt 0.0238660 0.0165855
vt 0.2054180 0.3987526
vt 0.0109973 0.4132526
vt 0.0290002 0.0482372
vt 0.0109973 0.3812004
vt 0.3431688 0.3649191
vt 0.0290002 0.0164894
vt 0.4881697 0.9763379
vt 0.2002397 0.3935715
vt 0.4346580 0.9763395
vt 0.4881697 0.9442765
vt 0.4346580 0.9442810
vt 0.3379879 0.3597397
vt 0.4830225 0.9763395
vt 0.2002397 0.3987514
vt 0.0145001 0.4131604
vt 0.4830225 0.9442782
vt 0.0145001 0.3811083
vt 0.3431678 0.3597397
vt 0.2706673 0.3742388
vt 0.9642560 0.2416661
vt 0.3283684 0.3480022
vt 0.9642560 0.2096077
vt 0.3770016 0.1180713
vt 0.3283684 0.3162544
vt 0.2706684 0.3794190
vt 0.0206640 0.4156693
vt 0.3335021 0.3479059
vt 0.0206640 0.3836173
vt 0.3718216 0.1180713
vt 0.3335021 0.3161579
vt 0.4760863 0.9787544
vt 0.2654888 0.3742388
vt 0.9590777 0.2416682
vt 0.4760863 0.9466930
vt 0.9590777 0.2096100
vt 0.3770024 0.1232507
vt 0.4709391 0.9787561
vt 0.2654901 0.3794190
vt 0.0241668 0.4155772
vt 0.4709391 0.9466950
vt 0.0241668 0.3835251
vt 0.3718225 0.1232507
vt 0.4640028 0.9763377
vt 0.2509899 0.3766543
vt 0.3814912 0.9787561
vt 0.4640028 0.9442763
vt 0.3814912 0.9466977
vt 0.3600857 0.1059864
vt 0.2561683 0.3766557
vt 0.3866691 0.9787540
vt 0.0576996 0.0507503
vt 0.3866691 0.9466956
vt 0.3549061 0.1059874
vt 0.0576996 0.0190024
vt 0.4588555 0.9763395
vt 0.2509899 0.3818343
vt 0.0435002 0.4155772
vt 0.4588555 0.9442781
vt 0.0435002 0.3835251
vt 0.3600857 0.1111663
vt 0.2561683 0.3818358
vt 0.0399978 0.4156693
vt 0.0628337 0.0506539
vt 0.0399978 0.3836170
vt 0.3549061 0.1111674
vt 0.0628337 0.0189061
vt 0.9755979 0.5307568
vt 0.7829722 0.1658470
vt 0.1635997 0.4108360
vt 0.7756241 0.1658470
vt 0.9707651 0.8023384
vt 0.1635997 0.4035587
vt 0.9763395 0.5307567
vt 0.8820889 0.5292534
vt 0.1643344 0.4108222
vt 0.8747449 0.5290601
vt 0.9715062 0.8023385
vt 0.1643344 0.4035451
vt 0.1643344 0.3915023
vt 0.9755979 0.6090038
vt 0.7830049 0.2440848
vt 0.1643344 0.3841533
vt 0.7756565 0.2440848
vt 0.9707651 0.7240779
vt 0.1635977 0.3915025
vt 0.9763395 0.6090036
vt 0.8820889 0.4763103
vt 0.1635977 0.3841536
vt 0.8747449 0.4761170
vt 0.9715062 0.7240780
vt 0.9755983 0.6177575
vt 0.7950557 0.1658470
vt 0.3883511 0.1643344
vt 0.7877075 0.1658470
vt 0.9006810 0.7515880
vt 0.3883511 0.1570573
vt 0.9763395 0.6177573
vt 0.8675888 0.5244200
vt 0.3890858 0.1643206
vt 0.8602443 0.5242266
vt 0.9014223 0.7515880
vt 0.3890858 0.1570436
vt 0.3625022 0.3117517
vt 0.9755983 0.6960043
vt 0.7950884 0.2440848
vt 0.3625022 0.3044027
vt 0.7877399 0.2440848
vt 0.9006810 0.6733274
vt 0.3617655 0.3117520
vt 0.9763395 0.6960042
vt 0.8675888 0.4714768
vt 0.3617655 0.3044031
vt 0.8602443 0.4712836
vt 0.9014223 0.6733276
vt 0.9780150 0.0039203
vt 0.7708891 0.1743055
vt 0.3956012 0.0096668
vt 0.7635406 0.1743055
vt 0.9731817 0.8893389
vt 0.3956012 0.0023898
vt 0.9787562 0.0039200
vt 0.4809197 0.6428374
vt 0.3963359 0.0096530
vt 0.4735753 0.6426440
vt 0.9739229 0.8893390
vt 0.3963359 0.0023759
vt 0.3117519 0.2561681
vt 0.9780150 0.0821671
vt 0.7709216 0.2525433
vt 0.3117519 0.2488191
vt 0.7635733 0.2525433
vt 0.9731817 0.8110784
vt 0.3110152 0.2561682
vt 0.9787562 0.0821670
vt 0.4809197 0.5898942
vt 0.3110152 0.2488194
vt 0.4735753 0.5897009
vt 0.9739229 0.8110785
vt 0.9780149 0.1295879
vt 0.3914701 0.4002652
vt 0.3883512 0.1812511
vt 0.3841216 0.4002652
vt 0.0210086 0.9521725
vt 0.3883512 0.1739740
vt 0.9787561 0.1295878
vt 0.8071718 0.2199181
vt 0.3890858 0.1812373
vt 0.7998275 0.2197248
vt 0.0217501 0.9521726
vt 0.3890858 0.1739603
vt 0.3890858 0.1474174
vt 0.9780149 0.2078346
vt 0.3915025 0.4785030
vt 0.3890858 0.1400685
vt 0.3841542 0.4785030
vt 0.0210086 0.8739120
vt 0.3883491 0.1474176
vt 0.9787561 0.2078346
vt 0.8071718 0.1669750
vt 0.3883491 0.1400687
vt 0.7998275 0.1667818
vt 0.0217501 0.8739122
vt 0.9509643 0.3951275
vt 0.0043316 0.1039174
vt 0.9473392 0.4377898
vt 0.0043316 0.0965706
vt 0.9533810 0.5537328
vt 0.9400634 0.4376533
vt 0.9473394 0.1474176
vt 0.9502231 0.3951272
vt 0.0048333 0.1039042
vt 0.9399903 0.1474176
vt 0.0048333 0.0965574
vt 0.9526396 0.5537331
vt 0.9509643 0.2492278
vt 0.3866691 0.0193332
vt 0.9473392 0.5824203
vt 0.3866691 0.0119851
vt 0.9533810 0.6996291
vt 0.9400634 0.5822838
vt 0.9472905 0.0024419
vt 0.9502231 0.2492275
vt 0.3859279 0.0193335
vt 0.9399415 0.0024419
vt 0.3859279 0.0119854
vt 0.9526396 0.6996294
vt 0.9545894 0.5473784
vt 0.0043315 0.0870005
vt 0.9473394 0.5888325
vt 0.0043315 0.0796537
vt 0.9582144 0.8135260
vt 0.9400637 0.5886959
vt 0.9449226 0.4313777
vt 0.9538481 0.5473782
vt 0.0048334 0.0869873
vt 0.9375735 0.4313777
vt 0.0048334 0.0796405
vt 0.9574732 0.8135263
vt 0.9545894 0.4014788
vt 0.3842525 0.1135837
vt 0.9473394 0.7334630
vt 0.3842525 0.1062354
vt 0.9582144 0.9594224
vt 0.9400637 0.7333266
vt 0.9448737 0.2864021
vt 0.9538481 0.4014784
vt 0.3835115 0.1135841
vt 0.9375246 0.2864021
vt 0.3835115 0.1062357
vt 0.9574732 0.9594228
vt 0.0626640 0.0698406
vt 0.3117042 0.3997495
vt 0.0626640 0.0698406
vt 0.0626640 0.0698406
vt 0.3114991 0.3997325
vt 0.1075424 0.4301498
vt 0.0628338 0.0698891
vt 0.3114991 0.3997325
vt 0.1075363 0.4299467
vt 0.1075363 0.4299467
vt 0.0626357 0.0700838
vt 0.0626357 0.0700838
vt 0.9638002 0.9084862
vt 0.9714497 0.5217867
vt 0.0053765 0.0610684
vt 0.9712448 0.5220033
vt 0.0050896 0.0613077
vt 0.0050896 0.0613077
vt 0.9714459 0.5215840
vt 0.9714459 0.5215840
vt 0.0051785 0.0608662
vt 0.2719897 0.2547630
vt 0.3117042 0.4662005
vt 0.2719897 0.2547630
vt 0.0626638 0.0039676
vt 0.3115044 0.4664196
vt 0.2722867 0.2547631
vt 0.2722867 0.2547631
vt 0.2722867 0.2547631
vt 0.3114993 0.4662215
vt 0.3114993 0.4662215
vt 0.2721391 0.2549599
vt 0.3114993 0.4662215
vt 0.9714459 0.4710108
vt 0.9714459 0.4710108
vt 0.3889058 0.5789745
vt 0.9712448 0.4705898
vt 0.3893480 0.5789002
vt 0.0050896 0.0103402
vt 0.3890609 0.5791723
vt 0.9714493 0.4708129
vt 0.3890609 0.5791723
vt 0.2936047 0.3010689
vt 0.3238354 0.3188654
vt 0.2638698 0.3997205
vt 0.0599189 0.4301695
vt 0.2934051 0.3010464
vt 0.2934051 0.3010464
vt 0.0597185 0.4299694
vt 0.3236962 0.3190022
vt 0.0599131 0.4299666
vt 0.3236962 0.3187190
vt 0.0599131 0.4299666
vt 0.0599131 0.4299666
vt 0.2330944 0.3010689
vt 0.3424559 0.5677177
vt 0.3424559 0.5677177
vt 0.3424559 0.5677177
vt 0.0599131 0.3698621
vt 0.3424597 0.5679202
vt 0.0599131 0.3698621
vt 0.3424597 0.5679202
vt 0.2332952 0.3010464
vt 0.0597185 0.3698650
vt 0.2332952 0.3010464
vt 0.3422592 0.5677201
vt 0.2936268 0.3671367
vt 0.2936268 0.3671367
vt 0.2638700 0.4662095
vt 0.2638700 0.4662095
vt 0.2934269 0.3673356
vt 0.2934269 0.3673356
vt 0.2638753 0.4664078
vt 0.3045020 0.2539154
vt 0.2934274 0.3671141
vt 0.2934274 0.3671141
vt 0.2934274 0.3671141
vt 0.2934274 0.3671141
vt 0.2331166 0.3671367
vt 0.2331166 0.3671367
vt 0.3424559 0.5012301
vt 0.3424559 0.5012301
vt 0.2333174 0.3671141
vt 0.2333174 0.3671141
vt 0.2333174 0.3671141
vt 0.2333174 0.3671141
vt 0.2333169 0.3673356
vt 0.2333169 0.3673356
vt 0.3045020 0.1938227
vt 0.3424594 0.5010323
vt 0.9641932 0.9663710
vt 0.9641932 0.9663710
vt 0.3119040 0.4074878
vt 0.0626920 0.0621436
vt 0.3114991 0.4076896
vt 0.9638002 0.9665766
vt 0.3114991 0.4076896
vt 0.3114991 0.4076896
vt 0.3117038 0.4072685
vt 0.3117038 0.4072685
vt 0.0626640 0.0623870
vt 0.0626640 0.0623870
vt 0.1075363 0.3698424
vt 0.3900967 0.5679098
vt 0.0031237 0.0689674
vt 0.3900934 0.5677072
vt 0.3900934 0.5677072
vt 0.3902941 0.5676883
vt 0.3902941 0.5676883
vt 0.0030144 0.0687207
vt 0.0030144 0.0687207
vt 0.2721391 0.1944671
vt 0.3900930 0.5012200
vt 0.3900930 0.5012200
vt 0.2722867 0.1946704
vt 0.2722867 0.1946704
vt 0.3900966 0.5010219
vt 0.2722867 0.1946704
vt 0.2719894 0.1945316
vt 0.3902941 0.5012403
vt 0.2719894 0.1945316
vt 0.0030144 0.0028493
vt 0.3912062 0.6370071
vt 0.3912062 0.6370071
vt 0.3119043 0.4584626
vt 0.3912062 0.6370071
vt 0.3117042 0.4586817
vt 0.3117042 0.4586817
vt 0.3915025 0.6369963
vt 0.0626638 0.0114211
vt 0.3114993 0.4582642
vt 0.3913361 0.6371923
vt 0.3114993 0.4582642
vt 0.3114993 0.4582642
vt 0.3877544 0.6373378
vt 0.0531670 0.4287014
vt 0.3880392 0.6372083
vt 0.3880392 0.6372083
vt 0.3880392 0.6372083
vt 0.3165854 0.4583181
vt 0.3879417 0.6375433
vt 0.3879417 0.6375433
vt 0.0030590 0.4296414
vt 0.9690894 0.9664574
vt 0.0030590 0.4296414
vt 0.3165854 0.4076413
vt 0.9688889 0.9666728
vt 0.0029729 0.4298277
vt 0.9688889 0.9666728
vt 0.9688820 0.9663371
vt 0.9688820 0.9663371
vt 0.0028251 0.4295000
vt 0.9688820 0.9663371
vt 0.3187926 0.3134370
vt 0.9565928 0.7466662
vt 0.9565928 0.7466662
vt 0.9565928 0.7466662
vt 0.3190020 0.3132239
vt 0.9563032 0.7462876
vt 0.9563032 0.7462876
vt 0.0060878 0.3746998
vt 0.3187979 0.3136352
vt 0.3187979 0.3136352
vt 0.3187979 0.3136352
vt 0.9567400 0.7464693
vt 0.3187976 0.3572609
vt 0.2054119 0.8673474
vt 0.3187976 0.3572609
vt 0.0497059 0.3740302
vt 0.3190017 0.3576689
vt 0.0501384 0.3738735
vt 0.0501384 0.3738735
vt 0.0501384 0.3738735
vt 0.2054180 0.8675501
vt 0.2054180 0.8675501
vt 0.0499042 0.3742247
vt 0.0499042 0.3742247
vt 0.9565928 0.8046908
vt 0.3165135 0.4109938
vt 0.9565928 0.8046908
vt 0.9565928 0.8046908
vt 0.3165115 0.4108455
vt 0.3165115 0.4108455
vt 0.0061210 0.4325861
vt 0.9564829 0.8047551
vt 0.0060881 0.4322956
vt 0.9563036 0.8044353
vt 0.9563036 0.8044353
vt 0.0060881 0.4322956
vt 0.9684894 0.9084525
vt 0.9761404 0.5217857
vt 0.0028251 0.3721746
vt 0.0028251 0.3721746
vt 0.9761371 0.5215831
vt 0.9761371 0.5215831
vt 0.0030236 0.3719728
vt 0.9761371 0.5215831
vt 0.0030594 0.3721770
vt 0.9763396 0.5215756
vt 0.0030594 0.3721770
vt 0.0030594 0.3721770
vt 0.9761367 0.4710097
vt 0.9761367 0.4710097
vt 0.3857386 0.5791757
vt 0.9761367 0.4710097
vt 0.3858938 0.5793734
vt 0.9761404 0.4708118
vt 0.3858938 0.5793734
vt 0.3858938 0.5793734
vt 0.3856038 0.5793628
vt 0.9763396 0.4710208
vt 0.3856038 0.5793628
vt 0.0531667 0.3712371
vt 0.2054180 0.9255862
vt 0.3165135 0.4550197
vt 0.0499042 0.4316989
vt 0.0499042 0.4316989
vt 0.3856038 0.6401064
vt 0.0501381 0.4314692
vt 0.0501381 0.4314692
vt 0.0501381 0.4314692
vt 0.3165118 0.4551694
vt 0.3165118 0.4551694
vt 0.3857065 0.6404207
vt 0.0500518 0.4317619
vt 0.3092802 0.4552200
vt 0.3092802 0.4552200
vt 0.3117519 0.1948262
vt 0.3071876 0.4548172
vt 0.1960873 0.9255874
vt 0.3096508 0.1952248
vt 0.1570843 0.4269415
vt 0.3096849 0.4550180
vt 0.1985906 0.9255891
vt 0.3092801 0.4107938
vt 0.3092801 0.4107938
vt 0.3117519 0.2392516
vt 0.3096849 0.4109919
vt 0.9612116 0.8045694
vt 0.3071873 0.4111917
vt 0.9630476 0.8045281
vt 0.3096508 0.2388495
vt 0.1138457 0.4277527
vt 0.3119642 0.3134351
vt 0.9612116 0.7465446
vt 0.3119690 0.3136334
vt 0.3119690 0.3136334
vt 0.3094665 0.3136348
vt 0.3094665 0.3136348
vt 0.9630476 0.7465034
vt 0.1138457 0.3702787
vt 0.1985843 0.8673500
vt 0.3119690 0.3572590
vt 0.1985906 0.8675531
vt 0.1985906 0.8675531
vt 0.1960873 0.8675513
vt 0.3094665 0.3572603
vt 0.1960873 0.8675513
vt 0.1570843 0.3694675
vt 0.5846824 0.0032469
vt 0.0156004 0.4431132
vt 0.9352559 0.7503797
vt 0.0031509 0.4431132
vt 0.5750191 0.5352606
vt 0.9229292 0.7501484
vt 0.7467547 0.0032058
vt 0.7540048 0.5195866
vt 0.9352559 0.5897171
vt 0.7415618 0.5192592
vt 0.7370880 0.5352951
vt 0.9229292 0.5894858
vt 0.9182849 0.5905421
vt 0.5846820 0.2634184
vt 0.0157084 0.7032545
vt 0.9058342 0.5905421
vt 0.0032589 0.7032545
vt 0.5750189 0.2750438
vt 0.9183391 0.7515880
vt 0.7467547 0.2633777
vt 0.1788345 0.9336793
vt 0.9058884 0.7515880
vt 0.1663916 0.9333519
vt 0.7370878 0.2750783
vt 0.9159225 0.7926716
vt 0.7467545 0.1652969
vt 0.7540048 0.4099128
vt 0.7467547 0.2289020
vt 0.1788345 0.9570060
vt 0.9352559 0.7592213
vt 0.1663916 0.9566787
vt 0.7370878 0.3095598
vt 0.9229292 0.7589902
vt 0.9034719 0.7926716
vt 0.7415618 0.4095855
vt 0.7370880 0.3731759
vt 0.5846822 0.2289427
vt 0.0156943 0.6687828
vt 0.5846820 0.1653376
vt 0.0156678 0.6051856
vt 0.0032182 0.6051856
vt 0.5750191 0.3731415
vt 0.0032447 0.6687828
vt 0.5750189 0.3095255
vt 0.0032658 0.8798087
vt 0.7033449 0.3095526
vt 0.9229292 0.7924402
vt 0.9034604 0.7591415
vt 0.0032658 0.9228451
vt 0.7033452 0.3731685
vt 0.9159110 0.7591415
vt 0.7130110 0.1653051
vt 0.0157084 0.9231725
vt 0.7130110 0.2289103
vt 0.0157084 0.8801361
vt 0.9352559 0.7926717
vt 0.9315741 0.2834260
vt 0.8882082 0.4036864
vt 0.5765428 0.0031239
vt 0.9315741 0.2834260
vt 0.8879940 0.4047153
vt 0.5775870 0.0041784
vt 0.8879940 0.4047153
vt 0.5775870 0.0041784
vt 0.5764244 0.0043268
vt 0.9327593 0.2836702
vt 0.5764244 0.0043268
vt 0.5764244 0.0043268
vt 0.5775870 0.2633548
vt 0.8893371 0.6638445
vt 0.8893371 0.6638445
vt 0.5762179 0.2637461
vt 0.8879940 0.6643174
vt 0.5763997 0.2663969
vt 0.8887854 0.6669390
vt 0.8887854 0.6669390
vt 0.9352559 0.1703761
vt 0.5735924 0.2694601
vt 0.9351288 0.1671813
vt 0.5730830 0.2683117
vt 0.2078346 0.3827039
vt 0.4168541 0.5434895
vt 0.4168541 0.5434895
vt 0.2322466 0.3917539
vt 0.0033612 0.2610016
vt 0.0628338 0.0786964
vt 0.0205418 0.8645902
vt 0.2283507 0.3880746
vt 0.0033612 0.2566323
vt 0.2062013 0.3857361
vt 0.4180016 0.5401376
vt 0.4166762 0.5396835
vt 0.0048333 0.2583761
vt 0.0610796 0.0821672
vt 0.2078346 0.3866690
vt 0.0188005 0.8670458
vt 0.0610796 0.0774031
vt 0.0189806 0.8626852
vt 0.4080928 0.2680839
vt 0.9158398 0.5832326
vt 0.4080928 0.2680839
vt 0.9146904 0.5835621
vt 0.9146904 0.5835621
vt 0.4075539 0.2692552
vt 0.9352559 0.0026031
vt 0.4053700 0.2652791
vt 0.4053700 0.2652791
vt 0.9159225 0.5793284
vt 0.4043786 0.2654139
vt 0.9149572 0.5786325
vt 0.9149572 0.5786325
vt 0.3584419 0.1168603
vt 0.3830385 0.3064886
vt 0.3951754 0.3881408
vt 0.3151136 0.1111674
vt 0.3600856 0.1197488
vt 0.3842524 0.3082557
vt 0.3914660 0.3915699
vt 0.3151136 0.1061123
vt 0.3214187 0.1215777
vt 0.0205418 0.7067913
vt 0.3198435 0.1232508
vt 0.0192001 0.7090700
vt 0.3826852 0.3146420
vt 0.3165854 0.1093757
vt 0.3198435 0.1185072
vt 0.3584419 0.1208341
vt 0.3827099 0.3099872
vt 0.4169485 0.7913009
vt 0.2294920 0.1367885
vt 0.4169485 0.7913009
vt 0.4169485 0.7913009
vt 0.2284259 0.1361838
vt 0.2284259 0.1361838
vt 0.4180860 0.7919573
vt 0.8578437 0.4640029
vt 0.2325827 0.1318585
vt 0.2325827 0.1318585
vt 0.8590019 0.4630581
vt 0.8590019 0.4630581
vt 0.4170189 0.7950883
vt 0.2334282 0.1328849
vt 0.9159225 0.4048981
vt 0.9315645 0.4555445
vt 0.4040332 0.0092792
vt 0.9315819 0.4509004
vt 0.9315819 0.4509004
vt 0.9315819 0.4509004
vt 0.4080301 0.0032762
vt 0.9328393 0.4505386
vt 0.4085049 0.0043349
vt 0.4085049 0.0043349
vt 0.4057318 0.0070159
vt 0.4057318 0.0070159
vt 0.9318135 0.4539973
vt 0.4052348 0.0061392
vt 0.3824144 0.1402646
vt 0.3826481 0.1256675
vt 0.8589989 0.3020749
vt 0.2247515 0.4017645
vt 0.2786566 0.1218789
vt 0.8578444 0.3060360
vt 0.3915270 0.1322100
vt 0.2247515 0.4060026
vt 0.3836004 0.1376054
vt 0.3842525 0.1227790
vt 0.3953653 0.1359495
vt 0.8593190 0.3080022
vt 0.2803351 0.1232508
vt 0.8593190 0.3080022
vt 0.8591489 0.3037330
vt 0.2234317 0.4040585
vt 0.2803351 0.1185437
vt 0.3826481 0.1216639
vt 0.8591489 0.3037330
vt 0.2316402 0.3951275
vt 0.9258777 0.1642215
vt 0.9258777 0.1642215
vt 0.8990058 0.6641290
vt 0.2252280 0.3891521
vt 0.8990058 0.6641290
vt 0.2261220 0.3920088
vt 0.8985178 0.6670042
vt 0.9256327 0.1701024
vt 0.2286345 0.3942304
vt 0.9254102 0.1673156
vt 0.3971245 0.3908269
vt 0.3971245 0.3908269
vt 0.9048166 0.5787868
vt 0.3986457 0.3890244
vt 0.9061052 0.5764635
vt 0.9061052 0.5764635
vt 0.3945173 0.3951275
vt 0.9058760 0.5836287
vt 0.9265558 0.0027798
vt 0.9265558 0.0027798
vt 0.3937532 0.3940159
vt 0.9251747 0.0036712
vt 0.3937532 0.3940159
vt 0.3974445 0.3921808
vt 0.9058643 0.5794791
vt 0.9058643 0.5794791
vt 0.3976775 0.1359843
vt 0.9216489 0.4501489
vt 0.3939158 0.1299815
vt 0.9228624 0.4510783
vt 0.9228624 0.4510783
vt 0.9228624 0.4510783
vt 0.3949494 0.1290162
vt 0.9073312 0.4045351
vt 0.9229662 0.4555193
vt 0.3987525 0.1348489
vt 0.9223426 0.4539979
vt 0.3975420 0.1320933
vt 0.9229957 0.2854407
vt 0.9229957 0.2854407
vt 0.2282857 0.1286489
vt 0.8967587 0.4037738
vt 0.9215814 0.2880430
vt 0.2308044 0.1296519
vt 0.2262470 0.1339130
vt 0.8982212 0.4089963
vt 0.2251454 0.1318981
vt 0.8968004 0.4069291
vt 0.8968004 0.4069291
vt 0.8968004 0.4069291
vt 0.9257783 0.2826186
vt 0.8940150 0.4039443
vt 0.8940150 0.4039443
vt 0.8940150 0.4039443
vt 0.0071049 0.8611104
vt 0.4096309 0.5328628
vt 0.0071049 0.8611104
vt 0.4073502 0.5312176
vt 0.0057771 0.8635749
vt 0.4073502 0.5312176
vt 0.4046660 0.5409153
vt 0.4046660 0.5409153
vt 0.4035886 0.5291272
vt 0.0067456 0.8675888
vt 0.0068156 0.8641546
vt 0.4066927 0.5318422
vt 0.0068156 0.8641546
vt 0.4033193 0.5416013
vt 0.4047202 0.5283830
vt 0.4047202 0.5283830
vt 0.5667493 0.5285418
vt 0.5667493 0.5285418
vt 0.3694547 0.3088694
vt 0.5679202 0.5291246
vt 0.3706892 0.3084044
vt 0.3706892 0.3084044
vt 0.3190020 0.3842524
vt 0.5618996 0.5328784
vt 0.0072782 0.7101587
vt 0.3706017 0.3153770
vt 0.5639935 0.5313013
vt 0.3178447 0.3821998
vt 0.3694547 0.3127661
vt 0.5639935 0.5313013
vt 0.3190020 0.3814108
vt 0.3704658 0.3124750
vt 0.3704658 0.3124750
vt 0.8712327 0.3094581
vt 0.5618134 0.2745645
vt 0.8712327 0.3094581
vt 0.5640104 0.2760757
vt 0.8724222 0.3071164
vt 0.5640104 0.2760757
vt 0.8711553 0.3029811
vt 0.5679038 0.2783400
vt 0.3702301 0.1386927
vt 0.8711553 0.3029811
vt 0.5679038 0.2783400
vt 0.8714664 0.3063685
vt 0.5648063 0.2756137
vt 0.8714664 0.3063685
vt 0.5668039 0.2790352
vt 0.5668039 0.2790352
vt 0.5668039 0.2790352
vt 0.4047626 0.2793115
vt 0.4034055 0.7905957
vt 0.4047626 0.2793115
vt 0.4044484 0.7911316
vt 0.4035886 0.2788299
vt 0.4044484 0.7911316
vt 0.4044484 0.7911316
vt 0.8714374 0.4629810
vt 0.4045857 0.7947926
vt 0.4072635 0.2750579
vt 0.4072635 0.2750579
vt 0.4076389 0.2762214
vt 0.4076389 0.2762214
vt 0.4076389 0.2762214
vt 0.6758957 0.6405990
vt 0.6758957 0.6405990
vt 0.8160612 0.1158143
vt 0.8160612 0.1158143
vt 0.0193334 0.2538810
vt 0.6787609 0.6427764
vt 0.8144233 0.1184174
vt 0.6790876 0.6405572
vt 0.8137260 0.1162034
vt 0.0193336 0.2563519
vt 0.8164904 0.1181470
vt 0.8164904 0.1181470
vt 0.6758957 0.5436907
vt 0.6758957 0.5436907
vt 0.6763094 0.5406133
vt 0.0230559 0.1087507
vt 0.6763094 0.5406133
vt 0.0255266 0.1087507
vt 0.6787609 0.5406018
vt 0.8144233 0.0182317
vt 0.6790876 0.5436965
vt 0.8137260 0.0212281
vt 0.0182763 0.2585851
vt 0.6138068 0.6428374
vt 0.8189380 0.1180794
vt 0.6131136 0.6406320
vt 0.8192551 0.1157895
vt 0.8160612 0.0207922
vt 0.8160612 0.0207922
vt 0.0265835 0.1040467
vt 0.6138068 0.5406629
vt 0.8189380 0.0178937
vt 0.6131136 0.5437711
vt 0.8192551 0.0208141
vt 0.0265835 0.1065176
vt 0.8164904 0.0179613
vt 0.8164904 0.0179613
vt 0.7681567 0.1181472
vt 0.7681567 0.1181472
vt 0.0135724 0.2550570
vt 0.7706043 0.1180795
vt 0.6742240 0.6428373
vt 0.0146298 0.2528239
vt 0.7709215 0.1157897
vt 0.6735308 0.6406319
vt 0.6763094 0.6427879
vt 0.0171006 0.2528238
vt 0.6763094 0.6427879
vt 0.0237034 0.1058701
vt 0.7677276 0.0207918
vt 0.7677276 0.0207918
vt 0.7706043 0.0178931
vt 0.6742240 0.5406628
vt 0.0208226 0.1076935
vt 0.7709215 0.0208136
vt 0.6735308 0.5437711
vt 0.7681567 0.0179607
vt 0.7681567 0.0179607
vt 0.0208226 0.1052226
vt 0.0164531 0.2557044
vt 0.6154783 0.6405990
vt 0.6154783 0.6405990
vt 0.7677276 0.1158145
vt 0.7677276 0.1158145
vt 0.6158918 0.6427878
vt 0.0158057 0.2585851
vt 0.6158918 0.6427878
vt 0.7660895 0.1184174
vt 0.6183438 0.6427764
vt 0.0135724 0.2575278
vt 0.7653919 0.1162035
vt 0.6186705 0.6405573
vt 0.6154783 0.5436907
vt 0.6154783 0.5436907
vt 0.7660895 0.0182310
vt 0.6183438 0.5406018
vt 0.0218801 0.1029895
vt 0.7653919 0.0212274
vt 0.6186705 0.5436965
vt 0.6158918 0.5406132
vt 0.0243509 0.1029895
vt 0.6158918 0.5406132
vt 0.6879792 0.6405991
vt 0.6879792 0.6405991
vt 0.7749776 0.5049002
vt 0.7749776 0.5049002
vt 0.2924185 0.1101099
vt 0.6908445 0.6427764
vt 0.7733396 0.5075032
vt 0.6911711 0.6405572
vt 0.7726421 0.5052894
vt 0.2901854 0.1111673
vt 0.7754069 0.5072328
vt 0.7754069 0.5072328
vt 0.6879792 0.5436908
vt 0.6879792 0.5436908
vt 0.6883928 0.5406134
vt 0.2561683 0.1089340
vt 0.6883928 0.5406134
vt 0.2561683 0.1064634
vt 0.6908445 0.5406019
vt 0.7733396 0.4073175
vt 0.6911711 0.5436966
vt 0.7726421 0.4103140
vt 0.2877146 0.1111673
vt 0.6500572 0.6428373
vt 0.7778545 0.5071651
vt 0.6493640 0.6406320
vt 0.7781715 0.5048754
vt 0.7749776 0.4098783
vt 0.7749776 0.4098783
vt 0.2514643 0.1054060
vt 0.6500572 0.5406628
vt 0.7778545 0.4069796
vt 0.6493640 0.5437711
vt 0.7781715 0.4099001
vt 0.2539352 0.1054060
vt 0.7754069 0.4070472
vt 0.7754069 0.4070472
vt 0.7633234 0.5072329
vt 0.7633234 0.5072329
vt 0.2888905 0.1054059
vt 0.7657710 0.5071653
vt 0.6863074 0.6428373
vt 0.2913614 0.1054059
vt 0.7660882 0.5048755
vt 0.6856142 0.6406320
vt 0.6883928 0.6427880
vt 0.2924185 0.1076392
vt 0.6883928 0.6427880
vt 0.2532877 0.1082865
vt 0.7628942 0.4098776
vt 0.7628942 0.4098776
vt 0.7657710 0.4069788
vt 0.6863074 0.5406629
vt 0.2551111 0.1111674
vt 0.7660882 0.4098994
vt 0.6856142 0.5437713
vt 0.7633234 0.4070464
vt 0.7633234 0.4070464
vt 0.2526403 0.1111674
vt 0.2895380 0.1082867
vt 0.6517286 0.6405991
vt 0.6517286 0.6405991
vt 0.7628942 0.5049003
vt 0.7628942 0.5049003
vt 0.6521423 0.6427878
vt 0.2866574 0.1089343
vt 0.6521423 0.6427878
vt 0.7612562 0.5075032
vt 0.6545942 0.6427764
vt 0.2866574 0.1064634
vt 0.7605586 0.5052893
vt 0.6549208 0.6405572
vt 0.6517286 0.5436907
vt 0.6517286 0.5436907
vt 0.7612562 0.4073167
vt 0.6545942 0.5406018
vt 0.2504072 0.1101099
vt 0.7605586 0.4103131
vt 0.6549208 0.5436963
vt 0.6521423 0.5406132
vt 0.2504072 0.1076390
vt 0.6521423 0.5406132
vt 0.7000625 0.6405990
vt 0.7000625 0.6405990
vt 0.8233113 0.5049001
vt 0.8233113 0.5049001
vt 0.2309442 0.1078227
vt 0.7029279 0.6427763
vt 0.8216735 0.5075032
vt 0.7032543 0.6405571
vt 0.8209761 0.5052893
vt 0.2320014 0.1100560
vt 0.8237405 0.5072328
vt 0.8237405 0.5072328
vt 0.7000625 0.5436906
vt 0.7000625 0.5436906
vt 0.7004762 0.5406131
vt 0.3095191 0.1232507
vt 0.7004762 0.5406131
vt 0.3117521 0.1221935
vt 0.7029279 0.5406018
vt 0.8216735 0.4073174
vt 0.7032543 0.5436963
vt 0.8209761 0.4103140
vt 0.2320012 0.1125270
vt 0.5896399 0.6428374
vt 0.8261880 0.5071651
vt 0.5889467 0.6406320
vt 0.8265052 0.5048753
vt 0.8233113 0.4098781
vt 0.8233113 0.4098781
vt 0.3106946 0.1174896
vt 0.5896399 0.5406629
vt 0.8261880 0.4069794
vt 0.5889467 0.5437713
vt 0.8265052 0.4099000
vt 0.3117521 0.1197227
vt 0.8237405 0.4070472
vt 0.8237405 0.4070472
vt 0.7560734 0.1181471
vt 0.7560734 0.1181471
vt 0.2262402 0.1113507
vt 0.7585210 0.1180795
vt 0.6983910 0.6428373
vt 0.2262402 0.1088801
vt 0.7588381 0.1157897
vt 0.6976977 0.6406319
vt 0.7004762 0.6427878
vt 0.2284735 0.1078227
vt 0.7004762 0.6427878
vt 0.3088716 0.1203701
vt 0.7556445 0.0207917
vt 0.7556445 0.0207917
vt 0.7585210 0.0178930
vt 0.6983910 0.5406628
vt 0.3070481 0.1232508
vt 0.7588381 0.0208135
vt 0.6976977 0.5437711
vt 0.7560734 0.0179606
vt 0.7560734 0.0179606
vt 0.3059910 0.1210176
vt 0.2291210 0.1107035
vt 0.5913114 0.6405991
vt 0.5913114 0.6405991
vt 0.7556445 0.1158145
vt 0.7556445 0.1158145
vt 0.5917250 0.6427878
vt 0.2297684 0.1135840
vt 0.5917250 0.6427878
vt 0.7540061 0.1184173
vt 0.5941769 0.6427764
vt 0.2272975 0.1135840
vt 0.7533085 0.1162034
vt 0.5945037 0.6405573
vt 0.5913114 0.5436907
vt 0.5913114 0.5436907
vt 0.7540061 0.0182309
vt 0.5941769 0.5406019
vt 0.3059910 0.1185468
vt 0.7533085 0.0212274
vt 0.5945037 0.5436965
vt 0.5917250 0.5406133
vt 0.3082244 0.1174895
vt 0.5917250 0.5406133
vt 0.6638122 0.6405991
vt 0.6638122 0.6405991
vt 0.7870611 0.5061085
vt 0.7870611 0.5061085
vt 0.3480022 0.1101100
vt 0.6666777 0.6427763
vt 0.7854233 0.5087115
vt 0.6670042 0.6405572
vt 0.7847258 0.5064977
vt 0.3457689 0.1111674
vt 0.7874905 0.5084412
vt 0.7874905 0.5084412
vt 0.6638122 0.5436908
vt 0.6638122 0.5436908
vt 0.6642259 0.5406133
vt 0.2440846 0.1076388
vt 0.6642259 0.5406133
vt 0.2430274 0.1054063
vt 0.6666777 0.5406018
vt 0.7854233 0.4085258
vt 0.6670042 0.5436965
vt 0.7847258 0.4115223
vt 0.3432979 0.1111673
vt 0.5775565 0.6428373
vt 0.7899382 0.5083735
vt 0.5768633 0.6406320
vt 0.7902550 0.5060837
vt 0.7870611 0.4110866
vt 0.7870611 0.4110866
vt 0.2383235 0.1064636
vt 0.5775565 0.5406628
vt 0.7899382 0.4081877
vt 0.5768633 0.5437712
vt 0.7902550 0.4111084
vt 0.2405566 0.1054062
vt 0.7874905 0.4082555
vt 0.7874905 0.4082555
vt 0.7560734 0.2655648
vt 0.7560734 0.2655648
vt 0.3444741 0.1054063
vt 0.7585210 0.2654971
vt 0.6621404 0.6428374
vt 0.3469447 0.1054063
vt 0.7588381 0.2632073
vt 0.6614474 0.6406320
vt 0.6642259 0.6427879
vt 0.3480022 0.1076396
vt 0.6642259 0.6427879
vt 0.2412042 0.1082866
vt 0.7556444 0.1682093
vt 0.7556444 0.1682093
vt 0.7585210 0.1653106
vt 0.6621404 0.5406629
vt 0.2440848 0.1101097
vt 0.7588381 0.1682311
vt 0.6614474 0.5437712
vt 0.7560734 0.1653782
vt 0.7560734 0.1653782
vt 0.2418519 0.1111674
vt 0.3451214 0.1082871
vt 0.5792280 0.6405993
vt 0.5792280 0.6405993
vt 0.7556444 0.2632321
vt 0.7556444 0.2632321
vt 0.5796416 0.6427879
vt 0.3422412 0.1089343
vt 0.5796416 0.6427879
vt 0.7540063 0.2658350
vt 0.5820935 0.6427764
vt 0.3422412 0.1064635
vt 0.7533085 0.2636212
vt 0.5824203 0.6405572
vt 0.5792280 0.5436907
vt 0.5792280 0.5436907
vt 0.7540063 0.1656486
vt 0.5820935 0.5406018
vt 0.2393810 0.1111674
vt 0.7533085 0.1686450
vt 0.5824203 0.5436965
vt 0.5796416 0.5406133
vt 0.2383236 0.1089342
vt 0.5796416 0.5406133
vt 0.9223977 0.5511817
vt 0.9223977 0.5511817
vt 0.9477702 0.8226938
vt 0.9477702 0.8226938
vt 0.2407404 0.1185465
vt 0.9252627 0.5533590
vt 0.9461321 0.8252968
vt 0.9255893 0.5511400
vt 0.9454350 0.8230829
vt 0.2429738 0.1174891
vt 0.9481994 0.8250265
vt 0.9481994 0.8250265
vt 0.9223977 0.4682894
vt 0.9223977 0.4682894
vt 0.9228111 0.4652118
vt 0.3022691 0.1111673
vt 0.9228111 0.4652118
vt 0.3045019 0.1101100
vt 0.9252627 0.4652004
vt 0.9461321 0.7388542
vt 0.9255893 0.4682950
vt 0.9454350 0.7418507
vt 0.2454445 0.1174895
vt 0.8458084 0.4930031
vt 0.9506469 0.8249588
vt 0.8451152 0.4907977
vt 0.9509642 0.8226690
vt 0.9477702 0.7414148
vt 0.9477702 0.7414148
vt 0.3034447 0.1054062
vt 0.8458084 0.4048444
vt 0.9506469 0.7385163
vt 0.8451152 0.4079527
vt 0.9509642 0.7414367
vt 0.3045019 0.1076393
vt 0.9481994 0.7385839
vt 0.9481994 0.7385839
vt 0.3379878 0.9519023
vt 0.3379878 0.9519023
vt 0.2442683 0.1232505
vt 0.3404353 0.9518348
vt 0.9207259 0.5534202
vt 0.2417975 0.1232504
vt 0.3407522 0.9495450
vt 0.9200328 0.5512146
vt 0.9228111 0.5533704
vt 0.2407403 0.1210171
vt 0.9228111 0.5533704
vt 0.3016217 0.1082866
vt 0.3375587 0.8682903
vt 0.3375587 0.8682903
vt 0.3404353 0.8653916
vt 0.9207259 0.4652615
vt 0.2997982 0.1111673
vt 0.3407522 0.8683121
vt 0.9200328 0.4683697
vt 0.3379878 0.8654590
vt 0.3379878 0.8654590
vt 0.2987408 0.1089342
vt 0.2436210 0.1203697
vt 0.8474798 0.4907646
vt 0.8474798 0.4907646
vt 0.3375587 0.9495698
vt 0.3375587 0.9495698
vt 0.8478934 0.4929535
vt 0.2465016 0.1197221
vt 0.8478934 0.4929535
vt 0.3359205 0.9521726
vt 0.8503455 0.4929420
vt 0.2465016 0.1221932
vt 0.3352230 0.9499588
vt 0.8506721 0.4907230
vt 0.8474798 0.4078723
vt 0.8474798 0.4078723
vt 0.3359205 0.8657293
vt 0.8503455 0.4047834
vt 0.2987408 0.1064634
vt 0.3352230 0.8687258
vt 0.8506721 0.4078780
vt 0.8478934 0.4047948
vt 0.3009741 0.1054061
vt 0.8478934 0.4047948
vt 0.6396455 0.6405990
vt 0.6396455 0.6405990
vt 0.8353947 0.5049002
vt 0.8353947 0.5049002
vt 0.0353225 0.0798799
vt 0.6425108 0.6427764
vt 0.8337568 0.5075032
vt 0.6428373 0.6405572
vt 0.8330595 0.5052893
vt 0.0375557 0.0788227
vt 0.8358241 0.5072328
vt 0.8358241 0.5072328
vt 0.6396455 0.5436907
vt 0.6396455 0.5436907
vt 0.6400591 0.5406132
vt 0.0074335 0.1150729
vt 0.6400591 0.5406132
vt 0.0049631 0.1150729
vt 0.6425108 0.5406018
vt 0.8337568 0.4073174
vt 0.6428373 0.5436964
vt 0.8330595 0.4103140
vt 0.0400264 0.0788228
vt 0.6017235 0.6428373
vt 0.8382714 0.5071651
vt 0.6010303 0.6406319
vt 0.8385886 0.5048753
vt 0.8353947 0.4098781
vt 0.8353947 0.4098781
vt 0.0039059 0.1197768
vt 0.6017235 0.5406628
vt 0.8382714 0.4069794
vt 0.6010303 0.5437710
vt 0.8385886 0.4099000
vt 0.0039059 0.1173062
vt 0.8358241 0.4070472
vt 0.8358241 0.4070472
vt 0.7802404 0.1181472
vt 0.7802404 0.1181472
vt 0.0388503 0.0845838
vt 0.7826878 0.1180795
vt 0.6379735 0.6428374
vt 0.0363796 0.0845838
vt 0.7830049 0.1157898
vt 0.6372806 0.6406319
vt 0.6400591 0.6427878
vt 0.0353224 0.0823503
vt 0.6400591 0.6427878
vt 0.0067861 0.1179534
vt 0.7798113 0.0207918
vt 0.7798113 0.0207918
vt 0.7826878 0.0178931
vt 0.6379735 0.5406628
vt 0.0096668 0.1161300
vt 0.7830049 0.0208136
vt 0.6372806 0.5437711
vt 0.7802404 0.0179607
vt 0.7802404 0.0179607
vt 0.0096668 0.1186010
vt 0.0382029 0.0817032
vt 0.6033948 0.6405990
vt 0.6033948 0.6405990
vt 0.7798113 0.1158147
vt 0.7798113 0.1158147
vt 0.6038085 0.6427876
vt 0.0410836 0.0810558
vt 0.6038085 0.6427876
vt 0.7781730 0.1184174
vt 0.6062604 0.6427763
vt 0.0410836 0.0835267
vt 0.7774755 0.1162035
vt 0.6065872 0.6405571
vt 0.6033948 0.5436907
vt 0.6033948 0.5436907
vt 0.7781730 0.0182309
vt 0.6062604 0.5406017
vt 0.0086096 0.1208341
vt 0.7774755 0.0212274
vt 0.6065872 0.5436963
vt 0.6038085 0.5406131
vt 0.0061388 0.1208341
vt 0.6038085 0.5406131
vt 0.9260226 0.2611800
vt 0.9260226 0.2611800
vt 0.9477708 0.9157361
vt 0.9477708 0.9157361
vt 0.0242965 0.0942506
vt 0.9288877 0.2633573
vt 0.9461326 0.9183391
vt 0.9292142 0.2611381
vt 0.9454352 0.9161253
vt 0.0232391 0.0920175
vt 0.9482000 0.9180688
vt 0.9482000 0.9180688
vt 0.9260226 0.1782875
vt 0.9260226 0.1782875
vt 0.9264360 0.1752100
vt 0.2913074 0.1232507
vt 0.9264360 0.1752100
vt 0.2937779 0.1232507
vt 0.9288877 0.1751987
vt 0.9461326 0.8318965
vt 0.9292142 0.1782933
vt 0.9454352 0.8348930
vt 0.0232391 0.0895466
vt 0.8881003 0.7624632
vt 0.9506475 0.9180011
vt 0.8874072 0.7602578
vt 0.9509643 0.9157113
vt 0.9477708 0.8344572
vt 0.9477708 0.8344572
vt 0.2948351 0.1185467
vt 0.8881003 0.6743045
vt 0.9506475 0.8315585
vt 0.8874072 0.6774129
vt 0.9509643 0.8344791
vt 0.2948352 0.1210173
vt 0.9482000 0.8316262
vt 0.9482000 0.8316262
vt 0.9397414 0.2619398
vt 0.9397414 0.2619398
vt 0.0290001 0.0907225
vt 0.9421889 0.2618721
vt 0.9243508 0.2634183
vt 0.0290001 0.0931934
vt 0.9425059 0.2595823
vt 0.9236578 0.2612128
vt 0.9264360 0.2633687
vt 0.0267668 0.0942506
vt 0.9264360 0.2633687
vt 0.2919546 0.1203703
vt 0.9393123 0.1783276
vt 0.9393123 0.1783276
vt 0.9421889 0.1754289
vt 0.9243508 0.1752597
vt 0.2890740 0.1221936
vt 0.9425059 0.1783493
vt 0.9236578 0.1783680
vt 0.9397414 0.1754965
vt 0.9397414 0.1754965
vt 0.2890740 0.1197227
vt 0.0261193 0.0913701
vt 0.8897718 0.7602249
vt 0.8897718 0.7602249
vt 0.9393123 0.2596071
vt 0.9393123 0.2596071
vt 0.8901854 0.7624136
vt 0.0254721 0.0884894
vt 0.8901854 0.7624136
vt 0.9376742 0.2622100
vt 0.8926373 0.7624023
vt 0.0279427 0.0884894
vt 0.9369767 0.2599962
vt 0.8929640 0.7601831
vt 0.8897718 0.6773324
vt 0.8897718 0.6773324
vt 0.9376742 0.1757667
vt 0.8926373 0.6742435
vt 0.2901311 0.1174897
vt 0.9369767 0.1787632
vt 0.8929640 0.6773381
vt 0.8901854 0.6742548
vt 0.2926022 0.1174894
vt 0.8901854 0.6742548
vt 0.7121459 0.6405991
vt 0.7121459 0.6405991
vt 0.8112280 0.5036920
vt 0.8112280 0.5036920
vt 0.0218798 0.0821671
vt 0.7150109 0.6427763
vt 0.8095901 0.5062948
vt 0.7153378 0.6405572
vt 0.8088927 0.5040810
vt 0.0208224 0.0799339
vt 0.8116572 0.5060245
vt 0.8116572 0.5060245
vt 0.7121459 0.5436907
vt 0.7121459 0.5436907
vt 0.7125596 0.5406132
vt 0.0531670 0.0799338
vt 0.7125596 0.5406132
vt 0.0531670 0.0774634
vt 0.7150109 0.5406018
vt 0.8095901 0.4061091
vt 0.7153378 0.5436964
vt 0.8088927 0.4091055
vt 0.0208224 0.0774630
vt 0.3938887 0.1184174
vt 0.8141048 0.5059569
vt 0.3931955 0.1162118
vt 0.8144218 0.5036670
vt 0.8112280 0.4086698
vt 0.8112280 0.4086698
vt 0.0484629 0.0764061
vt 0.3938887 0.0162428
vt 0.8141048 0.4057711
vt 0.3931955 0.0193511
vt 0.8144218 0.4086915
vt 0.0509338 0.0764060
vt 0.8116572 0.4058390
vt 0.8116572 0.4058390
vt 0.7995738 0.5060247
vt 0.7995738 0.5060247
vt 0.0265834 0.0786390
vt 0.8020214 0.5059570
vt 0.7104741 0.6428373
vt 0.0265834 0.0811098
vt 0.8023384 0.5036672
vt 0.7097811 0.6406320
vt 0.7125596 0.6427878
vt 0.0243505 0.0821671
vt 0.7125596 0.6427878
vt 0.0502864 0.0792866
vt 0.7991448 0.4086693
vt 0.7991448 0.4086693
vt 0.8020214 0.4057705
vt 0.7104741 0.5406628
vt 0.0521098 0.0821671
vt 0.8023384 0.4086910
vt 0.7097811 0.5437711
vt 0.7995738 0.4058381
vt 0.7995738 0.4058381
vt 0.0496390 0.0821671
vt 0.0237030 0.0792864
vt 0.3955602 0.1161790
vt 0.3955602 0.1161790
vt 0.7991448 0.5036920
vt 0.7991448 0.5036920
vt 0.3959737 0.1183677
vt 0.0230554 0.0764059
vt 0.3959737 0.1183677
vt 0.7975067 0.5062949
vt 0.3984257 0.1183563
vt 0.0255263 0.0764059
vt 0.7968093 0.5040808
vt 0.3987525 0.1161373
vt 0.3955602 0.0192707
vt 0.3955602 0.0192707
vt 0.7975067 0.4061084
vt 0.3984257 0.0161818
vt 0.0474058 0.0811100
vt 0.7968093 0.4091048
vt 0.3987525 0.0192764
vt 0.3959737 0.0161933
vt 0.0474058 0.0786391
vt 0.3959737 0.0161933
vt 0.6275622 0.6405988
vt 0.6275622 0.6405988
vt 0.7918943 0.1158144
vt 0.7918943 0.1158144
vt 0.2803351 0.1125267
vt 0.6304274 0.6427762
vt 0.7902566 0.1184174
vt 0.6307541 0.6405572
vt 0.7895590 0.1162035
vt 0.2781020 0.1135841
vt 0.7923235 0.1181471
vt 0.7923235 0.1181471
vt 0.6275622 0.5436907
vt 0.6275622 0.5436907
vt 0.6279759 0.5406132
vt 0.2585848 0.1197224
vt 0.6279759 0.5406132
vt 0.2575277 0.1174894
vt 0.6304274 0.5406018
vt 0.7902566 0.0182318
vt 0.6307541 0.5436963
vt 0.7895590 0.0212283
vt 0.2756312 0.1135837
vt 0.2150542 0.3673356
vt 0.7947711 0.1180794
vt 0.2143611 0.3651301
vt 0.7950882 0.1157895
vt 0.7918943 0.0207925
vt 0.7918943 0.0207925
vt 0.2528238 0.1185468
vt 0.2150542 0.2651610
vt 0.7947711 0.0178938
vt 0.2143611 0.2682694
vt 0.7950882 0.0208142
vt 0.2550569 0.1174894
vt 0.7923235 0.0179614
vt 0.7923235 0.0179614
vt 0.8044072 0.1181472
vt 0.8044072 0.1181472
vt 0.2768071 0.1078227
vt 0.8068545 0.1180795
vt 0.6258904 0.6428373
vt 0.2792779 0.1078227
vt 0.8071717 0.1157897
vt 0.6251971 0.6406320
vt 0.6279759 0.6427878
vt 0.2803351 0.1100561
vt 0.6279759 0.6427878
vt 0.2557043 0.1203700
vt 0.8039782 0.0207918
vt 0.8039782 0.0207918
vt 0.8068545 0.0178931
vt 0.6258904 0.5406628
vt 0.2585849 0.1221933
vt 0.8071717 0.0208136
vt 0.6251971 0.5437711
vt 0.8044072 0.0179607
vt 0.8044072 0.0179607
vt 0.2563518 0.1232507
vt 0.2774546 0.1107036
vt 0.2167258 0.3650972
vt 0.2167258 0.3650972
vt 0.8039782 0.1158147
vt 0.8039782 0.1158147
vt 0.2171393 0.3672860
vt 0.2745740 0.1113512
vt 0.2171393 0.3672860
vt 0.8023399 0.1184174
vt 0.2195913 0.3672745
vt 0.2745740 0.1088802
vt 0.8016426 0.1162035
vt 0.2199181 0.3650554
vt 0.2167258 0.2681888
vt 0.2167258 0.2681888
vt 0.8023399 0.0182310
vt 0.2195913 0.2650999
vt 0.2538810 0.1232507
vt 0.8016426 0.0212274
vt 0.2199181 0.2681947
vt 0.2171393 0.2651114
vt 0.2528238 0.1210175
vt 0.2171393 0.2651114
vt 0.3504726 0.9384366
vt 0.3504726 0.9384366
vt 0.3504726 0.9384366
vt 0.3504726 0.9384366
vt 0.9591007 0.3905067
vt 0.9591007 0.3905067
vt 0.9591007 0.3905067
vt 0.9591007 0.3905067
vt 0.3360484 0.1232507
vt 0.3521418 0.9400892
vt 0.9564551 0.3924488
vt 0.3528355 0.9385020
vt 0.3528355 0.9385020
vt 0.9559996 0.3907586
vt 0.9559996 0.3907586
vt 0.3349913 0.1210175
vt 0.9589196 0.3923831
vt 0.9589196 0.3923831
vt 0.3504726 0.8689708
vt 0.3504726 0.8689708
vt 0.3500580 0.8667873
vt 0.0399725 0.0966673
vt 0.3500580 0.8667873
vt 0.0424430 0.0966673
vt 0.3521418 0.8668486
vt 0.9564551 0.3242474
vt 0.3528355 0.8690704
vt 0.9559996 0.3261042
vt 0.3349913 0.1185467
vt 0.3717731 0.9400135
vt 0.9612233 0.3927108
vt 0.3714473 0.9384093
vt 0.3714473 0.9384093
vt 0.9618394 0.3910795
vt 0.9618394 0.3910795
vt 0.9591007 0.3258206
vt 0.9591007 0.3258206
vt 0.0435002 0.0919631
vt 0.3717731 0.8667730
vt 0.9612233 0.3245095
vt 0.3714473 0.8689778
vt 0.9618394 0.3264251
vt 0.0435002 0.0944341
vt 0.9589196 0.3241816
vt 0.9589196 0.3241816
vt 0.9552943 0.0709644
vt 0.9552943 0.0709644
vt 0.3407523 0.1197228
vt 0.9575983 0.0712922
vt 0.3476063 0.9400136
vt 0.3407522 0.1221936
vt 0.9582143 0.0696609
vt 0.9582143 0.0696609
vt 0.3472801 0.9384094
vt 0.3472801 0.9384094
vt 0.3500580 0.9400279
vt 0.3385190 0.1232507
vt 0.3500580 0.9400279
vt 0.0406199 0.0937866
vt 0.9554753 0.0044004
vt 0.9554753 0.0044004
vt 0.9575983 0.0030887
vt 0.3476063 0.8667730
vt 0.0377392 0.0956100
vt 0.9582143 0.0050045
vt 0.3472801 0.8689779
vt 0.9552943 0.0027612
vt 0.9552943 0.0027612
vt 0.0377392 0.0931392
vt 0.3378716 0.1203701
vt 0.3746392 0.9384366
vt 0.3746392 0.9384366
vt 0.3746392 0.9384366
vt 0.3746392 0.9384366
vt 0.9554753 0.0690885
vt 0.9554753 0.0690885
vt 0.9554753 0.0690885
vt 0.9554753 0.0690885
vt 0.3742244 0.9400278
vt 0.3372242 0.1174895
vt 0.3742244 0.9400278
vt 0.9528300 0.0710302
vt 0.3763086 0.9400893
vt 0.3396952 0.1174896
vt 0.9523744 0.0693401
vt 0.9523744 0.0693401
vt 0.3770024 0.9385020
vt 0.3770024 0.9385020
vt 0.3746392 0.8689709
vt 0.3746392 0.8689709
vt 0.9528300 0.0028268
vt 0.3763086 0.8668486
vt 0.0387964 0.0909061
vt 0.9523744 0.0046838
vt 0.3770024 0.8690704
vt 0.3742244 0.8667873
vt 0.0412674 0.0909061
vt 0.3742244 0.8667873
vt 0.3625563 0.9372283
vt 0.3625563 0.9372283
vt 0.3625563 0.9372283
vt 0.3625563 0.9372283
vt 0.9603087 0.3155898
vt 0.9603087 0.3155898
vt 0.9603087 0.3155898
vt 0.9603087 0.3155898
vt 0.0096667 0.2478608
vt 0.3642254 0.9388809
vt 0.9576634 0.3175317
vt 0.3649190 0.9372938
vt 0.3649190 0.9372938
vt 0.9572077 0.3158416
vt 0.9572077 0.3158416
vt 0.0074335 0.2489182
vt 0.9601277 0.3174659
vt 0.9601277 0.3174659
vt 0.3625563 0.8677627
vt 0.3625563 0.8677627
vt 0.3621415 0.8655790
vt 0.3275579 0.3600858
vt 0.3621415 0.8655790
vt 0.3300285 0.3600857
vt 0.3642254 0.8656404
vt 0.9576634 0.2493302
vt 0.3649190 0.8678621
vt 0.9572077 0.2511870
vt 0.0049627 0.2489178
vt 0.3838569 0.9388053
vt 0.9624315 0.3177937
vt 0.3835308 0.9372009
vt 0.3835308 0.9372009
vt 0.9630476 0.3161625
vt 0.9630476 0.3161625
vt 0.9603087 0.2509034
vt 0.9603087 0.2509034
vt 0.3310849 0.3553815
vt 0.3838569 0.8655647
vt 0.9624315 0.2495923
vt 0.3835308 0.8677694
vt 0.9630476 0.2515080
vt 0.3310854 0.3578523
vt 0.9601277 0.2492646
vt 0.9601277 0.2492646
vt 0.9565028 0.1458815
vt 0.9565028 0.1458815
vt 0.0061386 0.2431568
vt 0.9588068 0.1462092
vt 0.3596899 0.9388054
vt 0.0086094 0.2431568
vt 0.9594228 0.1445780
vt 0.9594228 0.1445780
vt 0.3593636 0.9372011
vt 0.3593636 0.9372011
vt 0.3621415 0.9388195
vt 0.0096667 0.2453902
vt 0.3621415 0.9388195
vt 0.3282048 0.3572052
vt 0.9566839 0.0793175
vt 0.9566839 0.0793175
vt 0.9588068 0.0780058
vt 0.3596899 0.8655648
vt 0.3253244 0.3590289
vt 0.9594228 0.0799218
vt 0.3593636 0.8677697
vt 0.9565028 0.0776783
vt 0.9565028 0.0776783
vt 0.3253243 0.3565581
vt 0.0067861 0.2460377
vt 0.3867226 0.9372283
vt 0.3867226 0.9372283
vt 0.3867226 0.9372283
vt 0.3867226 0.9372283
vt 0.9566839 0.1440055
vt 0.9566839 0.1440055
vt 0.9566839 0.1440055
vt 0.9566839 0.1440055
vt 0.3863081 0.9388194
vt 0.0039054 0.2466853
vt 0.3863081 0.9388194
vt 0.9540386 0.1459473
vt 0.3883924 0.9388809
vt 0.0039054 0.2442142
vt 0.9535829 0.1442571
vt 0.9535829 0.1442571
vt 0.3890858 0.9372936
vt 0.3890858 0.9372936
vt 0.3867226 0.8677626
vt 0.3867226 0.8677626
vt 0.9540386 0.0777439
vt 0.3883924 0.8656403
vt 0.3263813 0.3543248
vt 0.9535829 0.0796009
vt 0.3890858 0.8678621
vt 0.3863081 0.8655788
vt 0.3288521 0.3543248
vt 0.3863081 0.8655788
f 5/5 110/110 258/258
f 5/5 258/258 255/255
f 26/26 29/29 59/59
f 26/26 59/59 50/50
f 39/39 117/117 16/16
f 39/39 16/16 13/13
f 102/102 98/98 232/232
f 102/102 232/232 230/230
f 235/235 233/233 83/83
f 235/235 83/83 86/86
f 118/118 38/38 91/91
f 91/91 225/225 224/224
f 91/91 224/224 118/118
f 115/115 124/124 30/30
f 115/115 30/30 101/101
f 15/15 17/17 32/32
f 15/15 32/32 31/31
f 22/22 27/27 119/119
f 22/22 119/119 118/118
f 20/20 22/22 118/118
f 20/20 118/118 41/41
f 27/27 25/25 125/125
f 27/27 125/125 119/119
f 66/66 51/51 75/75
f 66/66 75/75 72/72
f 28/28 23/23 62/62
f 28/28 62/62 58/58
f 21/21 18/18 45/45
f 21/21 45/45 60/60
f 55/55 53/53 57/57
f 55/55 57/57 61/61
f 64/64 55/55 61/61
f 64/64 61/61 47/47
f 53/53 68/68 49/49
f 53/53 49/49 57/57
f 74/74 77/77 79/79
f 74/74 79/79 70/70
f 52/52 54/54 78/78
f 52/52 78/78 76/76
f 40/40 14/14 30/30
f 30/30 124/124 24/24
f 24/24 48/48 67/67
f 24/24 67/67 73/73
f 19/19 40/40 30/30
f 63/63 46/46 19/19
f 69/69 63/63 19/19
f 30/30 24/24 73/73
f 69/69 19/19 30/30
f 30/30 73/73 69/69
f 56/56 65/65 71/71
f 56/56 71/71 80/80
f 107/107 85/85 82/82
f 107/107 82/82 104/104
f 93/93 32/32 17/17
f 17/17 215/215 217/217
f 17/17 217/217 93/93
f 98/98 32/32 93/93
f 98/98 93/93 103/103
f 122/122 89/89 184/184
f 122/122 184/184 167/167
f 16/16 117/117 222/222
f 16/16 222/222 213/213
f 123/123 234/234 84/84
f 123/123 84/84 106/106
f 119/119 123/123 106/106
f 119/119 106/106 126/126
f 232/232 98/98 103/103
f 232/232 103/103 81/81
f 128/128 108/108 105/105
f 128/128 105/105 95/95
f 226/226 115/115 101/101
f 226/226 101/101 229/229
f 31/31 32/32 98/98
f 31/31 98/98 102/102
f 9/9 12/12 159/159
f 9/9 159/159 162/162
f 10/10 8/8 227/227
f 10/10 227/227 234/234
f 8/8 97/97 116/116
f 8/8 116/116 227/227
f 121/121 38/38 118/118
f 121/121 118/118 119/119
f 34/34 99/99 123/123
f 34/34 123/123 119/119
f 225/225 91/91 87/87
f 87/87 126/126 220/220
f 87/87 220/220 225/225
f 44/44 34/34 119/119
f 44/44 119/119 125/125
f 87/87 121/121 119/119
f 87/87 119/119 126/126
f 97/97 44/44 125/125
f 97/97 125/125 116/116
f 99/99 10/10 234/234
f 99/99 234/234 123/123
f 152/152 136/136 192/192
f 152/152 192/192 208/208
f 136/136 134/134 190/190
f 136/136 190/190 192/192
f 90/90 36/36 168/168
f 90/90 168/168 176/176
f 96/96 7/7 160/160
f 96/96 160/160 163/163
f 43/43 96/96 163/163
f 43/43 163/163 180/180
f 33/33 42/42 179/179
f 33/33 179/179 173/173
f 37/37 120/120 165/165
f 37/37 165/165 169/169
f 11/11 100/100 172/172
f 11/11 172/172 158/158
f 88/88 92/92 178/178
f 88/88 178/178 183/183
f 100/100 35/35 175/175
f 100/100 175/175 172/172
f 131/131 133/133 161/161
f 131/131 161/161 157/157
f 133/133 135/135 164/164
f 133/133 164/164 161/161
f 138/138 140/140 170/170
f 138/138 170/170 166/166
f 146/146 144/144 171/171
f 146/146 171/171 174/174
f 140/140 149/149 177/177
f 140/140 177/177 170/170
f 151/151 146/146 174/174
f 151/151 174/174 181/181
f 149/149 156/156 182/182
f 149/149 182/182 177/177
f 156/156 138/138 166/166
f 156/156 166/166 182/182
f 135/135 151/151 181/181
f 135/135 181/181 164/164
f 144/144 131/131 157/157
f 144/144 157/157 171/171
f 196/196 194/194 212/212
f 196/196 212/212 205/205
f 191/191 189/189 187/187
f 200/200 202/202 207/207
f 191/191 187/187 200/200
f 200/200 207/207 191/191
f 147/147 153/153 209/209
f 147/147 209/209 203/203
f 141/141 139/139 195/195
f 141/141 195/195 197/197
f 130/130 143/143 199/199
f 130/130 199/199 186/186
f 155/155 148/148 204/204
f 155/155 204/204 211/211
f 143/143 145/145 201/201
f 143/143 201/201 199/199
f 132/132 129/129 185/185
f 132/132 185/185 188/188
f 137/137 154/154 210/210
f 137/137 210/210 193/193
f 150/150 142/142 198/198
f 150/150 198/198 206/206
f 220/220 224/224 225/225
f 219/219 216/216 214/214
f 219/219 214/214 223/223
f 221/221 127/127 94/94
f 221/221 94/94 218/218
f 3/3 114/114 228/228
f 3/3 228/228 231/231
f 6/6 3/3 231/231
f 6/6 231/231 233/233
f 111/111 6/6 233/233
f 111/111 233/233 235/235
f 114/114 111/111 235/235
f 114/114 235/235 228/228
f 246/246 236/236 260/260
f 246/246 260/260 270/270
f 112/112 1/1 251/251
f 112/112 251/251 248/248
f 109/109 113/113 249/249
f 109/109 249/249 257/257
f 2/2 4/4 254/254
f 2/2 254/254 252/252
f 241/241 238/238 250/250
f 241/241 250/250 253/253
f 244/244 241/241 253/253
f 244/244 253/253 256/256
f 247/247 244/244 256/256
f 247/247 256/256 259/259
f 238/238 247/247 259/259
f 238/238 259/259 250/250
f 265/265 268/268 271/271
f 265/265 271/271 262/262
f 239/239 243/243 267/267
f 239/239 267/267 263/263
f 242/242 245/245 269/269
f 242/242 269/269 266/266
f 237/237 240/240 264/264
f 237/237 264/264 261/261
f 314/314 322/322 302/302
f 314/314 302/302 296/296
f 308/308 365/365 326/326
f 308/308 326/326 359/359
f 356/356 339/339 328/328
f 356/356 328/328 283/283
f 277/277 367/367 300/300
f 277/277 300/300 320/320
f 298/298 305/305 365/365
f 298/298 365/365 308/308
f 274/274 310/310 306/306
f 306/306 363/363 366/366
f 366/366 276/276 274/274
f 306/306 366/366 274/274
f 335/335 341/341 352/352
f 335/335 352/352 350/350
f 331/331 346/346 279/279
f 331/331 279/279 360/360
f 291/291 287/287 329/329
f 291/291 329/329 368/368
f 278/278 345/345 348/348
f 348/348 351/351 354/354
f 354/354 281/281 278/278
f 348/348 354/354 278/278
f 361/361 280/280 282/282
f 282/282 327/327 324/324
f 324/324 357/357 361/361
f 282/282 324/324 361/361
f 284/284 286/286 290/290
f 284/284 290/290 288/288
f 285/285 289/289 309/309
f 285/285 309/309 360/360
f 315/315 272/272 275/275
f 275/275 318/318 321/321
f 321/321 312/312 315/315
f 275/275 321/321 315/315
f 359/359 326/326 344/344
f 359/359 344/344 337/337
f 311/311 294/294 297/297
f 311/311 297/297 307/307
f 293/293 317/317 313/313
f 293/293 313/313 295/295
f 319/319 299/299 303/303
f 319/319 303/303 323/323
f 330/330 340/340 343/343
f 330/330 343/343 325/325
f 347/347 332/332 334/334
f 347/347 334/334 349/349
f 338/338 355/355 353/353
f 338/338 353/353 342/342
f 301/301 369/369 364/364
f 301/301 364/364 304/304
f 333/333 362/362 358/358
f 333/333 358/358 336/336
f 362/362 311/311 307/307
f 362/362 307/307 358/358
f 369/369 330/330 325/325
f 369/369 325/325 364/364
f 309/309 273/273 316/316
f 309/309 316/316 292/292
f 372/372 374/374 379/379
f 372/372 379/379 377/377
f 378/378 381/381 393/393
f 378/378 393/393 390/390
f 389/389 391/391 386/386
f 389/389 386/386 384/384
f 382/382 385/385 373/373
f 382/382 373/373 370/370
f 376/376 388/388 383/383
f 376/376 383/383 371/371
f 392/392 380/380 375/375
f 392/392 375/375 387/387
f 396/396 399/399 405/405
f 396/396 405/405 402/402
f 401/401 403/403 416/416
f 401/401 416/416 414/414
f 412/412 415/415 409/409
f 412/412 409/409 406/406
f 408/408 410/410 397/397
f 408/408 397/397 395/395
f 400/400 413/413 407/407
f 400/400 407/407 394/394
f 417/417 404/404 398/398
f 417/417 398/398 411/411
f 420/420 423/423 429/429
f 420/420 429/429 426/426
f 425/425 427/427 440/440
f 425/425 440/440 438/438
f 436/436 439/439 433/433
f 436/436 433/433 430/430
f 432/432 434/434 421/421
f 432/432 421/421 419/419
f 424/424 437/437 431/431
f 424/424 431/431 418/418
f 441/441 428/428 422/422
f 441/441 422/422 435/435
f 444/444 447/447 453/453
f 444/444 453/453 450/450
f 449/449 451/451 464/464
f 449/449 464/464 462/462
f 460/460 463/463 457/457
f 460/460 457/457 454/454
f 456/456 458/458 445/445
f 456/456 445/445 443/443
f 448/448 461/461 455/455
f 448/448 455/455 442/442
f 465/465 452/452 446/446
f 465/465 446/446 459/459
f 468/468 471/471 477/477
f 468/468 477/477 474/474
f 473/473 475/475 488/488
f 473/473 488/488 486/486
f 484/484 487/487 481/481
f 484/484 481/481 478/478
f 480/480 482/482 469/469
f 480/480 469/469 467/467
f 472/472 485/485 479/479
f 472/472 479/479 466/466
f 489/489 476/476 470/470
f 489/489 470/470 483/483
f 492/492 494/494 499/499
f 492/492 499/499 497/497
f 498/498 501/501 513/513
f 498/498 513/513 510/510
f 509/509 511/511 506/506
f 509/509 506/506 504/504
f 502/502 505/505 493/493
f 502/502 493/493 490/490
f 496/496 508/508 503/503
f 496/496 503/503 491/491
f 512/512 500/500 495/495
f 512/512 495/495 507/507
f 516/516 519/519 525/525
f 516/516 525/525 522/522
f 521/521 523/523 536/536
f 521/521 536/536 534/534
f 532/532 535/535 529/529
f 532/532 529/529 526/526
f 528/528 530/530 517/517
f 528/528 517/517 515/515
f 520/520 533/533 527/527
f 520/520 527/527 514/514
f 537/537 524/524 518/518
f 537/537 518/518 531/531
f 540/540 543/543 549/549
f 540/540 549/549 546/546
f 545/545 547/547 560/560
f 545/545 560/560 558/558
f 556/556 559/559 553/553
f 556/556 553/553 550/550
f 552/552 554/554 541/541
f 552/552 541/541 539/539
f 544/544 557/557 551/551
f 544/544 551/551 538/538
f 561/561 548/548 542/542
f 561/561 542/542 555/555
f 564/564 567/567 573/573
f 564/564 573/573 570/570
f 569/569 571/571 584/584
f 569/569 584/584 582/582
f 580/580 583/583 577/577
f 580/580 577/577 574/574
f 576/576 578/578 565/565
f 576/576 565/565 563/563
f 568/568 581/581 575/575
f 568/568 575/575 562/562
f 585/585 572/572 566/566
f 585/585 566/566 579/579
f 588/588 591/591 597/597
f 588/588 597/597 594/594
f 593/593 595/595 608/608
f 593/593 608/608 606/606
f 604/604 607/607 601/601
f 604/604 601/601 598/598
f 600/600 602/602 589/589
f 600/600 589/589 587/587
f 592/592 605/605 599/599
f 592/592 599/599 586/586
f 609/609 596/596 590/590
f 609/609 590/590 603/603
f 611/611 613/613 620/620
f 611/611 620/620 618/618
f 616/616 619/619 631/631
f 616/616 631/631 628/628
f 630/630 632/632 625/625
f 630/630 625/625 623/623
f 624/624 627/627 615/615
f 624/624 615/615 612/612
f 617/617 629/629 622/622
f 617/617 622/622 610/610
f 633/633 621/621 614/614
f 633/633 614/614 626/626
f 635/635 637/637 644/644
f 635/635 644/644 642/642
f 640/640 643/643 655/655
f 640/640 655/655 652/652
f 654/654 656/656 649/649
f 654/654 649/649 647/647
f 648/648 651/651 639/639
f 648/648 639/639 636/636
f 641/641 653/653 646/646
f 641/641 646/646 634/634
f 657/657 645/645 638/638
f 657/657 638/638 650/650
f 696/696 675/675 768/768
f 696/696 768/768 779/779
f 697/697 781/781 795/795
f 697/697 795/795 863/863
f 739/739 771/771 764/764
f 739/739 764/764 715/715
f 687/687 726/726 702/702
f 702/702 662/662 752/752
f 752/752 803/803 839/839
f 752/752 839/839 892/892
f 788/788 687/687 702/702
f 879/879 797/797 788/788
f 883/883 879/879 788/788
f 702/702 752/752 892/892
f 883/883 788/788 702/702
f 702/702 892/892 883/883
f 878/878 830/830 870/870
f 878/878 870/870 793/793
f 711/711 718/718 760/760
f 711/711 760/760 667/667
f 787/787 696/696 779/779
f 787/787 779/779 682/682
f 684/684 772/772 746/746
f 684/684 746/746 731/731
f 819/819 823/823 910/910
f 819/819 910/910 904/904
f 732/732 740/740 720/720
f 732/732 720/720 704/704
f 677/677 692/692 860/860
f 677/677 860/860 852/852
f 835/835 812/812 902/902
f 835/835 902/902 896/896
f 832/832 871/871 891/891
f 832/832 891/891 912/912
f 818/818 846/846 802/802
f 818/818 802/802 858/858
f 749/749 670/670 847/847
f 749/749 847/847 808/808
f 830/830 818/818 858/858
f 830/830 858/858 870/870
f 900/900 908/908 916/916
f 900/900 916/916 889/889
f 658/658 664/664 668/668
f 672/672 674/674 678/678
f 679/679 685/685 689/689
f 693/693 695/695 699/699
f 701/701 707/707 709/709
f 713/713 717/717 723/723
f 725/725 729/729 735/735
f 737/737 743/743 745/745
f 750/750 754/754 756/756
f 761/761 763/763 765/765
f 769/769 773/773 776/776
f 782/782 784/784 790/790
f 792/792 796/796 799/799
f 801/801 806/806 810/810
f 814/814 817/817 822/822
f 826/826 829/829 834/834
f 838/838 842/842 845/845
f 849/849 853/853 855/855
f 861/861 865/865 867/867
f 874/874 877/877 882/882
f 884/884 886/886 890/890
f 893/893 895/895 897/897
f 901/901 903/903 905/905
f 909/909 911/911 913/913
f 669/669 762/762 767/767
f 669/669 767/767 660/660
f 764/764 771/771 777/777
f 764/764 777/777 766/766
f 775/775 686/686 681/681
f 775/775 681/681 778/778
f 727/727 688/688 683/683
f 727/727 683/683 730/730
f 770/770 738/738 747/747
f 770/770 747/747 774/774
f 741/741 734/734 728/728
f 741/741 728/728 744/744
f 700/700 724/724 733/733
f 700/700 733/733 705/705
f 736/736 712/712 722/722
f 736/736 722/722 742/742
f 716/716 708/708 706/706
f 716/716 706/706 721/721
f 663/663 703/703 710/710
f 663/663 710/710 666/666
f 714/714 763/763 761/761
f 714/714 761/761 719/719
f 758/758 674/674 672/672
f 758/758 672/672 751/751
f 673/673 694/694 692/692
f 673/673 692/692 677/677
f 695/695 786/786 783/783
f 695/695 783/783 699/699
f 755/755 665/665 659/659
f 755/755 659/659 757/757
f 690/690 791/791 785/785
f 690/690 785/785 680/680
f 809/809 850/850 857/857
f 809/809 857/857 800/800
f 854/854 862/862 868/868
f 854/854 868/868 856/856
f 866/866 796/796 792/792
f 866/866 792/792 869/869
f 698/698 864/864 859/859
f 698/698 859/859 691/691
f 848/848 671/671 676/676
f 848/848 676/676 851/851
f 748/748 807/807 804/804
f 748/748 804/804 753/753
f 794/794 780/780 789/789
f 794/794 789/789 798/798
f 844/844 816/816 813/813
f 844/844 813/813 837/837
f 815/815 827/827 825/825
f 815/815 825/825 821/821
f 828/828 876/876 873/873
f 828/828 873/873 833/833
f 841/841 805/805 800/800
f 841/841 800/800 843/843
f 799/799 881/881 875/875
f 799/799 875/875 792/792
f 885/885 894/894 899/899
f 885/885 899/899 888/888
f 896/896 902/902 907/907
f 896/896 907/907 898/898
f 904/904 910/910 914/914
f 904/904 914/914 906/906
f 912/912 891/891 887/887
f 912/912 887/887 915/915
f 820/820 903/903 901/901
f 820/820 901/901 811/811
f 893/893 840/840 836/836
f 893/893 836/836 895/895
f 890/890 872/872 880/880
f 890/890 880/880 884/884
f 831/831 911/911 909/909
f 831/831 909/909 824/824
f 675/675 759/759 661/661
f 675/675 661/661 768/768
f 919/919 922/922 928/928
f 919/919 928/928 925/925
f 940/940 948/948 960/960
f 940/940 960/960 934/934
f 935/935 938/938 932/932
f 935/935 932/932 929/929
f 931/931 933/933 959/959
f 931/931 959/959 954/954
f 952/952 927/927 921/921
f 952/952 921/921 958/958
f 945/945 947/947 939/939
f 945/945 939/939 937/937
f 956/956 957/957 920/920
f 956/956 920/920 918/918
f 961/961 971/971 969/969
f 961/961 969/969 965/965
f 957/957 956/956 954/954
f 957/957 954/954 959/959
f 924/924 926/926 951/951
f 924/924 951/951 943/943
f 941/941 950/950 964/964
f 941/941 964/964 967/967
f 949/949 946/946 972/972
f 949/949 972/972 963/963
f 966/966 952/952 958/958
f 962/962 966/966 958/958
f 962/962 958/958 960/960
f 960/960 948/948 962/962
f 955/955 917/917 923/923
f 923/923 942/942 968/968
f 970/970 944/944 936/936
f 955/955 923/923 968/968
f 970/970 936/936 930/930
f 955/955 968/968 970/970
f 970/970 930/930 953/953
f 970/970 953/953 955/955
f 1149/1149 1014/1014 1159/1159
f 987/987 1097/1097 992/992
f 1019/1019 1110/1110 1118/1118
f 1044/1044 1167/1167 1029/1029
f 1180/1180 1084/1084 1191/1191
f 981/981 975/975 978/978
f 1010/1010 1013/1013 1002/1002
f 1042/1042 1036/1036 1038/1038
f 1085/1085 1077/1077 1089/1089
f 1099/1099 992/992 1097/1097
f 996/996 990/990 994/994
f 1101/1101 1098/1098 1096/1096
f 1105/1105 1107/1107 1117/1117
f 1118/1118 1027/1027 1019/1019
f 1121/1121 1130/1130 1119/1119
f 1130/1130 1128/1128 1119/1119
f 1011/1011 1006/1006 997/997
f 1041/1041 1031/1031 1035/1035
f 1090/1090 1082/1082 1074/1074
f 1012/1012 1159/1159 1014/1014
f 1174/1174 1177/1177 1169/1169
f 1044/1044 1179/1179 1167/1167
f 1087/1087 1191/1191 1084/1084
f 1113/1113 1092/1092 1101/1101
f 974/974 1144/1144 977/977
f 1138/1138 1095/1095 1141/1141
f 1122/1122 1131/1131 1143/1143
f 1143/1143 973/973 1062/1062
f 1143/1143 1062/1062 1122/1122
f 1119/1119 1103/1103 1030/1030
f 1119/1119 1030/1030 1083/1083
f 1113/1113 1101/1101 1000/1000
f 1113/1113 1000/1000 1034/1034
f 995/995 993/993 1100/1100
f 995/995 1100/1100 1102/1102
f 1137/1137 1050/1050 1004/1004
f 1137/1137 1004/1004 1096/1096
f 1101/1101 1096/1096 1004/1004
f 1101/1101 1004/1004 1000/1000
f 1112/1112 1021/1021 995/995
f 1112/1112 995/995 1094/1094
f 1195/1195 1163/1163 1173/1173
f 1173/1173 1150/1150 1161/1161
f 1161/1161 1199/1199 1210/1210
f 1210/1210 1185/1185 1195/1195
f 1195/1195 1173/1173 1161/1161
f 1161/1161 1210/1210 1195/1195
f 1134/1134 1140/1140 1145/1145
f 1102/1102 1094/1094 995/995
f 1059/1059 1027/1027 1108/1108
f 1059/1059 1108/1108 1126/1126
f 1171/1171 1039/1039 1014/1014
f 1171/1171 1014/1014 1149/1149
f 1172/1172 1179/1179 1040/1040
f 1064/1064 1071/1071 1124/1124
f 1091/1091 1075/1075 1189/1189
f 1008/1008 999/999 1154/1154
f 1188/1188 1073/1073 1029/1029
f 1188/1188 1029/1029 1167/1167
f 1045/1045 1057/1057 1205/1205
f 1045/1045 1205/1205 1200/1200
f 1136/1136 1121/1121 1079/1079
f 1136/1136 1079/1079 1054/1054
f 1180/1180 1204/1204 1055/1055
f 1180/1180 1055/1055 1084/1084
f 1054/1054 1050/1050 1137/1137
f 1054/1054 1137/1137 1136/1136
f 1154/1154 999/999 1047/1047
f 1154/1154 1047/1047 1202/1202
f 1034/1034 1030/1030 1103/1103
f 1034/1034 1103/1103 1113/1113
f 1119/1119 1083/1083 1079/1079
f 1119/1119 1079/1079 1121/1121
f 1146/1146 1142/1142 1097/1097
f 1097/1097 987/987 979/979
f 1097/1097 979/979 1146/1146
f 1133/1133 1136/1136 1137/1137
f 1133/1133 1137/1137 1139/1139
f 1116/1116 1109/1109 1115/1115
f 1116/1116 1115/1115 1104/1104
f 989/989 986/986 991/991
f 996/996 988/988 990/990
f 1118/1118 1108/1108 1027/1027
f 1026/1026 1024/1024 1016/1016
f 1026/1026 1016/1016 1018/1018
f 1072/1072 1065/1065 1067/1067
f 1072/1072 1067/1067 1069/1069
f 1121/1121 1125/1125 1130/1130
f 1071/1071 1060/1060 1127/1127
f 1071/1071 1127/1127 1129/1129
f 1053/1053 1058/1058 1046/1046
f 1053/1053 1046/1046 1049/1049
f 1129/1129 1124/1124 1071/1071
f 1069/1069 1061/1061 1072/1072
f 1009/1009 1001/1001 1005/1005
f 1043/1043 1028/1028 1032/1032
f 1088/1088 1076/1076 1080/1080
f 1201/1201 1207/1207 1209/1209
f 1201/1201 1209/1209 1197/1197
f 1158/1158 1155/1155 1162/1162
f 1158/1158 1162/1162 1152/1152
f 1151/1151 1147/1147 1157/1157
f 1012/1012 1156/1156 1159/1159
f 1178/1178 1175/1175 1165/1165
f 1178/1178 1165/1165 1168/1168
f 1044/1044 1040/1040 1179/1179
f 1192/1192 1187/1187 1194/1194
f 1192/1192 1194/1194 1183/1183
f 1184/1184 1182/1182 1193/1193
f 1087/1087 1186/1186 1191/1191
f 996/996 994/994 1020/1020
f 996/996 1020/1020 1017/1017
f 1023/1023 1025/1025 1061/1061
f 1023/1023 1061/1061 1069/1069
f 1066/1066 1063/1063 976/976
f 1066/1066 976/976 982/982
f 988/988 983/983 980/980
f 988/988 980/980 985/985
f 1039/1039 1037/1037 1003/1003
f 1039/1039 1003/1003 1014/1014
f 1093/1093 1114/1114 1111/1111
f 1148/1148 1152/1152 1176/1176
f 1148/1148 1176/1176 1170/1170
f 998/998 1007/1007 1051/1051
f 998/998 1051/1051 1048/1048
f 1203/1203 1198/1198 1160/1160
f 1203/1203 1160/1160 1153/1153
f 1106/1106 1104/1104 1119/1119
f 1106/1106 1119/1119 1128/1128
f 1029/1029 1073/1073 1081/1081
f 1029/1029 1081/1081 1033/1033
f 1166/1166 1164/1164 1196/1196
f 1166/1166 1196/1196 1190/1190
f 1086/1086 1056/1056 1052/1052
f 1086/1086 1052/1052 1078/1078
f 1206/1206 1181/1181 1183/1183
f 1206/1206 1183/1183 1208/1208
f 1135/1135 1132/1132 1123/1123
f 1135/1135 1123/1123 1120/1120
f 984/984 988/988 996/996
f 996/996 1015/1015 1022/1022
f 1022/1022 1070/1070 1068/1068
f 1068/1068 984/984 996/996
f 996/996 1022/1022 1068/1068
f 1240/1240 1245/1245 1259/1259
f 1240/1240 1259/1259 1291/1291
f 1237/1237 1235/1235 1222/1222
f 1237/1237 1222/1222 1214/1214
f 1234/1234 1236/1236 1272/1272
f 1234/1234 1272/1272 1277/1277
f 1232/1232 1230/1230 1246/1246
f 1232/1232 1246/1246 1238/1238
f 1243/1243 1241/1241 1292/1292
f 1243/1243 1292/1292 1284/1284
f 1259/1259 1245/1245 1228/1228
f 1259/1259 1228/1228 1226/1226
f 1282/1282 1279/1279 1275/1275
f 1282/1282 1275/1275 1271/1271
f 1270/1270 1220/1220 1233/1233
f 1270/1270 1233/1233 1276/1276
f 1254/1254 1251/1251 1248/1248
f 1254/1254 1248/1248 1273/1273
f 1267/1267 1262/1262 1265/1265
f 1267/1267 1265/1265 1260/1260
f 1266/1266 1263/1263 1225/1225
f 1266/1266 1225/1225 1223/1223
f 1250/1250 1253/1253 1257/1257
f 1250/1250 1257/1257 1270/1270
f 1256/1256 1252/1252 1255/1255
f 1256/1256 1255/1255 1211/1211
f 1218/1218 1216/1216 1258/1258
f 1218/1218 1258/1258 1212/1212
f 1259/1259 1226/1226 1264/1264
f 1259/1259 1264/1264 1269/1269
f 1288/1288 1285/1285 1268/1268
f 1288/1288 1268/1268 1261/1261
f 1247/1247 1242/1242 1244/1244
f 1247/1247 1244/1244 1239/1239
f 1278/1278 1281/1281 1274/1274
f 1278/1278 1274/1274 1249/1249
f 1270/1270 1276/1276 1280/1280
f 1270/1270 1280/1280 1250/1250
f 1227/1227 1229/1229 1231/1231
f 1227/1227 1231/1231 1224/1224
f 1290/1290 1286/1286 1289/1289
f 1290/1290 1289/1289 1283/1283
f 1287/1287 1291/1291 1259/1259
f 1287/1287 1259/1259 1269/1269
f 1224/1224 1231/1231 1218/1218
f 1224/1224 1218/1218 1212/1212
f 1232/1232 1238/1238 1213/1213
f 1232/1232 1213/1213 1219/1219
f 1236/1236 1243/1243 1284/1284
f 1236/1236 1284/1284 1272/1272
f 1237/1237 1214/1214 1239/1239
f 1237/1237 1239/1239 1244/1244
f 1274/1274 1281/1281 1288/1288
f 1274/1274 1288/1288 1261/1261
f 1271/1271 1283/1283 1289/1289
f 1271/1271 1289/1289 1282/1282
f 1255/1255 1266/1266 1223/1223
f 1255/1255 1223/1223 1211/1211
f 1254/1254 1273/1273 1260/1260
f 1254/1254 1260/1260 1265/1265
f 1215/1215 1220/1220 1270/1270
f 1215/1215 1270/1270 1257/1257
f 1221/1221 1217/1217 1219/1219
f 1221/1221 1219/1219 1213/1213
f 1322/1322 1327/1327 1341/1341
f 1322/1322 1341/1341 1373/1373
f 1319/1319 1317/1317 1304/1304
f 1319/1319 1304/1304 1296/1296
f 1316/1316 1318/1318 1354/1354
f 1316/1316 1354/1354 1359/1359
f 1314/1314 1312/1312 1328/1328
f 1314/1314 1328/1328 1320/1320
f 1325/1325 1323/1323 1374/1374
f 1325/1325 1374/1374 1366/1366
f 1341/1341 1327/1327 1310/1310
f 1341/1341 1310/1310 1308/1308
f 1364/1364 1361/1361 1357/1357
f 1364/1364 1357/1357 1353/1353
f 1352/1352 1302/1302 1315/1315
f 1352/1352 1315/1315 1358/1358
f 1336/1336 1333/1333 1330/1330
f 1336/1336 1330/1330 1355/1355
f 1349/1349 1344/1344 1347/1347
f 1349/1349 1347/1347 1342/1342
f 1348/1348 1345/1345 1307/1307
f 1348/1348 1307/1307 1305/1305
f 1332/1332 1335/1335 1339/1339
f 1332/1332 1339/1339 1352/1352
f 1338/1338 1334/1334 1337/1337
f 1338/1338 1337/1337 1293/1293
f 1300/1300 1298/1298 1340/1340
f 1300/1300 1340/1340 1294/1294
f 1341/1341 1308/1308 1346/1346
f 1341/1341 1346/1346 1351/1351
f 1370/1370 1367/1367 1350/1350
f 1370/1370 1350/1350 1343/1343
f 1329/1329 1324/1324 1326/1326
f 1329/1329 1326/1326 1321/1321
f 1360/1360 1363/1363 1356/1356
f 1360/1360 1356/1356 1331/1331
f 1352/1352 1358/1358 1362/1362
f 1352/1352 1362/1362 1332/1332
f 1309/1309 1311/1311 1313/1313
f 1309/1309 1313/1313 1306/1306
f 1372/1372 1368/1368 1371/1371
f 1372/1372 1371/1371 1365/1365
f 1369/1369 1373/1373 1341/1341
f 1369/1369 1341/1341 1351/1351
f 1306/1306 1313/1313 1300/1300
f 1306/1306 1300/1300 1294/1294
f 1314/1314 1320/1320 1295/1295
f 1314/1314 1295/1295 1301/1301
f 1318/1318 1325/1325 1366/1366
f 1318/1318 1366/1366 1354/1354
f 1319/1319 1296/1296 1321/1321
f 1319/1319 1321/1321 1326/1326
f 1356/1356 1363/1363 1370/1370
f 1356/1356 1370/1370 1343/1343
f 1353/1353 1365/1365 1371/1371
f 1353/1353 1371/1371 1364/1364
f 1337/1337 1348/1348 1305/1305
f 1337/1337 1305/1305 1293/1293
f 1336/1336 1355/1355 1342/1342
f 1336/1336 1342/1342 1347/1347
f 1297/1297 1302/1302 1352/1352
f 1297/1297 1352/1352 1339/1339
f 1303/1303 1299/1299 1301/1301
f 1303/1303 1301/1301 1295/1295
f 1404/1404 1409/1409 1423/1423
f 1404/1404 1423/1423 1455/1455
f 1401/1401 1399/1399 1386/1386
f 1401/1401 1386/1386 1378/1378
f 1398/1398 1400/1400 1436/1436
f 1398/1398 1436/1436 1441/1441
f 1396/1396 1394/1394 1410/1410
f 1396/1396 1410/1410 1402/1402
f 1407/1407 1405/1405 1456/1456
f 1407/1407 1456/1456 1448/1448
f 1423/1423 1409/1409 1392/1392
f 1423/1423 1392/1392 1390/1390
f 1446/1446 1443/1443 1439/1439
f 1446/1446 1439/1439 1435/1435
f 1434/1434 1384/1384 1397/1397
f 1434/1434 1397/1397 1440/1440
f 1418/1418 1415/1415 1412/1412
f 1418/1418 1412/1412 1437/1437
f 1431/1431 1426/1426 1429/1429
f 1431/1431 1429/1429 1424/1424
f 1430/1430 1427/1427 1389/1389
f 1430/1430 1389/1389 1387/1387
f 1414/1414 1417/1417 1421/1421
f 1414/1414 1421/1421 1434/1434
f 1420/1420 1416/1416 1419/1419
f 1420/1420 1419/1419 1375/1375
f 1382/1382 1380/1380 1422/1422
f 1382/1382 1422/1422 1376/1376
f 1423/1423 1390/1390 1428/1428
f 1423/1423 1428/1428 1433/1433
f 1452/1452 1449/1449 1432/1432
f 1452/1452 1432/1432 1425/1425
f 1411/1411 1406/1406 1408/1408
f 1411/1411 1408/1408 1403/1403
f 1442/1442 1445/1445 1438/1438
f 1442/1442 1438/1438 1413/1413
f 1434/1434 1440/1440 1444/1444
f 1434/1434 1444/1444 1414/1414
f 1391/1391 1393/1393 1395/1395
f 1391/1391 1395/1395 1388/1388
f 1454/1454 1450/1450 1453/1453
f 1454/1454 1453/1453 1447/1447
f 1451/1451 1455/1455 1423/1423
f 1451/1451 1423/1423 1433/1433
f 1388/1388 1395/1395 1382/1382
f 1388/1388 1382/1382 1376/1376
f 1396/1396 1402/1402 1377/1377
f 1396/1396 1377/1377 1383/1383
f 1400/1400 1407/1407 1448/1448
f 1400/1400 1448/1448 1436/1436
f 1401/1401 1378/1378 1403/1403
f 1401/1401 1403/1403 1408/1408
f 1438/1438 1445/1445 1452/1452
f 1438/1438 1452/1452 1425/1425
f 1435/1435 1447/1447 1453/1453
f 1435/1435 1453/1453 1446/1446
f 1419/1419 1430/1430 1387/1387
f 1419/1419 1387/1387 1375/1375
f 1418/1418 1437/1437 1424/1424
f 1418/1418 1424/1424 1429/1429
f 1379/1379 1384/1384 1434/1434
f 1379/1379 1434/1434 1421/1421
f 1385/1385 1381/1381 1383/1383
f 1385/1385 1383/1383 1377/1377
f 1486/1486 1491/1491 1505/1505
f 1486/1486 1505/1505 1537/1537
f 1483/1483 1481/1481 1468/1468
f 1483/1483 1468/1468 1460/1460
f 1480/1480 1482/1482 1518/1518
f 1480/1480 1518/1518 1523/1523
f 1478/1478 1476/1476 1492/1492
f 1478/1478 1492/1492 1484/1484
f 1489/1489 1487/1487 1538/1538
f 1489/1489 1538/1538 1530/1530
f 1505/1505 1491/1491 1474/1474
f 1505/1505 1474/1474 1472/1472
f 1528/1528 1525/1525 1521/1521
f 1528/1528 1521/1521 1517/1517
f 1516/1516 1466/1466 1479/1479
f 1516/1516 1479/1479 1522/1522
f 1500/1500 1497/1497 1494/1494
f 1500/1500 1494/1494 1519/1519
f 1513/1513 1508/1508 1511/1511
f 1513/1513 1511/1511 1506/1506
f 1512/1512 1509/1509 1471/1471
f 1512/1512 1471/1471 1469/1469
f 1496/1496 1499/1499 1503/1503
f 1496/1496 1503/1503 1516/1516
f 1502/1502 1498/1498 1501/1501
f 1502/1502 1501/1501 1457/1457
f 1464/1464 1462/1462 1504/1504
f 1464/1464 1504/1504 1458/1458
f 1505/1505 1472/1472 1510/1510
f 1505/1505 1510/1510 1515/1515
f 1534/1534 1531/1531 1514/1514
f 1534/1534 1514/1514 1507/1507
f 1493/1493 1488/1488 1490/1490
f 1493/1493 1490/1490 1485/1485
f 1524/1524 1527/1527 1520/1520
f 1524/1524 1520/1520 1495/1495
f 1516/1516 1522/1522 1526/1526
f 1516/1516 1526/1526 1496/1496
f 1473/1473 1475/1475 1477/1477
f 1473/1473 1477/1477 1470/1470
f 1536/1536 1532/1532 1535/1535
f 1536/1536 1535/1535 1529/1529
f 1533/1533 1537/1537 1505/1505
f 1533/1533 1505/1505 1515/1515
f 1470/1470 1477/1477 1464/1464
f 1470/1470 1464/1464 1458/1458
f 1478/1478 1484/1484 1459/1459
f 1478/1478 1459/1459 1465/1465
f 1482/1482 1489/1489 1530/1530
f 1482/1482 1530/1530 1518/1518
f 1483/1483 1460/1460 1485/1485
f 1483/1483 1485/1485 1490/1490
f 1520/1520 1527/1527 1534/1534
f 1520/1520 1534/1534 1507/1507
f 1517/1517 1529/1529 1535/1535
f 1517/1517 1535/1535 1528/1528
f 1501/1501 1512/1512 1469/1469
f 1501/1501 1469/1469 1457/1457
f 1500/1500 1519/1519 1506/1506
f 1500/1500 1506/1506 1511/1511
f 1461/1461 1466/1466 1516/1516
f 1461/1461 1516/1516 1503/1503
f 1467/1467 1463/1463 1465/1465
f 1467/1467 1465/1465 1459/1459
f 1568/1568 1573/1573 1587/1587
f 1568/1568 1587/1587 1619/1619
f 1565/1565 1563/1563 1550/1550
f 1565/1565 1550/1550 1542/1542
f 1562/1562 1564/1564 1600/1600
f 1562/1562 1600/1600 1605/1605
f 1560/1560 1558/1558 1574/1574
f 1560/1560 1574/1574 1566/1566
f 1571/1571 1569/1569 1620/1620
f 1571/1571 1620/1620 1612/1612
f 1587/1587 1573/1573 1556/1556
f 1587/1587 1556/1556 1554/1554
f 1610/1610 1607/1607 1603/1603
f 1610/1610 1603/1603 1599/1599
f 1598/1598 1548/1548 1561/1561
f 1598/1598 1561/1561 1604/1604
f 1582/1582 1579/1579 1576/1576
f 1582/1582 1576/1576 1601/1601
f 1595/1595 1590/1590 1593/1593
f 1595/1595 1593/1593 1588/1588
f 1594/1594 1591/1591 1553/1553
f 1594/1594 1553/1553 1551/1551
f 1578/1578 1581/1581 1585/1585
f 1578/1578 1585/1585 1598/1598
f 1584/1584 1580/1580 1583/1583
f 1584/1584 1583/1583 1539/1539
f 1546/1546 1544/1544 1586/1586
f 1546/1546 1586/1586 1540/1540
f 1587/1587 1554/1554 1592/1592
f 1587/1587 1592/1592 1597/1597
f 1616/1616 1613/1613 1596/1596
f 1616/1616 1596/1596 1589/1589
f 1575/1575 1570/1570 1572/1572
f 1575/1575 1572/1572 1567/1567
f 1606/1606 1609/1609 1602/1602
f 1606/1606 1602/1602 1577/1577
f 1598/1598 1604/1604 1608/1608
f 1598/1598 1608/1608 1578/1578
f 1555/1555 1557/1557 1559/1559
f 1555/1555 1559/1559 1552/1552
f 1618/1618 1614/1614 1617/1617
f 1618/1618 1617/1617 1611/1611
f 1615/1615 1619/1619 1587/1587
f 1615/1615 1587/1587 1597/1597
f 1552/1552 1559/1559 1546/1546
f 1552/1552 1546/1546 1540/1540
f 1560/1560 1566/1566 1541/1541
f 1560/1560 1541/1541 1547/1547
f 1564/1564 1571/1571 1612/1612
f 1564/1564 1612/1612 1600/1600
f 1565/1565 1542/1542 1567/1567
f 1565/1565 1567/1567 1572/1572
f 1602/1602 1609/1609 1616/1616
f 1602/1602 1616/1616 1589/1589
f 1599/1599 1611/1611 1617/1617
f 1599/1599 1617/1617 1610/1610
f 1583/1583 1594/1594 1551/1551
f 1583/1583 1551/1551 1539/1539
f 1582/1582 1601/1601 1588/1588
f 1582/1582 1588/1588 1593/1593
f 1543/1543 1548/1548 1598/1598
f 1543/1543 1598/1598 1585/1585
f 1549/1549 1545/1545 1547/1547
f 1549/1549 1547/1547 1541/1541
f 1650/1650 1655/1655 1669/1669
f 1650/1650 1669/1669 1701/1701
f 1647/1647 1645/1645 1632/1632
f 1647/1647 1632/1632 1624/1624
f 1644/1644 1646/1646 1682/1682
f 1644/1644 1682/1682 1687/1687
f 1642/1642 1640/1640 1656/1656
f 1642/1642 1656/1656 1648/1648
f 1653/1653 1651/1651 1702/1702
f 1653/1653 1702/1702 1694/1694
f 1669/1669 1655/1655 1638/1638
f 1669/1669 1638/1638 1636/1636
f 1692/1692 1689/1689 1685/1685
f 1692/1692 1685/1685 1681/1681
f 1680/1680 1630/1630 1643/1643
f 1680/1680 1643/1643 1686/1686
f 1664/1664 1661/1661 1658/1658
f 1664/1664 1658/1658 1683/1683
f 1677/1677 1672/1672 1675/1675
f 1677/1677 1675/1675 1670/1670
f 1676/1676 1673/1673 1635/1635
f 1676/1676 1635/1635 1633/1633
f 1660/1660 1663/1663 1667/1667
f 1660/1660 1667/1667 1680/1680
f 1666/1666 1662/1662 1665/1665
f 1666/1666 1665/1665 1621/1621
f 1628/1628 1626/1626 1668/1668
f 1628/1628 1668/1668 1622/1622
f 1669/1669 1636/1636 1674/1674
f 1669/1669 1674/1674 1679/1679
f 1698/1698 1695/1695 1678/1678
f 1698/1698 1678/1678 1671/1671
f 1657/1657 1652/1652 1654/1654
f 1657/1657 1654/1654 1649/1649
f 1688/1688 1691/1691 1684/1684
f 1688/1688 1684/1684 1659/1659
f 1680/1680 1686/1686 1690/1690
f 1680/1680 1690/1690 1660/1660
f 1637/1637 1639/1639 1641/1641
f 1637/1637 1641/1641 1634/1634
f 1700/1700 1696/1696 1699/1699
f 1700/1700 1699/1699 1693/1693
f 1697/1697 1701/1701 1669/1669
f 1697/1697 1669/1669 1679/1679
f 1634/1634 1641/1641 1628/1628
f 1634/1634 1628/1628 1622/1622
f 1642/1642 1648/1648 1623/1623
f 1642/1642 1623/1623 1629/1629
f 1646/1646 1653/1653 1694/1694
f 1646/1646 1694/1694 1682/1682
f 1647/1647 1624/1624 1649/1649
f 1647/1647 1649/1649 1654/1654
f 1684/1684 1691/1691 1698/1698
f 1684/1684 1698/1698 1671/1671
f 1681/1681 1693/1693 1699/1699
f 1681/1681 1699/1699 1692/1692
f 1665/1665 1676/1676 1633/1633
f 1665/1665 1633/1633 1621/1621
f 1664/1664 1683/1683 1670/1670
f 1664/1664 1670/1670 1675/1675
f 1625/1625 1630/1630 1680/1680
f 1625/1625 1680/1680 1667/1667
f 1631/1631 1627/1627 1629/1629
f 1631/1631 1629/1629 1623/1623
f 1732/1732 1737/1737 1751/1751
f 1732/1732 1751/1751 1783/1783
f 1729/1729 1727/1727 1714/1714
f 1729/1729 1714/1714 1706/1706
f 1726/1726 1728/1728 1764/1764
f 1726/1726 1764/1764 1769/1769
f 1724/1724 1722/1722 1738/1738
f 1724/1724 1738/1738 1730/1730
f 1735/1735 1733/1733 1784/1784
f 1735/1735 1784/1784 1776/1776
f 1751/1751 1737/1737 1720/1720
f 1751/1751 1720/1720 1718/1718
f 1774/1774 1771/1771 1767/1767
f 1774/1774 1767/1767 1763/1763
f 1762/1762 1712/1712 1725/1725
f 1762/1762 1725/1725 1768/1768
f 1746/1746 1743/1743 1740/1740
f 1746/1746 1740/1740 1765/1765
f 1759/1759 1754/1754 1757/1757
f 1759/1759 1757/1757 1752/1752
f 1758/1758 1755/1755 1717/1717
f 1758/1758 1717/1717 1715/1715
f 1742/1742 1745/1745 1749/1749
f 1742/1742 1749/1749 1762/1762
f 1748/1748 1744/1744 1747/1747
f 1748/1748 1747/1747 1703/1703
f 1710/1710 1708/1708 1750/1750
f 1710/1710 1750/1750 1704/1704
f 1751/1751 1718/1718 1756/1756
f 1751/1751 1756/1756 1761/1761
f 1780/1780 1777/1777 1760/1760
f 1780/1780 1760/1760 1753/1753
f 1739/1739 1734/1734 1736/1736
f 1739/1739 1736/1736 1731/1731
f 1770/1770 1773/1773 1766/1766
f 1770/1770 1766/1766 1741/1741
f 1762/1762 1768/1768 1772/1772
f 1762/1762 1772/1772 1742/1742
f 1719/1719 1721/1721 1723/1723
f 1719/1719 1723/1723 1716/1716
f 1782/1782 1778/1778 1781/1781
f 1782/1782 1781/1781 1775/1775
f 1779/1779 1783/1783 1751/1751
f 1779/1779 1751/1751 1761/1761
f 1716/1716 1723/1723 1710/1710
f 1716/1716 1710/1710 1704/1704
f 1724/1724 1730/1730 1705/1705
f 1724/1724 1705/1705 1711/1711
f 1728/1728 1735/1735 1776/1776
f 1728/1728 1776/1776 1764/1764
f 1729/1729 1706/1706 1731/1731
f 1729/1729 1731/1731 1736/1736
f 1766/1766 1773/1773 1780/1780
f 1766/1766 1780/1780 1753/1753
f 1763/1763 1775/1775 1781/1781
f 1763/1763 1781/1781 1774/1774
f 1747/1747 1758/1758 1715/1715
f 1747/1747 1715/1715 1703/1703
f 1746/1746 1765/1765 1752/1752
f 1746/1746 1752/1752 1757/1757
f 1707/1707 1712/1712 1762/1762
f 1707/1707 1762/1762 1749/1749
f 1713/1713 1709/1709 1711/1711
f 1713/1713 1711/1711 1705/1705
f 1814/1814 1819/1819 1833/1833
f 1814/1814 1833/1833 1865/1865
f 1811/1811 1809/1809 1796/1796
f 1811/1811 1796/1796 1788/1788
f 1808/1808 1810/1810 1846/1846
f 1808/1808 1846/1846 1851/1851
f 1806/1806 1804/1804 1820/1820
f 1806/1806 1820/1820 1812/1812
f 1817/1817 1815/1815 1866/1866
f 1817/1817 1866/1866 1858/1858
f 1833/1833 1819/1819 1802/1802
f 1833/1833 1802/1802 1800/1800
f 1856/1856 1853/1853 1849/1849
f 1856/1856 1849/1849 1845/1845
f 1844/1844 1794/1794 1807/1807
f 1844/1844 1807/1807 1850/1850
f 1828/1828 1825/1825 1822/1822
f 1828/1828 1822/1822 1847/1847
f 1841/1841 1836/1836 1839/1839
f 1841/1841 1839/1839 1834/1834
f 1840/1840 1837/1837 1799/1799
f 1840/1840 1799/1799 1797/1797
f 1824/1824 1827/1827 1831/1831
f 1824/1824 1831/1831 1844/1844
f 1830/1830 1826/1826 1829/1829
f 1830/1830 1829/1829 1785/1785
f 1792/1792 1790/1790 1832/1832
f 1792/1792 1832/1832 1786/1786
f 1833/1833 1800/1800 1838/1838
f 1833/1833 1838/1838 1843/1843
f 1862/1862 1859/1859 1842/1842
f 1862/1862 1842/1842 1835/1835
f 1821/1821 1816/1816 1818/1818
f 1821/1821 1818/1818 1813/1813
f 1852/1852 1855/1855 1848/1848
f 1852/1852 1848/1848 1823/1823
f 1844/1844 1850/1850 1854/1854
f 1844/1844 1854/1854 1824/1824
f 1801/1801 1803/1803 1805/1805
f 1801/1801 1805/1805 1798/1798
f 1864/1864 1860/1860 1863/1863
f 1864/1864 1863/1863 1857/1857
f 1861/1861 1865/1865 1833/1833
f 1861/1861 1833/1833 1843/1843
f 1798/1798 1805/1805 1792/1792
f 1798/1798 1792/1792 1786/1786
f 1806/1806 1812/1812 1787/1787
f 1806/1806 1787/1787 1793/1793
f 1810/1810 1817/1817 1858/1858
f 1810/1810 1858/1858 1846/1846
f 1811/1811 1788/1788 1813/1813
f 1811/1811 1813/1813 1818/1818
f 1848/1848 1855/1855 1862/1862
f 1848/1848 1862/1862 1835/1835
f 1845/1845 1857/1857 1863/1863
f 1845/1845 1863/1863 1856/1856
f 1829/1829 1840/1840 1797/1797
f 1829/1829 1797/1797 1785/1785
f 1828/1828 1847/1847 1834/1834
f 1828/1828 1834/1834 1839/1839
f 1789/1789 1794/1794 1844/1844
f 1789/1789 1844/1844 1831/1831
f 1795/1795 1791/1791 1793/1793
f 1795/1795 1793/1793 1787/1787
f 1896/1896 1901/1901 1915/1915
f 1896/1896 1915/1915 1947/1947
f 1893/1893 1891/1891 1878/1878
f 1893/1893 1878/1878 1870/1870
f 1890/1890 1892/1892 1928/1928
f 1890/1890 1928/1928 1933/1933
f 1888/1888 1886/1886 1902/1902
f 1888/1888 1902/1902 1894/1894
f 1899/1899 1897/1897 1948/1948
f 1899/1899 1948/1948 1940/1940
f 1915/1915 1901/1901 1884/1884
f 1915/1915 1884/1884 1882/1882
f 1938/1938 1935/1935 1931/1931
f 1938/1938 1931/1931 1927/1927
f 1926/1926 1876/1876 1889/1889
f 1926/1926 1889/1889 1932/1932
f 1910/1910 1907/1907 1904/1904
f 1910/1910 1904/1904 1929/1929
f 1923/1923 1918/1918 1921/1921
f 1923/1923 1921/1921 1916/1916
f 1922/1922 1919/1919 1881/1881
f 1922/1922 1881/1881 1879/1879
f 1906/1906 1909/1909 1913/1913
f 1906/1906 1913/1913 1926/1926
f 1912/1912 1908/1908 1911/1911
f 1912/1912 1911/1911 1867/1867
f 1874/1874 1872/1872 1914/1914
f 1874/1874 1914/1914 1868/1868
f 1915/1915 1882/1882 1920/1920
f 1915/1915 1920/1920 1925/1925
f 1944/1944 1941/1941 1924/1924
f 1944/1944 1924/1924 1917/1917
f 1903/1903 1898/1898 1900/1900
f 1903/1903 1900/1900 1895/1895
f 1934/1934 1937/1937 1930/1930
f 1934/1934 1930/1930 1905/1905
f 1926/1926 1932/1932 1936/1936
f 1926/1926 1936/1936 1906/1906
f 1883/1883 1885/1885 1887/1887
f 1883/1883 1887/1887 1880/1880
f 1946/1946 1942/1942 1945/1945
f 1946/1946 1945/1945 1939/1939
f 1943/1943 1947/1947 1915/1915
f 1943/1943 1915/1915 1925/1925
f 1880/1880 1887/1887 1874/1874
f 1880/1880 1874/1874 1868/1868
f 1888/1888 1894/1894 1869/1869
f 1888/1888 1869/1869 1875/1875
f 1892/1892 1899/1899 1940/1940
f 1892/1892 1940/1940 1928/1928
f 1893/1893 1870/1870 1895/1895
f 1893/1893 1895/1895 1900/1900
f 1930/1930 1937/1937 1944/1944
f 1930/1930 1944/1944 1917/1917
f 1927/1927 1939/1939 1945/1945
f 1927/1927 1945/1945 1938/1938
f 1911/1911 1922/1922 1879/1879
f 1911/1911 1879/1879 1867/1867
f 1910/1910 1929/1929 1916/1916
f 1910/1910 1916/1916 1921/1921
f 1871/1871 1876/1876 1926/1926
f 1871/1871 1926/1926 1913/1913
f 1877/1877 1873/1873 1875/1875
f 1877/1877 1875/1875 1869/1869
f 1986/1986 1991/1991 2007/2007
f 1986/1986 2007/2007 2045/2045
f 1982/1982 1979/1979 1966/1966
f 1982/1982 1966/1966 1954/1954
f 1978/1978 1980/1980 2021/2021
f 1978/1978 2021/2021 2029/2029
f 1976/1976 1974/1974 1992/1992
f 1976/1976 1992/1992 1984/1984
f 1989/1989 1987/1987 2046/2046
f 1989/1989 2046/2046 2038/2038
f 2007/2007 1991/1991 1972/1972
f 2007/2007 1972/1972 1970/1970
f 2036/2036 2031/2031 2027/2027
f 2036/2036 2027/2027 2020/2020
f 2018/2018 1964/1964 1977/1977
f 2018/2018 1977/1977 2028/2028
f 2001/2001 1997/1997 1994/1994
f 2001/2001 1994/1994 2025/2025
f 2015/2015 2010/2010 2013/2013
f 2015/2015 2013/2013 2008/2008
f 2014/2014 2011/2011 1969/1969
f 2014/2014 1969/1969 1967/1967
f 1996/1996 1999/1999 2005/2005
f 1996/1996 2005/2005 2018/2018
f 2004/2004 1998/1998 2003/2003
f 2004/2004 2003/2003 1950/1950
f 1960/1960 1958/1958 2006/2006
f 1960/1960 2006/2006 1951/1951
f 2007/2007 1970/1970 2012/2012
f 2007/2007 2012/2012 2017/2017
f 2042/2042 2039/2039 2016/2016
f 2042/2042 2016/2016 2009/2009
f 1993/1993 1988/1988 1990/1990
f 1993/1993 1990/1990 1985/1985
f 2030/2030 2034/2034 2026/2026
f 2030/2030 2026/2026 1995/1995
f 2018/2018 2028/2028 2032/2032
f 2018/2018 2032/2032 1996/1996
f 1971/1971 1973/1973 1975/1975
f 1971/1971 1975/1975 1968/1968
f 2044/2044 2040/2040 2043/2043
f 2044/2044 2043/2043 2037/2037
f 2041/2041 2045/2045 2007/2007
f 2041/2041 2007/2007 2017/2017
f 1968/1968 1975/1975 1961/1961
f 1968/1968 1961/1961 1952/1952
f 1976/1976 1984/1984 1955/1955
f 1976/1976 1955/1955 1963/1963
f 1981/1981 1989/1989 2038/2038
f 1981/1981 2038/2038 2022/2022
f 1983/1983 1956/1956 1985/1985
f 1983/1983 1985/1985 1990/1990
f 2024/2024 2033/2033 2042/2042
f 2024/2024 2042/2042 2009/2009
f 2019/2019 2037/2037 2043/2043
f 2019/2019 2043/2043 2035/2035
f 2002/2002 2014/2014 1967/1967
f 2002/2002 1967/1967 1949/1949
f 2000/2000 2023/2023 2008/2008
f 2000/2000 2008/2008 2013/2013
f 1957/1957 1964/1964 2018/2018
f 1957/1957 2018/2018 2005/2005
f 1965/1965 1959/1959 1962/1962
f 1965/1965 1962/1962 1953/1953
f 2084/2084 2089/2089 2105/2105
f 2084/2084 2105/2105 2143/2143
f 2080/2080 2077/2077 2064/2064
f 2080/2080 2064/2064 2052/2052
f 2076/2076 2078/2078 2119/2119
f 2076/2076 2119/2119 2127/2127
f 2074/2074 2072/2072 2090/2090
f 2074/2074 2090/2090 2082/2082
f 2087/2087 2085/2085 2144/2144
f 2087/2087 2144/2144 2136/2136
f 2105/2105 2089/2089 2070/2070
f 2105/2105 2070/2070 2068/2068
f 2134/2134 2129/2129 2125/2125
f 2134/2134 2125/2125 2118/2118
f 2116/2116 2062/2062 2075/2075
f 2116/2116 2075/2075 2126/2126
f 2099/2099 2095/2095 2092/2092
f 2099/2099 2092/2092 2123/2123
f 2113/2113 2108/2108 2111/2111
f 2113/2113 2111/2111 2106/2106
f 2112/2112 2109/2109 2067/2067
f 2112/2112 2067/2067 2065/2065
f 2094/2094 2097/2097 2103/2103
f 2094/2094 2103/2103 2116/2116
f 2102/2102 2096/2096 2101/2101
f 2102/2102 2101/2101 2048/2048
f 2058/2058 2056/2056 2104/2104
f 2058/2058 2104/2104 2049/2049
f 2105/2105 2068/2068 2110/2110
f 2105/2105 2110/2110 2115/2115
f 2140/2140 2137/2137 2114/2114
f 2140/2140 2114/2114 2107/2107
f 2091/2091 2086/2086 2088/2088
f 2091/2091 2088/2088 2083/2083
f 2128/2128 2132/2132 2124/2124
f 2128/2128 2124/2124 2093/2093
f 2116/2116 2126/2126 2130/2130
f 2116/2116 2130/2130 2094/2094
f 2069/2069 2071/2071 2073/2073
f 2069/2069 2073/2073 2066/2066
f 2142/2142 2138/2138 2141/2141
f 2142/2142 2141/2141 2135/2135
f 2139/2139 2143/2143 2105/2105
f 2139/2139 2105/2105 2115/2115
f 2066/2066 2073/2073 2059/2059
f 2066/2066 2059/2059 2050/2050
f 2074/2074 2082/2082 2053/2053
f 2074/2074 2053/2053 2061/2061
f 2079/2079 2087/2087 2136/2136
f 2079/2079 2136/2136 2120/2120
f 2081/2081 2054/2054 2083/2083
f 2081/2081 2083/2083 2088/2088
f 2122/2122 2131/2131 2140/2140
f 2122/2122 2140/2140 2107/2107
f 2117/2117 2135/2135 2141/2141
f 2117/2117 2141/2141 2133/2133
f 2100/2100 2112/2112 2065/2065
f 2100/2100 2065/2065 2047/2047
f 2098/2098 2121/2121 2106/2106
f 2098/2098 2106/2106 2111/2111
f 2055/2055 2062/2062 2116/2116
f 2055/2055 2116/2116 2103/2103
f 2063/2063 2057/2057 2060/2060
f 2063/2063 2060/2060 2051/2051
o mesh_1
usemtl house6_1
v 0.2929176 0.1636956 0.3436974
v 0.2929176 0.1636956 0.3436974
v 0.2929176 0.1636956 0.3436974
v 0.2929176 0.3590398 0.3436974
v 0.2929176 0.3590398 0.3436974
v 0.2929176 0.3590398 0.3436974
v 0.3060105 0.1767897 0.3631200
v 0.3060105 0.1767897 0.3631200
v 0.3060105 0.1767897 0.3631200
v 0.3060105 0.1767897 0.3631200
v 0.3060105 0.3459456 0.3631200
v 0.3060105 0.3459456 0.3631200
v 0.3060105 0.3459456 0.3631200
v 0.3060105 0.3459456 0.3631200
v 0.4281908 0.1767897 0.3631200
v 0.4281908 0.1767897 0.3631200
v 0.4281908 0.1767897 0.3631200
v 0.4281908 0.1767897 0.3631200
v 0.4281908 0.3459456 0.3631200
v 0.4281908 0.3459456 0.3631200
v 0.4281908 0.3459456 0.3631200
v 0.4281908 0.3459456 0.3631200
v 0.4412837 0.1636956 0.3436976
v 0.4412837 0.1636956 0.3436976
v 0.4412837 0.1636956 0.3436976
v 0.4412837 0.3590398 0.3436976
v 0.4412837 0.3590398 0.3436976
v 0.4412837 0.3590398 0.3436976
v 0.4412837 0.3590398 0.3631200
v 0.4412837 0.3590398 0.3631200
v 0.4412837 0.3590398 0.3631200
v 0.4412837 0.3590398 0.3631200
v 0.2929176 0.3590398 0.3631200
v 0.2929176 0.3590398 0.3631200
v 0.2929176 0.3590398 0.3631200
v 0.2929176 0.3590398 0.3631200
v 0.2929176 0.1636956 0.3631200
v 0.2929176 0.1636956 0.3631200
v 0.2929176 0.1636956 0.3631200
v 0.2929176 0.1636956 0.3631200
v 0.4412837 0.1636956 0.3631200
v 0.4412837 0.1636956 0.3631200
v 0.4412837 0.1636956 0.3631200
v 0.4412837 0.1636956 0.3631200
v 0.4281908 0.3459456 0.3555843
v 0.4281908 0.3459456 0.3555843
v 0.4281908 0.3459456 0.3555843
v 0.3060105 0.3459456 0.3555843
v 0.3060105 0.3459456 0.3555843
v 0.3060105 0.3459456 0.3555843
v 0.3060105 0.1767897 0.3555843
v 0.3060105 0.1767897 0.3555843
v 0.3060105 0.1767897 0.3555843
v 0.4281908 0.1767897 0.3555843
v 0.4281908 0.1767897 0.3555843
v 0.4281908 0.1767897 0.3555843
vt 0.3276761 0.5760931
vt 0.2913458 0.5781497
vt 0.2913458 0.5324509
vt 0.3276761 0.5324509
vt 0.2477037 0.5324509
vt 0.3162514 0.5760931
vt 0.2477037 0.6332163
vt 0.3141951 0.5781497
vt 0.3276761 0.5875179
vt 0.2913458 0.6103671
vt 0.3141951 0.6332163
vt 0.2913458 0.6332163
vt 0.3027704 0.6217917
vt 0.2477037 0.6103671
vt 0.3256197 0.6217917
vt 0.2913458 0.6217917
vt 0.3141951 0.6217917
vt 0.3484690 0.5875179
vt 0.3256197 0.5781497
vt 0.2934022 0.6332163
vt 0.2477037 0.6217917
vt 0.3027704 0.5781497
vt 0.2477037 0.5781497
vt 0.2913458 0.5760931
vt 0.2477037 0.5989424
vt 0.2477037 0.5760931
vt 0.3162514 0.5324509
vt 0.2913458 0.5989424
vt 0.2477037 0.6124235
vt 0.2934022 0.5781497
vt 0.3256197 0.5324509
vt 0.2913458 0.5895741
vt 0.3370443 0.5324509
vt 0.2913458 0.6238481
vt 0.2934022 0.6217917
vt 0.3256197 0.5760931
vt 0.3370443 0.5760931
vt 0.2913458 0.5875179
vt 0.2477037 0.6238481
vt 0.3048269 0.5781497
vt 0.2477037 0.5875179
vt 0.2913458 0.6124235
vt 0.3048269 0.6217917
vt 0.2477037 0.5895741
vt 0.3162514 0.5781497
vt 0.2934022 0.6238481
vt 0.3141951 0.5324509
vt 0.3141951 0.6238481
vt 0.2934022 0.5324509
vt 0.2477037 0.6009988
vt 0.2934022 0.5760931
vt 0.3276761 0.5781497
vt 0.2913458 0.6009988
vt 0.3162514 0.6217917
vt 0.3141951 0.5760931
vt 0.3484690 0.5781497
f 2153/2153 2162/2162 2200/2200
f 2153/2153 2200/2200 2196/2196
f 2181/2181 2177/2177 2148/2148
f 2181/2181 2148/2148 2145/2145
f 2185/2185 2182/2182 2146/2146
f 2185/2185 2146/2146 2167/2167
f 2180/2180 2175/2175 2171/2171
f 2180/2180 2171/2171 2150/2150
f 2147/2147 2149/2149 2170/2170
f 2147/2147 2170/2170 2168/2168
f 2172/2172 2176/2176 2188/2188
f 2172/2172 2188/2188 2169/2169
f 2157/2157 2166/2166 2174/2174
f 2157/2157 2174/2174 2179/2179
f 2151/2151 2156/2156 2178/2178
f 2151/2151 2178/2178 2183/2183
f 2161/2161 2152/2152 2184/2184
f 2161/2161 2184/2184 2187/2187
f 2165/2165 2160/2160 2186/2186
f 2165/2165 2186/2186 2173/2173
f 2199/2199 2191/2191 2193/2193
f 2199/2199 2193/2193 2195/2195
f 2164/2164 2155/2155 2192/2192
f 2164/2164 2192/2192 2190/2190
f 2159/2159 2163/2163 2189/2189
f 2159/2159 2189/2189 2198/2198
f 2158/2158 2154/2154 2197/2197
f 2158/2158 2197/2197 2194/2194
o mesh_2
usemtl house6_2
v 0.1445516 0.1637170 0.3246468
v 0.1445516 0.1637170 0.3246468
v 0.1445516 0.1637170 0.3246468
v 0.1445516 0.3590612 0.3246468
v 0.1445516 0.3590612 0.3246468
v 0.1445516 0.3590612 0.3246468
v 0.1576445 0.1768112 0.3440694
v 0.1576445 0.1768112 0.3440694
v 0.1576445 0.1768112 0.3440694
v 0.1576445 0.1768112 0.3440694
v 0.1576445 0.3459671 0.3440694
v 0.1576445 0.3459671 0.3440694
v 0.1576445 0.3459671 0.3440694
v 0.1576445 0.3459671 0.3440694
v 0.2798248 0.1768112 0.3440694
v 0.2798248 0.1768112 0.3440694
v 0.2798248 0.1768112 0.3440694
v 0.2798248 0.1768112 0.3440694
v 0.2798248 0.3459671 0.3440694
v 0.2798248 0.3459671 0.3440694
v 0.2798248 0.3459671 0.3440694
v 0.2798248 0.3459671 0.3440694
v 0.2929176 0.1637170 0.3246470
v 0.2929176 0.1637170 0.3246470
v 0.2929176 0.1637170 0.3246470
v 0.2929176 0.3590612 0.3246470
v 0.2929176 0.3590612 0.3246470
v 0.2929176 0.3590612 0.3246470
v 0.2929176 0.3590612 0.3440694
v 0.2929176 0.3590612 0.3440694
v 0.2929176 0.3590612 0.3440694
v 0.2929176 0.3590612 0.3440694
v 0.1445516 0.3590612 0.3440694
v 0.1445516 0.3590612 0.3440694
v 0.1445516 0.3590612 0.3440694
v 0.1445516 0.3590612 0.3440694
v 0.1445516 0.1637170 0.3440694
v 0.1445516 0.1637170 0.3440694
v 0.1445516 0.1637170 0.3440694
v 0.1445516 0.1637170 0.3440694
v 0.2929176 0.1637170 0.3440694
v 0.2929176 0.1637170 0.3440694
v 0.2929176 0.1637170 0.3440694
v 0.2929176 0.1637170 0.3440694
v 0.2798248 0.3459671 0.3365336
v 0.2798248 0.3459671 0.3365336
v 0.2798248 0.3459671 0.3365336
v 0.1576445 0.3459671 0.3365336
v 0.1576445 0.3459671 0.3365336
v 0.1576445 0.3459671 0.3365336
v 0.1576445 0.1768112 0.3365336
v 0.1576445 0.1768112 0.3365336
v 0.1576445 0.1768112 0.3365336
v 0.2798248 0.1768112 0.3365336
v 0.2798248 0.1768112 0.3365336
v 0.2798248 0.1768112 0.3365336
vt 0.3276761 0.5760931
vt 0.2913458 0.5781497
vt 0.2913458 0.5324509
vt 0.3276761 0.5324509
vt 0.2477037 0.5324509
vt 0.3162514 0.5760931
vt 0.2477037 0.6332163
vt 0.3141951 0.5781497
vt 0.3276761 0.5875179
vt 0.2913458 0.6103671
vt 0.3141951 0.6332163
vt 0.2913458 0.6332163
vt 0.3027704 0.6217917
vt 0.2477037 0.6103671
vt 0.3256197 0.6217917
vt 0.2913458 0.6217917
vt 0.3141951 0.6217917
vt 0.3484690 0.5875179
vt 0.3256197 0.5781497
vt 0.2934022 0.6332163
vt 0.2477037 0.6217917
vt 0.3027704 0.5781497
vt 0.2477037 0.5781497
vt 0.2913458 0.5760931
vt 0.2477037 0.5989424
vt 0.2477037 0.5760931
vt 0.3162514 0.5324509
vt 0.2913458 0.5989424
vt 0.2477037 0.6124235
vt 0.2934022 0.5781497
vt 0.3256197 0.5324509
vt 0.2913458 0.5895741
vt 0.3370443 0.5324509
vt 0.2913458 0.6238481
vt 0.2934022 0.6217917
vt 0.3256197 0.5760931
vt 0.3370443 0.5760931
vt 0.2913458 0.5875179
vt 0.2477037 0.6238481
vt 0.3048269 0.5781497
vt 0.2477037 0.5875179
vt 0.2913458 0.6124235
vt 0.3048269 0.6217917
vt 0.2477037 0.5895741
vt 0.3162514 0.5781497
vt 0.2934022 0.6238481
vt 0.3141951 0.5324509
vt 0.3141951 0.6238481
vt 0.2934022 0.5324509
vt 0.2477037 0.6009988
vt 0.2934022 0.5760931
vt 0.3276761 0.5781497
vt 0.2913458 0.6009988
vt 0.3162514 0.6217917
vt 0.3141951 0.5760931
vt 0.3484690 0.5781497
f 2209/2209 2218/2218 2256/2256
f 2209/2209 2256/2256 2252/2252
f 2237/2237 2233/2233 2204/2204
f 2237/2237 2204/2204 2201/2201
f 2241/2241 2238/2238 2202/2202
f 2241/2241 2202/2202 2223/2223
f 2236/2236 2231/2231 2227/2227
f 2236/2236 2227/2227 2206/2206
f 2203/2203 2205/2205 2226/2226
f 2203/2203 2226/2226 2224/2224
f 2228/2228 2232/2232 2244/2244
f 2228/2228 2244/2244 2225/2225
f 2213/2213 2222/2222 2230/2230
f 2213/2213 2230/2230 2235/2235
f 2207/2207 2212/2212 2234/2234
f 2207/2207 2234/2234 2239/2239
f 2217/2217 2208/2208 2240/2240
f 2217/2217 2240/2240 2243/2243
f 2221/2221 2216/2216 2242/2242
f 2221/2221 2242/2242 2229/2229
f 2255/2255 2247/2247 2249/2249
f 2255/2255 2249/2249 2251/2251
f 2220/2220 2211/2211 2248/2248
f 2220/2220 2248/2248 2246/2246
f 2215/2215 2219/2219 2245/2245
f 2215/2215 2245/2245 2254/2254
f 2214/2214 2210/2210 2253/2253
f 2214/2214 2253/2253 2250/2250
o mesh_3
usemtl house6_3
v -0.2782245 0.6388463 0.3436974
v -0.2782245 0.6388463 0.3436974
v -0.2782245 0.6388463 0.3436974
v -0.2782245 0.8341905 0.3436974
v -0.2782245 0.8341905 0.3436974
v -0.2782245 0.8341905 0.3436974
v -0.2651316 0.6519404 0.3631200
v -0.2651316 0.6519404 0.3631200
v -0.2651316 0.6519404 0.3631200
v -0.2651316 0.6519404 0.3631200
v -0.2651316 0.8210963 0.3631200
v -0.2651316 0.8210963 0.3631200
v -0.2651316 0.8210963 0.3631200
v -0.2651316 0.8210963 0.3631200
v -0.1429513 0.6519404 0.3631200
v -0.1429513 0.6519404 0.3631200
v -0.1429513 0.6519404 0.3631200
v -0.1429513 0.6519404 0.3631200
v -0.1429513 0.8210963 0.3631200
v -0.1429513 0.8210963 0.3631200
v -0.1429513 0.8210963 0.3631200
v -0.1429513 0.8210963 0.3631200
v -0.1298584 0.6388463 0.3436976
v -0.1298584 0.6388463 0.3436976
v -0.1298584 0.6388463 0.3436976
v -0.1298584 0.8341905 0.3436976
v -0.1298584 0.8341905 0.3436976
v -0.1298584 0.8341905 0.3436976
v -0.1298584 0.8341905 0.3631200
v -0.1298584 0.8341905 0.3631200
v -0.1298584 0.8341905 0.3631200
v -0.1298584 0.8341905 0.3631200
v -0.2782245 0.8341905 0.3631200
v -0.2782245 0.8341905 0.3631200
v -0.2782245 0.8341905 0.3631200
v -0.2782245 0.8341905 0.3631200
v -0.2782245 0.6388463 0.3631200
v -0.2782245 0.6388463 0.3631200
v -0.2782245 0.6388463 0.3631200
v -0.2782245 0.6388463 0.3631200
v -0.1298584 0.6388463 0.3631200
v -0.1298584 0.6388463 0.3631200
v -0.1298584 0.6388463 0.3631200
v -0.1298584 0.6388463 0.3631200
v -0.1429513 0.8210963 0.3555843
v -0.1429513 0.8210963 0.3555843
v -0.1429513 0.8210963 0.3555843
v -0.2651316 0.8210963 0.3555843
v -0.2651316 0.8210963 0.3555843
v -0.2651316 0.8210963 0.3555843
v -0.2651316 0.6519404 0.3555843
v -0.2651316 0.6519404 0.3555843
v -0.2651316 0.6519404 0.3555843
v -0.1429513 0.6519404 0.3555843
v -0.1429513 0.6519404 0.3555843
v -0.1429513 0.6519404 0.3555843
vt 0.3276761 0.5760931
vt 0.2913458 0.5781497
vt 0.2913458 0.5324509
vt 0.3276761 0.5324509
vt 0.2477037 0.5324509
vt 0.3162514 0.5760931
vt 0.2477037 0.6332163
vt 0.3141951 0.5781497
vt 0.3276761 0.5875179
vt 0.2913458 0.6103671
vt 0.3141951 0.6332163
vt 0.2913458 0.6332163
vt 0.3027704 0.6217917
vt 0.2477037 0.6103671
vt 0.3256197 0.6217917
vt 0.2913458 0.6217917
vt 0.3141951 0.6217917
vt 0.3484690 0.5875179
vt 0.3256197 0.5781497
vt 0.2934022 0.6332163
vt 0.2477037 0.6217917
vt 0.3027704 0.5781497
vt 0.2477037 0.5781497
vt 0.2913458 0.5760931
vt 0.2477037 0.5989424
vt 0.2477037 0.5760931
vt 0.3162514 0.5324509
vt 0.2913458 0.5989424
vt 0.2477037 0.6124235
vt 0.2934022 0.5781497
vt 0.3256197 0.5324509
vt 0.2913458 0.5895741
vt 0.3370443 0.5324509
vt 0.2913458 0.6238481
vt 0.2934022 0.6217917
vt 0.3256197 0.5760931
vt 0.3370443 0.5760931
vt 0.2913458 0.5875179
vt 0.2477037 0.6238481
vt 0.3048269 0.5781497
vt 0.2477037 0.5875179
vt 0.2913458 0.6124235
vt 0.3048269 0.6217917
vt 0.2477037 0.5895741
vt 0.3162514 0.5781497
vt 0.2934022 0.6238481
vt 0.3141951 0.5324509
vt 0.3141951 0.6238481
vt 0.2934022 0.5324509
vt 0.2477037 0.6009988
vt 0.2934022 0.5760931
vt 0.3276761 0.5781497
vt 0.2913458 0.6009988
vt 0.3162514 0.6217917
vt 0.3141951 0.5760931
vt 0.3484690 0.5781497
f 2265/2265 2274/2274 2312/2312
f 2265/2265 2312/2312 2308/2308
f 2293/2293 2289/2289 2260/2260
f 2293/2293 2260/2260 2257/2257
f 2297/2297 2294/2294 2258/2258
f 2297/2297 2258/2258 2279/2279
f 2292/2292 2287/2287 2283/2283
f 2292/2292 2283/2283 2262/2262
f 2259/2259 2261/2261 2282/2282
f 2259/2259 2282/2282 2280/2280
f 2284/2284 2288/2288 2300/2300
f 2284/2284 2300/2300 2281/2281
f 2269/2269 2278/2278 2286/2286
f 2269/2269 2286/2286 2291/2291
f 2263/2263 2268/2268 2290/2290
f 2263/2263 2290/2290 2295/2295
f 2273/2273 2264/2264 2296/2296
f 2273/2273 2296/2296 2299/2299
f 2277/2277 2272/2272 2298/2298
f 2277/2277 2298/2298 2285/2285
f 2311/2311 2303/2303 2305/2305
f 2311/2311 2305/2305 2307/2307
f 2276/2276 2267/2267 2304/2304
f 2276/2276 2304/2304 2302/2302
f 2271/2271 2275/2275 2301/2301
f 2271/2271 2301/2301 2310/2310
f 2270/2270 2266/2266 2309/2309
f 2270/2270 2309/2309 2306/2306
o mesh_4
usemtl house6_4
v -0.4265905 0.6388677 0.3246468
v -0.4265905 0.6388677 0.3246468
v -0.4265905 0.6388677 0.3246468
v -0.4265905 0.8342119 0.3246468
v -0.4265905 0.8342119 0.3246468
v -0.4265905 0.8342119 0.3246468
v -0.4134976 0.6519619 0.3440694
v -0.4134976 0.6519619 0.3440694
v -0.4134976 0.6519619 0.3440694
v -0.4134976 0.6519619 0.3440694
v -0.4134976 0.8211178 0.3440694
v -0.4134976 0.8211178 0.3440694
v -0.4134976 0.8211178 0.3440694
v -0.4134976 0.8211178 0.3440694
v -0.2913174 0.6519619 0.3440694
v -0.2913174 0.6519619 0.3440694
v -0.2913174 0.6519619 0.3440694
v -0.2913174 0.6519619 0.3440694
v -0.2913174 0.8211178 0.3440694
v -0.2913174 0.8211178 0.3440694
v -0.2913174 0.8211178 0.3440694
v -0.2913174 0.8211178 0.3440694
v -0.2782245 0.6388677 0.3246470
v -0.2782245 0.6388677 0.3246470
v -0.2782245 0.6388677 0.3246470
v -0.2782245 0.8342119 0.3246470
v -0.2782245 0.8342119 0.3246470
v -0.2782245 0.8342119 0.3246470
v -0.2782245 0.8342119 0.3440694
v -0.2782245 0.8342119 0.3440694
v -0.2782245 0.8342119 0.3440694
v -0.2782245 0.8342119 0.3440694
v -0.4265905 0.8342119 0.3440694
v -0.4265905 0.8342119 0.3440694
v -0.4265905 0.8342119 0.3440694
v -0.4265905 0.8342119 0.3440694
v -0.4265905 0.6388677 0.3440694
v -0.4265905 0.6388677 0.3440694
v -0.4265905 0.6388677 0.3440694
v -0.4265905 0.6388677 0.3440694
v -0.2782245 0.6388677 0.3440694
v -0.2782245 0.6388677 0.3440694
v -0.2782245 0.6388677 0.3440694
v -0.2782245 0.6388677 0.3440694
v -0.2913174 0.8211178 0.3365336
v -0.2913174 0.8211178 0.3365336
v -0.2913174 0.8211178 0.3365336
v -0.4134976 0.8211178 0.3365336
v -0.4134976 0.8211178 0.3365336
v -0.4134976 0.8211178 0.3365336
v -0.4134976 0.6519619 0.3365336
v -0.4134976 0.6519619 0.3365336
v -0.4134976 0.6519619 0.3365336
v -0.2913174 0.6519619 0.3365336
v -0.2913174 0.6519619 0.3365336
v -0.2913174 0.6519619 0.3365336
vt 0.3276761 0.5760931
vt 0.2913458 0.5781497
vt 0.2913458 0.5324509
vt 0.3276761 0.5324509
vt 0.2477037 0.5324509
vt 0.3162514 0.5760931
vt 0.2477037 0.6332163
vt 0.3141951 0.5781497
vt 0.3276761 0.5875179
vt 0.2913458 0.6103671
vt 0.3141951 0.6332163
vt 0.2913458 0.6332163
vt 0.3027704 0.6217917
vt 0.2477037 0.6103671
vt 0.3256197 0.6217917
vt 0.2913458 0.6217917
vt 0.3141951 0.6217917
vt 0.3484690 0.5875179
vt 0.3256197 0.5781497
vt 0.2934022 0.6332163
vt 0.2477037 0.6217917
vt 0.3027704 0.5781497
vt 0.2477037 0.5781497
vt 0.2913458 0.5760931
vt 0.2477037 0.5989424
vt 0.2477037 0.5760931
vt 0.3162514 0.5324509
vt 0.2913458 0.5989424
vt 0.2477037 0.6124235
vt 0.2934022 0.5781497
vt 0.3256197 0.5324509
vt 0.2913458 0.5895741
vt 0.3370443 0.5324509
vt 0.2913458 0.6238481
vt 0.2934022 0.6217917
vt 0.3256197 0.5760931
vt 0.3370443 0.5760931
vt 0.2913458 0.5875179
vt 0.2477037 0.6238481
vt 0.3048269 0.5781497
vt 0.2477037 0.5875179
vt 0.2913458 0.6124235
vt 0.3048269 0.6217917
vt 0.2477037 0.5895741
vt 0.3162514 0.5781497
vt 0.2934022 0.6238481
vt 0.3141951 0.5324509
vt 0.3141951 0.6238481
vt 0.2934022 0.5324509
vt 0.2477037 0.6009988
vt 0.2934022 0.5760931
vt 0.3276761 0.5781497
vt 0.2913458 0.6009988
vt 0.3162514 0.6217917
vt 0.3141951 0.5760931
vt 0.3484690 0.5781497
f 2321/2321 2330/2330 2368/2368
f 2321/2321 2368/2368 2364/2364
f 2349/2349 2345/2345 2316/2316
f 2349/2349 2316/2316 2313/2313
f 2353/2353 2350/2350 2314/2314
f 2353/2353 2314/2314 2335/2335
f 2348/2348 2343/2343 2339/2339
f 2348/2348 2339/2339 2318/2318
f 2315/2315 2317/2317 2338/2338
f 2315/2315 2338/2338 2336/2336
f 2340/2340 2344/2344 2356/2356
f 2340/2340 2356/2356 2337/2337
f 2325/2325 2334/2334 2342/2342
f 2325/2325 2342/2342 2347/2347
f 2319/2319 2324/2324 2346/2346
f 2319/2319 2346/2346 2351/2351
f 2329/2329 2320/2320 2352/2352
f 2329/2329 2352/2352 2355/2355
f 2333/2333 2328/2328 2354/2354
f 2333/2333 2354/2354 2341/2341
f 2367/2367 2359/2359 2361/2361
f 2367/2367 2361/2361 2363/2363
f 2332/2332 2323/2323 2360/2360
f 2332/2332 2360/2360 2358/2358
f 2327/2327 2331/2331 2357/2357
f 2327/2327 2357/2357 2366/2366
f 2326/2326 2322/2322 2365/2365
f 2326/2326 2365/2365 2362/2362
o mesh_5
usemtl house6_5
v 0.5841071 0.1636956 0.0246251
v 0.5841071 0.1636956 0.0246251
v 0.5841071 0.1636956 0.0246251
v 0.5841071 0.3590398 0.0246251
v 0.5841071 0.3590398 0.0246251
v 0.5841071 0.3590398 0.0246251
v 0.6035297 0.1767897 0.0115323
v 0.6035297 0.1767897 0.0115323
v 0.6035297 0.1767897 0.0115323
v 0.6035297 0.1767897 0.0115323
v 0.6035297 0.3459456 0.0115323
v 0.6035297 0.3459456 0.0115323
v 0.6035297 0.3459456 0.0115323
v 0.6035297 0.3459456 0.0115323
v 0.6035297 0.1767897 -0.1106480
v 0.6035297 0.1767897 -0.1106480
v 0.6035297 0.1767897 -0.1106480
v 0.6035297 0.1767897 -0.1106480
v 0.6035297 0.3459456 -0.1106480
v 0.6035297 0.3459456 -0.1106480
v 0.6035297 0.3459456 -0.1106480
v 0.6035297 0.3459456 -0.1106480
v 0.5841074 0.1636956 -0.1237409
v 0.5841074 0.1636956 -0.1237409
v 0.5841074 0.1636956 -0.1237409
v 0.5841074 0.3590398 -0.1237409
v 0.5841074 0.3590398 -0.1237409
v 0.5841074 0.3590398 -0.1237409
v 0.6035297 0.3590398 -0.1237409
v 0.6035297 0.3590398 -0.1237409
v 0.6035297 0.3590398 -0.1237409
v 0.6035297 0.3590398 -0.1237409
v 0.6035297 0.3590398 0.0246251
v 0.6035297 0.3590398 0.0246251
v 0.6035297 0.3590398 0.0246251
v 0.6035297 0.3590398 0.0246251
v 0.6035297 0.1636956 0.0246251
v 0.6035297 0.1636956 0.0246251
v 0.6035297 0.1636956 0.0246251
v 0.6035297 0.1636956 0.0246251
v 0.6035297 0.1636956 -0.1237409
v 0.6035297 0.1636956 -0.1237409
v 0.6035297 0.1636956 -0.1237409
v 0.6035297 0.1636956 -0.1237409
v 0.5959940 0.3459456 -0.1106480
v 0.5959940 0.3459456 -0.1106480
v 0.5959940 0.3459456 -0.1106480
v 0.5959940 0.3459456 0.0115323
v 0.5959940 0.3459456 0.0115323
v 0.5959940 0.3459456 0.0115323
v 0.5959940 0.1767897 0.0115323
v 0.5959940 0.1767897 0.0115323
v 0.5959940 0.1767897 0.0115323
v 0.5959940 0.1767897 -0.1106480
v 0.5959940 0.1767897 -0.1106480
v 0.5959940 0.1767897 -0.1106480
vt 0.3276761 0.5760931
vt 0.2913458 0.5781497
vt 0.2913458 0.5324509
vt 0.3276761 0.5324509
vt 0.2477037 0.5324509
vt 0.3162514 0.5760931
vt 0.2477037 0.6332163
vt 0.3141951 0.5781497
vt 0.3276761 0.5875179
vt 0.2913458 0.6103671
vt 0.3141951 0.6332163
vt 0.2913458 0.6332163
vt 0.3027704 0.6217917
vt 0.2477037 0.6103671
vt 0.3256197 0.6217917
vt 0.2913458 0.6217917
vt 0.3141951 0.6217917
vt 0.3484690 0.5875179
vt 0.3256197 0.5781497
vt 0.2934022 0.6332163
vt 0.2477037 0.6217917
vt 0.3027704 0.5781497
vt 0.2477037 0.5781497
vt 0.2913458 0.5760931
vt 0.2477037 0.5989424
vt 0.2477037 0.5760931
vt 0.3162514 0.5324509
vt 0.2913458 0.5989424
vt 0.2477037 0.6124235
vt 0.2934022 0.5781497
vt 0.3256197 0.5324509
vt 0.2913458 0.5895741
vt 0.3370443 0.5324509
vt 0.2913458 0.6238481
vt 0.2934022 0.6217917
vt 0.3256197 0.5760931
vt 0.3370443 0.5760931
vt 0.2913458 0.5875179
vt 0.2477037 0.6238481
vt 0.3048269 0.5781497
vt 0.2477037 0.5875179
vt 0.2913458 0.6124235
vt 0.3048269 0.6217917
vt 0.2477037 0.5895741
vt 0.3162514 0.5781497
vt 0.2934022 0.6238481
vt 0.3141951 0.5324509
vt 0.3141951 0.6238481
vt 0.2934022 0.5324509
vt 0.2477037 0.6009988
vt 0.2934022 0.5760931
vt 0.3276761 0.5781497
vt 0.2913458 0.6009988
vt 0.3162514 0.6217917
vt 0.3141951 0.5760931
vt 0.3484690 0.5781497
f 2377/2377 2386/2386 2424/2424
f 2377/2377 2424/2424 2420/2420
f 2405/2405 2401/2401 2372/2372
f 2405/2405 2372/2372 2369/2369
f 2409/2409 2406/2406 2370/2370
f 2409/2409 2370/2370 2391/2391
f 2404/2404 2399/2399 2395/2395
f 2404/2404 2395/2395 2374/2374
f 2371/2371 2373/2373 2394/2394
f 2371/2371 2394/2394 2392/2392
f 2396/2396 2400/2400 2412/2412
f 2396/2396 2412/2412 2393/2393
f 2381/2381 2390/2390 2398/2398
f 2381/2381 2398/2398 2403/2403
f 2375/2375 2380/2380 2402/2402
f 2375/2375 2402/2402 2407/2407
f 2385/2385 2376/2376 2408/2408
f 2385/2385 2408/2408 2411/2411
f 2389/2389 2384/2384 2410/2410
f 2389/2389 2410/2410 2397/2397
f 2423/2423 2415/2415 2417/2417
f 2423/2423 2417/2417 2419/2419
f 2388/2388 2379/2379 2416/2416
f 2388/2388 2416/2416 2414/2414
f 2383/2383 2387/2387 2413/2413
f 2383/2383 2413/2413 2422/2422
f 2382/2382 2378/2378 2421/2421
f 2382/2382 2421/2421 2418/2418
o mesh_6
usemtl house6_6
v 0.5650569 0.1637170 0.1729912
v 0.5650569 0.1637170 0.1729912
v 0.5650569 0.1637170 0.1729912
v 0.5650569 0.3590612 0.1729912
v 0.5650569 0.3590612 0.1729912
v 0.5650569 0.3590612 0.1729912
v 0.5844795 0.1768112 0.1598983
v 0.5844795 0.1768112 0.1598983
v 0.5844795 0.1768112 0.1598983
v 0.5844795 0.1768112 0.1598983
v 0.5844795 0.3459671 0.1598983
v 0.5844795 0.3459671 0.1598983
v 0.5844795 0.3459671 0.1598983
v 0.5844795 0.3459671 0.1598983
v 0.5844795 0.1768112 0.0377180
v 0.5844795 0.1768112 0.0377180
v 0.5844795 0.1768112 0.0377180
v 0.5844795 0.1768112 0.0377180
v 0.5844795 0.3459671 0.0377180
v 0.5844795 0.3459671 0.0377180
v 0.5844795 0.3459671 0.0377180
v 0.5844795 0.3459671 0.0377180
v 0.5650572 0.1637170 0.0246251
v 0.5650572 0.1637170 0.0246251
v 0.5650572 0.1637170 0.0246251
v 0.5650572 0.3590612 0.0246251
v 0.5650572 0.3590612 0.0246251
v 0.5650572 0.3590612 0.0246251
v 0.5844795 0.3590612 0.0246251
v 0.5844795 0.3590612 0.0246251
v 0.5844795 0.3590612 0.0246251
v 0.5844795 0.3590612 0.0246251
v 0.5844795 0.3590612 0.1729912
v 0.5844795 0.3590612 0.1729912
v 0.5844795 0.3590612 0.1729912
v 0.5844795 0.3590612 0.1729912
v 0.5844795 0.1637170 0.1729912
v 0.5844795 0.1637170 0.1729912
v 0.5844795 0.1637170 0.1729912
v 0.5844795 0.1637170 0.1729912
v 0.5844795 0.1637170 0.0246251
v 0.5844795 0.1637170 0.0246251
v 0.5844795 0.1637170 0.0246251
v 0.5844795 0.1637170 0.0246251
v 0.5769438 0.3459671 0.0377180
v 0.5769438 0.3459671 0.0377180
v 0.5769438 0.3459671 0.0377180
v 0.5769438 0.3459671 0.1598983
v 0.5769438 0.3459671 0.1598983
v 0.5769438 0.3459671 0.1598983
v 0.5769438 0.1768112 0.1598983
v 0.5769438 0.1768112 0.1598983
v 0.5769438 0.1768112 0.1598983
v 0.5769438 0.1768112 0.0377180
v 0.5769438 0.1768112 0.0377180
v 0.5769438 0.1768112 0.0377180
vt 0.3276761 0.5760931
vt 0.2913458 0.5781497
vt 0.2913458 0.5324509
vt 0.3276761 0.5324509
vt 0.2477037 0.5324509
vt 0.3162514 0.5760931
vt 0.2477037 0.6332163
vt 0.3141951 0.5781497
vt 0.3276761 0.5875179
vt 0.2913458 0.6103671
vt 0.3141951 0.6332163
vt 0.2913458 0.6332163
vt 0.3027704 0.6217917
vt 0.2477037 0.6103671
vt 0.3256197 0.6217917
vt 0.2913458 0.6217917
vt 0.3141951 0.6217917
vt 0.3484690 0.5875179
vt 0.3256197 0.5781497
vt 0.2934022 0.6332163
vt 0.2477037 0.6217917
vt 0.3027704 0.5781497
vt 0.2477037 0.5781497
vt 0.2913458 0.5760931
vt 0.2477037 0.5989424
vt 0.2477037 0.5760931
vt 0.3162514 0.5324509
vt 0.2913458 0.5989424
vt 0.2477037 0.6124235
vt 0.2934022 0.5781497
vt 0.3256197 0.5324509
vt 0.2913458 0.5895741
vt 0.3370443 0.5324509
vt 0.2913458 0.6238481
vt 0.2934022 0.6217917
vt 0.3256197 0.5760931
vt 0.3370443 0.5760931
vt 0.2913458 0.5875179
vt 0.2477037 0.6238481
vt 0.3048269 0.5781497
vt 0.2477037 0.5875179
vt 0.2913458 0.6124235
vt 0.3048269 0.6217917
vt 0.2477037 0.5895741
vt 0.3162514 0.5781497
vt 0.2934022 0.6238481
vt 0.3141951 0.5324509
vt 0.3141951 0.6238481
vt 0.2934022 0.5324509
vt 0.2477037 0.6009988
vt 0.2934022 0.5760931
vt 0.3276761 0.5781497
vt 0.2913458 0.6009988
vt 0.3162514 0.6217917
vt 0.3141951 0.5760931
vt 0.3484690 0.5781497
f 2433/2433 2442/2442 2480/2480
f 2433/2433 2480/2480 2476/2476
f 2461/2461 2457/2457 2428/2428
f 2461/2461 2428/2428 2425/2425
f 2465/2465 2462/2462 2426/2426
f 2465/2465 2426/2426 2447/2447
f 2460/2460 2455/2455 2451/2451
f 2460/2460 2451/2451 2430/2430
f 2427/2427 2429/2429 2450/2450
f 2427/2427 2450/2450 2448/2448
f 2452/2452 2456/2456 2468/2468
f 2452/2452 2468/2468 2449/2449
f 2437/2437 2446/2446 2454/2454
f 2437/2437 2454/2454 2459/2459
f 2431/2431 2436/2436 2458/2458
f 2431/2431 2458/2458 2463/2463
f 2441/2441 2432/2432 2464/2464
f 2441/2441 2464/2464 2467/2467
f 2445/2445 2440/2440 2466/2466
f 2445/2445 2466/2466 2453/2453
f 2479/2479 2471/2471 2473/2473
f 2479/2479 2473/2473 2475/2475
f 2444/2444 2435/2435 2472/2472
f 2444/2444 2472/2472 2470/2470
f 2439/2439 2443/2443 2469/2469
f 2439/2439 2469/2469 2478/2478
f 2438/2438 2434/2434 2477/2477
f 2438/2438 2477/2477 2474/2474
o mesh_7
usemtl house6_7
v 0.3075876 0.6090423 0.0870367
v 0.3075876 0.6090423 0.0870367
v 0.3075876 0.6090423 0.0870367
v 0.3075876 0.8383973 0.0870367
v 0.3075876 0.8383973 0.0870367
v 0.3075876 0.8383973 0.0870367
v 0.3270102 0.6244162 0.0781060
v 0.3270102 0.6244162 0.0781060
v 0.3270102 0.6244162 0.0781060
v 0.3270102 0.6244162 0.0781060
v 0.3270102 0.8230234 0.0781060
v 0.3270102 0.8230234 0.0781060
v 0.3270102 0.8230234 0.0781060
v 0.3270102 0.8230234 0.0781060
v 0.3270102 0.6244162 -0.0052328
v 0.3270102 0.6244162 -0.0052328
v 0.3270102 0.6244162 -0.0052328
v 0.3270102 0.6244162 -0.0052328
v 0.3270102 0.8230234 -0.0052328
v 0.3270102 0.8230234 -0.0052328
v 0.3270102 0.8230234 -0.0052328
v 0.3270102 0.8230234 -0.0052328
v 0.3075878 0.6090423 -0.0141635
v 0.3075878 0.6090423 -0.0141635
v 0.3075878 0.6090423 -0.0141635
v 0.3075878 0.8383973 -0.0141635
v 0.3075878 0.8383973 -0.0141635
v 0.3075878 0.8383973 -0.0141635
v 0.3270102 0.8383973 -0.0141634
v 0.3270102 0.8383973 -0.0141634
v 0.3270102 0.8383973 -0.0141634
v 0.3270102 0.8383973 -0.0141634
v 0.3270102 0.8383973 0.0870367
v 0.3270102 0.8383973 0.0870367
v 0.3270102 0.8383973 0.0870367
v 0.3270102 0.8383973 0.0870367
v 0.3270102 0.6090423 0.0870367
v 0.3270102 0.6090423 0.0870367
v 0.3270102 0.6090423 0.0870367
v 0.3270102 0.6090423 0.0870367
v 0.3270102 0.6090423 -0.0141634
v 0.3270102 0.6090423 -0.0141634
v 0.3270102 0.6090423 -0.0141634
v 0.3270102 0.6090423 -0.0141634
v 0.3194745 0.8230234 -0.0052328
v 0.3194745 0.8230234 -0.0052328
v 0.3194745 0.8230234 -0.0052328
v 0.3194745 0.8230234 0.0781060
v 0.3194745 0.8230234 0.0781060
v 0.3194745 0.8230234 0.0781060
v 0.3194745 0.6244162 0.0781060
v 0.3194745 0.6244162 0.0781060
v 0.3194745 0.6244162 0.0781060
v 0.3194745 0.6244162 -0.0052328
v 0.3194745 0.6244162 -0.0052328
v 0.3194745 0.6244162 -0.0052328
vt 0.3276761 0.5760931
vt 0.2913458 0.5781497
vt 0.2913458 0.5324509
vt 0.3276761 0.5324509
vt 0.2477037 0.5324509
vt 0.3162514 0.5760931
vt 0.2477037 0.6332163
vt 0.3141951 0.5781497
vt 0.3276761 0.5875179
vt 0.2913458 0.6103671
vt 0.3141951 0.6332163
vt 0.2913458 0.6332163
vt 0.3027704 0.6217917
vt 0.2477037 0.6103671
vt 0.3256197 0.6217917
vt 0.2913458 0.6217917
vt 0.3141951 0.6217917
vt 0.3484690 0.5875179
vt 0.3256197 0.5781497
vt 0.2934022 0.6332163
vt 0.2477037 0.6217917
vt 0.3027704 0.5781497
vt 0.2477037 0.5781497
vt 0.2913458 0.5760931
vt 0.2477037 0.5989424
vt 0.2477037 0.5760931
vt 0.3162514 0.5324509
vt 0.2913458 0.5989424
vt 0.2477037 0.6124235
vt 0.2934022 0.5781497
vt 0.3256197 0.5324509
vt 0.2913458 0.5895741
vt 0.3370443 0.5324509
vt 0.2913458 0.6238481
vt 0.2934022 0.6217917
vt 0.3256197 0.5760931
vt 0.3370443 0.5760931
vt 0.2913458 0.5875179
vt 0.2477037 0.6238481
vt 0.3048269 0.5781497
vt 0.2477037 0.5875179
vt 0.2913458 0.6124235
vt 0.3048269 0.6217917
vt 0.2477037 0.5895741
vt 0.3162514 0.5781497
vt 0.2934022 0.6238481
vt 0.3141951 0.5324509
vt 0.3141951 0.6238481
vt 0.2934022 0.5324509
vt 0.2477037 0.6009988
vt 0.2934022 0.5760931
vt 0.3276761 0.5781497
vt 0.2913458 0.6009988
vt 0.3162514 0.6217917
vt 0.3141951 0.5760931
vt 0.3484690 0.5781497
f 2489/2489 2498/2498 2536/2536
f 2489/2489 2536/2536 2532/2532
f 2517/2517 2513/2513 2484/2484
f 2517/2517 2484/2484 2481/2481
f 2521/2521 2518/2518 2482/2482
f 2521/2521 2482/2482 2503/2503
f 2516/2516 2511/2511 2507/2507
f 2516/2516 2507/2507 2486/2486
f 2483/2483 2485/2485 2506/2506
f 2483/2483 2506/2506 2504/2504
f 2508/2508 2512/2512 2524/2524
f 2508/2508 2524/2524 2505/2505
f 2493/2493 2502/2502 2510/2510
f 2493/2493 2510/2510 2515/2515
f 2487/2487 2492/2492 2514/2514
f 2487/2487 2514/2514 2519/2519
f 2497/2497 2488/2488 2520/2520
f 2497/2497 2520/2520 2523/2523
f 2501/2501 2496/2496 2522/2522
f 2501/2501 2522/2522 2509/2509
f 2535/2535 2527/2527 2529/2529
f 2535/2535 2529/2529 2531/2531
f 2500/2500 2491/2491 2528/2528
f 2500/2500 2528/2528 2526/2526
f 2495/2495 2499/2499 2525/2525
f 2495/2495 2525/2525 2534/2534
f 2494/2494 2490/2490 2533/2533
f 2494/2494 2533/2533 2530/2530
o mesh_8
usemtl house6_8
v 0.3271312 0.6090423 -0.0097371
v 0.3271312 0.6090423 -0.0097371
v 0.3271312 0.6090423 -0.0097371
v 0.3271312 0.8383973 -0.0097371
v 0.3271312 0.8383973 -0.0097371
v 0.3271312 0.8383973 -0.0097371
v 0.3465538 0.6244162 -0.0186677
v 0.3465538 0.6244162 -0.0186677
v 0.3465538 0.6244162 -0.0186677
v 0.3465538 0.6244162 -0.0186677
v 0.3465538 0.8230234 -0.0186677
v 0.3465538 0.8230234 -0.0186677
v 0.3465538 0.8230234 -0.0186677
v 0.3465538 0.8230234 -0.0186677
v 0.3465538 0.6244162 -0.1020066
v 0.3465538 0.6244162 -0.1020066
v 0.3465538 0.6244162 -0.1020066
v 0.3465538 0.6244162 -0.1020066
v 0.3465538 0.8230234 -0.1020066
v 0.3465538 0.8230234 -0.1020066
v 0.3465538 0.8230234 -0.1020066
v 0.3465538 0.8230234 -0.1020066
v 0.3271315 0.6090423 -0.1109372
v 0.3271315 0.6090423 -0.1109372
v 0.3271315 0.6090423 -0.1109372
v 0.3271315 0.8383973 -0.1109372
v 0.3271315 0.8383973 -0.1109372
v 0.3271315 0.8383973 -0.1109372
v 0.3465538 0.8383973 -0.1109372
v 0.3465538 0.8383973 -0.1109372
v 0.3465538 0.8383973 -0.1109372
v 0.3465538 0.8383973 -0.1109372
v 0.3465538 0.8383973 -0.0097371
v 0.3465538 0.8383973 -0.0097371
v 0.3465538 0.8383973 -0.0097371
v 0.3465538 0.8383973 -0.0097371
v 0.3465538 0.6090423 -0.0097371
v 0.3465538 0.6090423 -0.0097371
v 0.3465538 0.6090423 -0.0097371
v 0.3465538 0.6090423 -0.0097371
v 0.3465538 0.6090423 -0.1109372
v 0.3465538 0.6090423 -0.1109372
v 0.3465538 0.6090423 -0.1109372
v 0.3465538 0.6090423 -0.1109372
v 0.3390181 0.8230234 -0.1020066
v 0.3390181 0.8230234 -0.1020066
v 0.3390181 0.8230234 -0.1020066
v 0.3390181 0.8230234 -0.0186677
v 0.3390181 0.8230234 -0.0186677
v 0.3390181 0.8230234 -0.0186677
v 0.3390181 0.6244162 -0.0186677
v 0.3390181 0.6244162 -0.0186677
v 0.3390181 0.6244162 -0.0186677
v 0.3390181 0.6244162 -0.1020066
v 0.3390181 0.6244162 -0.1020066
v 0.3390181 0.6244162 -0.1020066
vt 0.3276761 0.5760931
vt 0.2913458 0.5781497
vt 0.2913458 0.5324509
vt 0.3276761 0.5324509
vt 0.2477037 0.5324509
vt 0.3162514 0.5760931
vt 0.2477037 0.6332163
vt 0.3141951 0.5781497
vt 0.3276761 0.5875179
vt 0.2913458 0.6103671
vt 0.3141951 0.6332163
vt 0.2913458 0.6332163
vt 0.3027704 0.6217917
vt 0.2477037 0.6103671
vt 0.3256197 0.6217917
vt 0.2913458 0.6217917
vt 0.3141951 0.6217917
vt 0.3484690 0.5875179
vt 0.3256197 0.5781497
vt 0.2934022 0.6332163
vt 0.2477037 0.6217917
vt 0.3027704 0.5781497
vt 0.2477037 0.5781497
vt 0.2913458 0.5760931
vt 0.2477037 0.5989424
vt 0.2477037 0.5760931
vt 0.3162514 0.5324509
vt 0.2913458 0.5989424
vt 0.2477037 0.6124235
vt 0.2934022 0.5781497
vt 0.3256197 0.5324509
vt 0.2913458 0.5895741
vt 0.3370443 0.5324509
vt 0.2913458 0.6238481
vt 0.2934022 0.6217917
vt 0.3256197 0.5760931
vt 0.3370443 0.5760931
vt 0.2913458 0.5875179
vt 0.2477037 0.6238481
vt 0.3048269 0.5781497
vt 0.2477037 0.5875179
vt 0.2913458 0.6124235
vt 0.3048269 0.6217917
vt 0.2477037 0.5895741
vt 0.3162514 0.5781497
vt 0.2934022 0.6238481
vt 0.3141951 0.5324509
vt 0.3141951 0.6238481
vt 0.2934022 0.5324509
vt 0.2477037 0.6009988
vt 0.2934022 0.5760931
vt 0.3276761 0.5781497
vt 0.2913458 0.6009988
vt 0.3162514 0.6217917
vt 0.3141951 0.5760931
vt 0.3484690 0.5781497
f 2545/2545 2554/2554 2592/2592
f 2545/2545 2592/2592 2588/2588
f 2573/2573 2569/2569 2540/2540
f 2573/2573 2540/2540 2537/2537
f 2577/2577 2574/2574 2538/2538
f 2577/2577 2538/2538 2559/2559
f 2572/2572 2567/2567 2563/2563
f 2572/2572 2563/2563 2542/2542
f 2539/2539 2541/2541 2562/2562
f 2539/2539 2562/2562 2560/2560
f 2564/2564 2568/2568 2580/2580
f 2564/2564 2580/2580 2561/2561
f 2549/2549 2558/2558 2566/2566
f 2549/2549 2566/2566 2571/2571
f 2543/2543 2548/2548 2570/2570
f 2543/2543 2570/2570 2575/2575
f 2553/2553 2544/2544 2576/2576
f 2553/2553 2576/2576 2579/2579
f 2557/2557 2552/2552 2578/2578
f 2557/2557 2578/2578 2565/2565
f 2591/2591 2583/2583 2585/2585
f 2591/2591 2585/2585 2587/2587
f 2556/2556 2547/2547 2584/2584
f 2556/2556 2584/2584 2582/2582
f 2551/2551 2555/2555 2581/2581
f 2551/2551 2581/2581 2590/2590
f 2550/2550 2546/2546 2589/2589
f 2550/2550 2589/2589 2586/2586
o mesh_9
usemtl house6_9
v 0.3362286 0.8615068 -0.1960730
v 0.3362286 0.8615068 -0.1960730
v 0.3362286 0.8615068 -0.1960730
v 0.3362286 0.8624032 0.1719603
v 0.3362286 0.8624032 0.1719603
v 0.3362286 0.8624032 0.1719603
v 0.0385176 0.8624032 -0.1960731
v 0.0385176 0.8624032 -0.1960731
v 0.0385176 0.8624032 -0.1960731
v 0.0385176 0.8624032 0.1710637
v 0.0385176 0.8624032 0.1710637
v 0.0385176 0.8624032 0.1710637
v 0.3362286 0.9273310 -0.1969694
v 0.3362286 0.9273310 -0.1969694
v 0.3362286 0.9273310 -0.1969694
v 0.3362286 0.9273310 0.1719603
v 0.3362286 0.9273310 0.1719603
v 0.3362286 0.9273310 0.1719603
v 0.0394154 0.9273310 0.1719602
v 0.0394154 0.9273310 0.1719602
v 0.0394154 0.9273310 0.1719602
v 0.0385176 0.9273310 -0.1960731
v 0.0385176 0.9273310 -0.1960731
v 0.0385176 0.9273310 -0.1960731
vt 0.4275656 0.9373093
vt 0.5724835 0.9373093
vt 0.5724835 0.7935526
vt 0.5713220 0.9373093
vt 0.7162399 0.6486347
vt 0.7162399 0.7935526
vt 0.6437810 0.7923909
vt 0.4275656 0.7935526
vt 0.7162399 0.9373093
vt 0.6437810 0.6486347
vt 0.5713220 0.7935526
vt 0.7162399 0.7923909
vt 0.5724835 0.8660117
vt 0.5713220 0.6486347
vt 0.5724835 0.8648502
vt 0.6449426 0.6486347
vt 0.5713220 0.7923909
vt 0.7162399 0.8648502
vt 0.5724835 0.6486347
vt 0.6449426 0.7923909
vt 0.4275656 0.7923909
vt 0.5724835 0.7923909
vt 0.7162399 0.8660117
vt 0.4275656 0.6486347
f 2604/2604 2597/2597 2608/2608
f 2604/2604 2608/2608 2612/2612
f 2594/2594 2601/2601 2615/2615
f 2594/2594 2615/2615 2605/2605
f 2606/2606 2616/2616 2613/2613
f 2606/2606 2613/2613 2609/2609
f 2602/2602 2611/2611 2614/2614
f 2602/2602 2614/2614 2599/2599
f 2607/2607 2610/2610 2598/2598
f 2607/2607 2598/2598 2595/2595
f 2603/2603 2600/2600 2593/2593
f 2603/2603 2593/2593 2596/2596
o mesh_10
usemtl house6_10
v -0.3930849 0.0000104 0.3313652
v -0.3930849 0.0000104 0.3313652
v -0.3930849 0.0000104 0.3313652
v -0.1646781 0.0000104 0.3313652
v -0.1646781 0.0000104 0.3313652
v -0.1646781 0.0000104 0.3313652
v -0.1646781 0.4288858 0.3313652
v -0.1646781 0.4288858 0.3313652
v -0.1646781 0.4288858 0.3313652
v -0.3930849 0.4288858 0.3313652
v -0.3930849 0.4288858 0.3313652
v -0.3930849 0.4288858 0.3313652
v -0.3930849 0.0000104 0.3519685
v -0.3930849 0.0000104 0.3519685
v -0.3930849 0.0000104 0.3519685
v -0.1646781 0.0000104 0.3519685
v -0.1646781 0.0000104 0.3519685
v -0.1646781 0.0000104 0.3519685
v -0.1646781 0.4288858 0.3519685
v -0.1646781 0.4288858 0.3519685
v -0.1646781 0.4288858 0.3519685
v -0.3930849 0.4288858 0.3519685
v -0.3930849 0.4288858 0.3519685
v -0.3930849 0.4288858 0.3519685
vt 0.0212048 0.4412119
vt 0.2312060 0.4412119
vt 0.2412676 0.6310902
vt 0.1153597 0.4412119
vt 0.2211444 0.4412119
vt 0.2412676 0.5369353
vt 0.1153597 0.6180050
vt 0.2211444 0.6180050
vt 0.2412676 0.4412119
vt 0.0212048 0.6180050
vt 0.2312060 0.6180050
vt 0.2412676 0.5353668
vt 0.1169280 0.4412119
vt 0.2227129 0.4412119
vt 0.2327743 0.6310902
vt 0.2110829 0.4412119
vt 0.2126513 0.4412119
vt 0.2327743 0.5369353
vt 0.2110829 0.6180050
vt 0.2126513 0.6180050
vt 0.2327743 0.4412119
vt 0.1169280 0.6180050
vt 0.2227129 0.6180050
vt 0.2327743 0.5353668
f 2621/2621 2624/2624 2636/2636
f 2621/2621 2636/2636 2633/2633
f 2627/2627 2618/2618 2630/2630
f 2627/2627 2630/2630 2639/2639
f 2620/2620 2617/2617 2626/2626
f 2620/2620 2626/2626 2623/2623
f 2628/2628 2640/2640 2637/2637
f 2628/2628 2637/2637 2625/2625
f 2622/2622 2634/2634 2631/2631
f 2622/2622 2631/2631 2619/2619
f 2635/2635 2638/2638 2629/2629
f 2635/2635 2629/2629 2632/2632
o mesh_11
usemtl house6_11
v -0.3556944 0.2285882 0.3519688
v -0.3556944 0.2285882 0.3519688
v -0.3556944 0.2409538 0.3519688
v -0.3556944 0.2409538 0.3519688
v -0.3585253 0.2334139 0.3542355
v -0.3585253 0.2334139 0.3542355
v -0.3585253 0.2334139 0.3542355
v -0.3585253 0.2361281 0.3542355
v -0.3585253 0.2361281 0.3542355
v -0.3585253 0.2361281 0.3542355
v -0.3680588 0.2285882 0.3519688
v -0.3680588 0.2285882 0.3519688
v -0.3680588 0.2409538 0.3519688
v -0.3680588 0.2409538 0.3519688
v -0.3652279 0.2334139 0.3542355
v -0.3652279 0.2334139 0.3542355
v -0.3652279 0.2334139 0.3542355
v -0.3652279 0.2361281 0.3542355
v -0.3652279 0.2361281 0.3542355
v -0.3652279 0.2361281 0.3542355
v -0.3556944 0.2409538 0.3542355
v -0.3556944 0.2409538 0.3542355
v -0.3556944 0.2409538 0.3542355
v -0.3556944 0.2285882 0.3542355
v -0.3556944 0.2285882 0.3542355
v -0.3556944 0.2285882 0.3542355
v -0.3680588 0.2285882 0.3542355
v -0.3680588 0.2285882 0.3542355
v -0.3680588 0.2285882 0.3542355
v -0.3680588 0.2409538 0.3542355
v -0.3680588 0.2409538 0.3542355
v -0.3680588 0.2409538 0.3542355
v -0.3585253 0.2319821 0.3577872
v -0.3585253 0.2319821 0.3577872
v -0.3585253 0.2319821 0.3577872
v -0.3585253 0.2343326 0.3591443
v -0.3585253 0.2343326 0.3591443
v -0.3585253 0.2343326 0.3591443
v -0.3652279 0.2319821 0.3577872
v -0.3652279 0.2319821 0.3577872
v -0.3652279 0.2319821 0.3577872
v -0.3652279 0.2343326 0.3591443
v -0.3652279 0.2343326 0.3591443
v -0.3652279 0.2343326 0.3591443
v -0.3585253 0.2277401 0.3605467
v -0.3585253 0.2277401 0.3605467
v -0.3585253 0.2277401 0.3605467
v -0.3585253 0.2286684 0.3630972
v -0.3585253 0.2286684 0.3630972
v -0.3585253 0.2286684 0.3630972
v -0.3652279 0.2277401 0.3605467
v -0.3652279 0.2277401 0.3605467
v -0.3652279 0.2277401 0.3605467
v -0.3652279 0.2286684 0.3630972
v -0.3652279 0.2286684 0.3630972
v -0.3652279 0.2286684 0.3630972
v -0.3585253 0.2223420 0.3606832
v -0.3585253 0.2223420 0.3606832
v -0.3585253 0.2223420 0.3633973
v -0.3585253 0.2223420 0.3633973
v -0.3652279 0.2223420 0.3606832
v -0.3652279 0.2223420 0.3606832
v -0.3652279 0.2223420 0.3633973
v -0.3652279 0.2223420 0.3633973
v -0.3556944 0.1427786 0.3519688
v -0.3556944 0.1427786 0.3519688
v -0.3556944 0.1304130 0.3519688
v -0.3556944 0.1304130 0.3519688
v -0.3585253 0.1379529 0.3542355
v -0.3585253 0.1379529 0.3542355
v -0.3585253 0.1379529 0.3542355
v -0.3585253 0.1352387 0.3542355
v -0.3585253 0.1352387 0.3542355
v -0.3585253 0.1352387 0.3542355
v -0.3680588 0.1427786 0.3519688
v -0.3680588 0.1427786 0.3519688
v -0.3680588 0.1304130 0.3519688
v -0.3680588 0.1304130 0.3519688
v -0.3652279 0.1379529 0.3542355
v -0.3652279 0.1379529 0.3542355
v -0.3652279 0.1379529 0.3542355
v -0.3652279 0.1352387 0.3542355
v -0.3652279 0.1352387 0.3542355
v -0.3652279 0.1352387 0.3542355
v -0.3556944 0.1304130 0.3542355
v -0.3556944 0.1304130 0.3542355
v -0.3556944 0.1304130 0.3542355
v -0.3556944 0.1427786 0.3542355
v -0.3556944 0.1427786 0.3542355
v -0.3556944 0.1427786 0.3542355
v -0.3680588 0.1427786 0.3542355
v -0.3680588 0.1427786 0.3542355
v -0.3680588 0.1427786 0.3542355
v -0.3680588 0.1304130 0.3542355
v -0.3680588 0.1304130 0.3542355
v -0.3680588 0.1304130 0.3542355
v -0.3585253 0.1393847 0.3577872
v -0.3585253 0.1393847 0.3577872
v -0.3585253 0.1393847 0.3577872
v -0.3585253 0.1370342 0.3591443
v -0.3585253 0.1370342 0.3591443
v -0.3585253 0.1370342 0.3591443
v -0.3652279 0.1393847 0.3577872
v -0.3652279 0.1393847 0.3577872
v -0.3652279 0.1393847 0.3577872
v -0.3652279 0.1370342 0.3591443
v -0.3652279 0.1370342 0.3591443
v -0.3652279 0.1370342 0.3591443
v -0.3585253 0.1436267 0.3605467
v -0.3585253 0.1436267 0.3605467
v -0.3585253 0.1436267 0.3605467
v -0.3585253 0.1426984 0.3630972
v -0.3585253 0.1426984 0.3630972
v -0.3585253 0.1426984 0.3630972
v -0.3652279 0.1436267 0.3605467
v -0.3652279 0.1436267 0.3605467
v -0.3652279 0.1436267 0.3605467
v -0.3652279 0.1426984 0.3630972
v -0.3652279 0.1426984 0.3630972
v -0.3652279 0.1426984 0.3630972
v -0.3585253 0.1490248 0.3606832
v -0.3585253 0.1490248 0.3606832
v -0.3585253 0.1490248 0.3633973
v -0.3585253 0.1490248 0.3633973
v -0.3652279 0.1490248 0.3606832
v -0.3652279 0.1490248 0.3606832
v -0.3652279 0.1490248 0.3633973
v -0.3652279 0.1490248 0.3633973
vt 0.3402462 0.3839086
vt 0.3885796 0.1933346
vt 0.2320014 0.4032422
vt 0.3885796 0.1905740
vt 0.3472068 0.3827560
vt 0.2032897 0.4073420
vt 0.3870405 0.3212506
vt 0.2032897 0.4067360
vt 0.2682517 0.1217543
vt 0.3870405 0.3206446
vt 0.3335021 0.3866692
vt 0.3402462 0.3866690
vt 0.3335021 0.3839085
vt 0.2320014 0.4060026
vt 0.1788344 0.3840843
vt 0.3472068 0.3842524
vt 0.2047859 0.4073420
vt 0.1788344 0.3834783
vt 0.2047859 0.4067360
vt 0.2682517 0.1232508
vt 0.2026576 0.4056586
vt 0.2314952 0.4032422
vt 0.3890858 0.1905740
vt 0.3407522 0.3839086
vt 0.2026576 0.4084193
vt 0.3890858 0.1933346
vt 0.3329959 0.3866692
vt 0.3407522 0.3866690
vt 0.2054180 0.4084193
vt 0.3329959 0.3839085
vt 0.2054180 0.4056586
vt 0.2314952 0.4060026
vt 0.3480022 0.3827560
vt 0.3890858 0.3514960
vt 0.3878334 0.3215702
vt 0.1870048 0.3842800
vt 0.2671591 0.1217543
vt 0.3881361 0.3210454
vt 0.1780416 0.3844039
vt 0.3480022 0.3842524
vt 0.3875895 0.3514960
vt 0.1777384 0.3838792
vt 0.1885013 0.3842800
vt 0.2671591 0.1232508
vt 0.3890858 0.3524431
vt 0.3890858 0.3524431
vt 0.3884496 0.3225173
vt 0.1870048 0.3855447
vt 0.1870048 0.3855447
vt 0.3890190 0.3223100
vt 0.1774254 0.3853510
vt 0.3875895 0.3524431
vt 0.3875895 0.3524431
vt 0.1768560 0.3851438
vt 0.1885013 0.3855447
vt 0.1885013 0.3855447
vt 0.3890858 0.3536483
vt 0.3884799 0.3237224
vt 0.1870048 0.3869570
vt 0.3890858 0.3237224
vt 0.1773947 0.3865561
vt 0.3875895 0.3536483
vt 0.1767888 0.3865561
vt 0.1885013 0.3869570
vt 0.3890858 0.2147409
vt 0.3257460 0.3839083
vt 0.3885800 0.2268243
vt 0.3257460 0.3866690
vt 0.3072068 0.3849856
vt 0.2271682 0.1217543
vt 0.3870405 0.3425629
vt 0.3275758 0.1217543
vt 0.3072068 0.3855917
vt 0.3870405 0.3431689
vt 0.3890858 0.2026572
vt 0.3890858 0.2175014
vt 0.3890858 0.2054181
vt 0.3885800 0.2295848
vt 0.1788344 0.4053966
vt 0.3087034 0.3849856
vt 0.2271682 0.1232507
vt 0.1788344 0.4060025
vt 0.3275758 0.1232507
vt 0.3087034 0.3855917
vt 0.3890859 0.2268243
vt 0.3065752 0.3866690
vt 0.3262520 0.3866690
vt 0.3065752 0.3839083
vt 0.3885798 0.2147409
vt 0.3262520 0.3839083
vt 0.3885799 0.2026572
vt 0.3093354 0.3839083
vt 0.3885798 0.2175014
vt 0.3885799 0.2054181
vt 0.3890859 0.2295848
vt 0.3093354 0.3866690
vt 0.3890858 0.3721690
vt 0.2263725 0.1217543
vt 0.3878334 0.3422432
vt 0.3286687 0.1217543
vt 0.1870048 0.4060026
vt 0.3881361 0.3427680
vt 0.1780416 0.4050769
vt 0.3875895 0.3721690
vt 0.2263725 0.1232507
vt 0.1777384 0.4056017
vt 0.3286687 0.1232507
vt 0.1885013 0.4060026
vt 0.3890858 0.3712219
vt 0.3890858 0.3712219
vt 0.3884496 0.3412961
vt 0.1870048 0.4047379
vt 0.1870048 0.4047379
vt 0.3890190 0.3415034
vt 0.1774254 0.4041299
vt 0.3875895 0.3712219
vt 0.3875895 0.3712219
vt 0.1768560 0.4043370
vt 0.1885013 0.4047379
vt 0.1885013 0.4047379
vt 0.3890858 0.3700168
vt 0.3884799 0.3400910
vt 0.1870048 0.4033256
vt 0.3890858 0.3400910
vt 0.1773947 0.4029247
vt 0.3875895 0.3700168
vt 0.1767888 0.4029247
vt 0.1885013 0.4033256
f 2642/2642 2644/2644 2663/2663
f 2642/2642 2663/2663 2666/2666
f 2658/2658 2655/2655 2679/2679
f 2658/2658 2679/2679 2682/2682
f 2667/2667 2670/2670 2653/2653
f 2667/2667 2653/2653 2651/2651
f 2664/2664 2668/2668 2652/2652
f 2664/2664 2652/2652 2641/2641
f 2672/2672 2662/2662 2643/2643
f 2672/2672 2643/2643 2654/2654
f 2648/2648 2646/2646 2665/2665
f 2648/2648 2665/2665 2661/2661
f 2646/2646 2657/2657 2669/2669
f 2646/2646 2669/2669 2665/2665
f 2659/2659 2648/2648 2661/2661
f 2659/2659 2661/2661 2671/2671
f 2657/2657 2659/2659 2671/2671
f 2657/2657 2671/2671 2669/2669
f 2645/2645 2673/2673 2680/2680
f 2645/2645 2680/2680 2656/2656
f 2660/2660 2684/2684 2677/2677
f 2660/2660 2677/2677 2649/2649
f 2674/2674 2685/2685 2692/2692
f 2674/2674 2692/2692 2681/2681
f 2683/2683 2696/2696 2689/2689
f 2683/2683 2689/2689 2676/2676
f 2679/2679 2691/2691 2694/2694
f 2679/2679 2694/2694 2682/2682
f 2690/2690 2700/2700 2698/2698
f 2690/2690 2698/2698 2687/2687
f 2695/2695 2704/2704 2699/2699
f 2695/2695 2699/2699 2688/2688
f 2691/2691 2701/2701 2703/2703
f 2691/2691 2703/2703 2694/2694
f 2693/2693 2686/2686 2697/2697
f 2693/2693 2697/2697 2702/2702
f 2704/2704 2768/2768 2763/2763
f 2704/2704 2763/2763 2699/2699
f 2701/2701 2765/2765 2767/2767
f 2701/2701 2767/2767 2703/2703
f 2697/2697 2761/2761 2766/2766
f 2697/2697 2766/2766 2702/2702
f 2650/2650 2678/2678 2675/2675
f 2650/2650 2675/2675 2647/2647
f 2678/2678 2690/2690 2687/2687
f 2678/2678 2687/2687 2675/2675
f 2706/2706 2730/2730 2727/2727
f 2706/2706 2727/2727 2708/2708
f 2722/2722 2746/2746 2743/2743
f 2722/2722 2743/2743 2719/2719
f 2731/2731 2715/2715 2717/2717
f 2731/2731 2717/2717 2734/2734
f 2729/2729 2705/2705 2716/2716
f 2729/2729 2716/2716 2733/2733
f 2735/2735 2718/2718 2707/2707
f 2735/2735 2707/2707 2725/2725
f 2713/2713 2726/2726 2728/2728
f 2713/2713 2728/2728 2709/2709
f 2709/2709 2728/2728 2732/2732
f 2709/2709 2732/2732 2720/2720
f 2724/2724 2736/2736 2726/2726
f 2724/2724 2726/2726 2713/2713
f 2720/2720 2732/2732 2736/2736
f 2720/2720 2736/2736 2724/2724
f 2710/2710 2721/2721 2745/2745
f 2710/2710 2745/2745 2738/2738
f 2723/2723 2712/2712 2740/2740
f 2723/2723 2740/2740 2747/2747
f 2737/2737 2744/2744 2757/2757
f 2737/2737 2757/2757 2750/2750
f 2748/2748 2741/2741 2752/2752
f 2748/2748 2752/2752 2759/2759
f 2743/2743 2746/2746 2758/2758
f 2743/2743 2758/2758 2755/2755
f 2754/2754 2751/2751 2762/2762
f 2754/2754 2762/2762 2764/2764
f 2760/2760 2753/2753 2763/2763
f 2760/2760 2763/2763 2768/2768
f 2755/2755 2758/2758 2767/2767
f 2755/2755 2767/2767 2765/2765
f 2756/2756 2766/2766 2761/2761
f 2756/2756 2761/2761 2749/2749
f 2714/2714 2711/2711 2739/2739
f 2714/2714 2739/2739 2742/2742
f 2742/2742 2739/2739 2751/2751
f 2742/2742 2751/2751 2754/2754
f 2700/2700 2764/2764 2762/2762
f 2700/2700 2762/2762 2698/2698
o mesh_12
usemtl house6_12
v 0.2762775 0.5904710 0.3769636
v 0.2762775 0.5904710 0.3769636
v 0.2762775 0.5904710 0.3769636
v 0.0070170 0.9703846 0.3769634
v 0.0070170 0.9703846 0.3769634
v 0.0070170 0.9703846 0.3769634
v 0.0070170 0.9703846 0.3769634
v 0.0070170 0.9703846 -0.3770288
v 0.0070170 0.9703846 -0.3770288
v 0.0070170 0.9703846 -0.3770288
v 0.0070170 0.9703846 -0.3770288
v 0.2762775 0.5904710 -0.3770288
v 0.2762775 0.5904710 -0.3770288
v 0.2762775 0.5904710 -0.3770288
v -0.4388802 0.9703846 0.3769634
v -0.4388802 0.9703846 0.3769634
v -0.4388802 0.9703846 0.3769634
v -0.4388802 0.9703846 0.3769634
v -0.5647839 0.8444806 0.3769634
v -0.5647839 0.8444806 0.3769634
v -0.5647839 0.8444806 0.3769634
v -0.5647839 0.8444806 0.3769634
v -0.4388802 0.9703846 -0.3770289
v -0.4388802 0.9703846 -0.3770289
v -0.4388802 0.9703846 -0.3770289
v -0.4388802 0.9703846 -0.3770289
v -0.5647839 0.8444806 -0.3770289
v -0.5647839 0.8444806 -0.3770289
v -0.5647839 0.8444806 -0.3770289
v -0.5647839 0.8444806 -0.3770289
v 0.2792690 0.6200864 0.3769636
v 0.2792690 0.6200864 0.3769636
v 0.2792690 0.6200864 0.3769636
v 0.0100085 1.0000000 0.3769634
v 0.0100085 1.0000000 0.3769634
v 0.0100085 1.0000000 0.3769634
v 0.0100085 1.0000000 0.3769634
v 0.0100085 1.0000000 -0.3770288
v 0.0100085 1.0000000 -0.3770288
v 0.0100085 1.0000000 -0.3770288
v 0.0100085 1.0000000 -0.3770288
v 0.2792708 0.6200864 -0.3770288
v 0.2792708 0.6200864 -0.3770288
v 0.2792708 0.6200864 -0.3770288
v -0.4358869 1.0000000 0.3769634
v -0.4358869 1.0000000 0.3769634
v -0.4358869 1.0000000 0.3769634
v -0.4358869 1.0000000 0.3769634
v -0.5647839 0.8740960 0.3769634
v -0.5647839 0.8740960 0.3769634
v -0.5647839 0.8740960 0.3769634
v -0.5647839 0.8740960 0.3769634
v -0.4358869 1.0000000 -0.3770289
v -0.4358869 1.0000000 -0.3770289
v -0.4358869 1.0000000 -0.3770289
v -0.4358869 1.0000000 -0.3770289
v -0.5647839 0.8740960 -0.3770289
v -0.5647839 0.8740960 -0.3770289
v -0.5647839 0.8740960 -0.3770289
v -0.5647839 0.8740960 -0.3770289
v -0.6038703 0.8444803 0.3769634
v -0.6038703 0.8444803 0.3769634
v -0.6038703 0.8444803 0.3769634
v -0.6038703 0.8740957 0.3769634
v -0.6038703 0.8740957 0.3769634
v -0.6038703 0.8740957 0.3769634
v -0.6038703 0.8740957 -0.3770289
v -0.6038703 0.8740957 -0.3770289
v -0.6038703 0.8740957 -0.3770289
v -0.6038703 0.8444803 -0.3770289
v -0.6038703 0.8444803 -0.3770289
v -0.6038703 0.8444803 -0.3770289
vt 0.2144099 0.6476439
vt 0.2407663 0.8640318
vt 0.3043325 0.8640318
vt 0.2144099 0.7127357
vt 0.2144099 0.7127357
vt 0.2407663 0.9860505
vt 0.2707405 0.8640318
vt 0.3966832 0.7127355
vt 0.3966832 0.7127355
vt 0.0925023 0.8647557
vt 0.1601037 0.9714681
vt 0.3966832 0.6476439
vt 0.0925023 0.9714681
vt 0.3043325 0.9860505
vt 0.2144099 0.8205288
vt 0.2707405 0.9860505
vt 0.3007146 0.8640318
vt 0.2144099 0.8205288
vt 0.2144099 0.8509652
vt 0.1900779 0.8647557
vt 0.3007146 0.9860505
vt 0.2144099 0.8509652
vt 0.3966832 0.8205288
vt 0.0587017 0.9714681
vt 0.1601037 0.8647557
vt 0.3966832 0.8205288
vt 0.3966832 0.8509652
vt 0.0587017 0.8647557
vt 0.1637215 0.8985563
vt 0.3966832 0.8509652
vt 0.2144099 0.8640318
vt 0.0285188 0.6476442
vt 0.3306888 0.8640318
vt 0.2144099 0.9860505
vt 0.2443841 0.8640318
vt 0.0285188 0.7127364
vt 0.0285188 0.7127364
vt 0.0623195 0.8647557
vt 0.1299209 0.9714681
vt 0.2107921 0.7127364
vt 0.2107921 0.7127364
vt 0.0623195 0.9714681
vt 0.2107921 0.6476439
vt 0.3306888 0.9860505
vt 0.0285188 0.8205288
vt 0.2443841 0.9860505
vt 0.2743583 0.8640318
vt 0.0285188 0.8205288
vt 0.0285188 0.8516889
vt 0.1637215 0.8647557
vt 0.2743583 0.9860505
vt 0.0285188 0.8516889
vt 0.2107921 0.8205288
vt 0.0285188 0.9714681
vt 0.1299209 0.8647557
vt 0.2107921 0.8205288
vt 0.2107921 0.8516889
vt 0.0285188 0.8647557
vt 0.1900779 0.8985563
vt 0.2107921 0.8516889
vt 0.0961202 0.9714681
vt 0.2144099 0.8604140
vt 0.1900779 0.8949385
vt 0.1263031 0.9714681
vt 0.1637215 0.8949385
vt 0.0285188 0.8611376
vt 0.1263031 0.8647557
vt 0.1900779 0.9287391
vt 0.2107921 0.8611376
vt 0.0961202 0.8647557
vt 0.3966832 0.8604140
vt 0.1637215 0.9287391
f 2788/2788 2818/2818 2833/2833
f 2788/2788 2833/2833 2831/2831
f 2784/2784 2775/2775 2803/2803
f 2784/2784 2803/2803 2814/2814
f 2792/2792 2796/2796 2826/2826
f 2792/2792 2826/2826 2822/2822
f 2789/2789 2785/2785 2815/2815
f 2789/2789 2815/2815 2819/2819
f 2781/2781 2778/2778 2806/2806
f 2781/2781 2806/2806 2810/2810
f 2774/2774 2770/2770 2799/2799
f 2774/2774 2799/2799 2802/2802
f 2779/2779 2793/2793 2823/2823
f 2779/2779 2823/2823 2807/2807
f 2827/2827 2797/2797 2840/2840
f 2827/2827 2840/2840 2836/2836
f 2801/2801 2771/2771 2782/2782
f 2801/2801 2782/2782 2812/2812
f 2832/2832 2835/2835 2838/2838
f 2832/2832 2838/2838 2829/2829
f 2828/2828 2837/2837 2834/2834
f 2828/2828 2834/2834 2820/2820
f 2787/2787 2830/2830 2839/2839
f 2787/2787 2839/2839 2795/2795
f 2825/2825 2817/2817 2813/2813
f 2825/2825 2813/2813 2821/2821
f 2800/2800 2811/2811 2809/2809
f 2800/2800 2809/2809 2805/2805
f 2777/2777 2773/2773 2783/2783
f 2777/2777 2783/2783 2791/2791
f 2794/2794 2786/2786 2790/2790
f 2794/2794 2790/2790 2798/2798
f 2780/2780 2769/2769 2772/2772
f 2780/2780 2772/2772 2776/2776
f 2816/2816 2804/2804 2808/2808
f 2816/2816 2808/2808 2824/2824